400
0.0098767089068593789 0.0034720726050005324 0.83748675702730324 0.13556151526114882 -0.018141706436397051 -3.2937935233623481 -5.1385331170748074 1.4417342668231206 9.5375092285607757 0.29743254986564616 0.14458046520599765 0.026967229055535794 0.75265766159568337 0.024098278615819882 0.15629407730619163 -13.187215034497616 -15.746177385904257 0.039207592480803077 -80.181262103495953 0.07531224820063348 0.026242499440590265 -0.0048696744437664637 0.0011830667859844077 0.26362827446672377 0.0036058523624781535 9.9920072216264089e-16
14.675948327848179 0.010111963181544859 0.031591194939077437 94.199886273041301 -6.7456104146116669 4.3336789024764659 129.72337282118465 -82.08152374249407 0.062695668667748755 0.53558007142450104 0.063797728647460653 0.05515795053407932 0.013618771978337761 0.068992084725727848 0.0034858703495174006 4.2791880355713436 130.46176968231828 -81.941060420325968 0.26999472591362661 -0.37678459152302257 -0.0044364336076930825 0.0014203599421213826 0.074096080440510151 0.57714705521247711 0.11648555407404527 4.1744385725905886e-14
22.341956213335859 0.0021957129661078255 0.012218387688277 308.01848967562972 -17.500816573737442 3.7860722629664565 -323.28847362481338 14.57208125746709 0.012379887391184599 0.75705391379985087 0.64939243057985097 0.093311726490224303 0.0045339689857561878 0.083450871754709416 0.0081090087224709 3.6655392376126179 -308.77405830147649 13.396868329574398 0.046125055630012519 -2.4762854362797198 0.0016132744336251545 -0.0025804302637115256 18.788068601554272 0.50984516160453319 0.036085961979311937 6.3948846218409017e-14
4.6591728171712425 0.24339711695783742 0.33370370490465362 11.450862686183237 -2.2551343354189002 -2.7300068345323316 4.6126006375972706 1.3286274130311042 5.2961982516867501 0.31917108383723231 0.2639805115264458 0.065474547234856226 0.078150313605596933 0.075886731614863742 0.23601030651812638 -3.029755873156875 -9.0791796094159096 0 -13.61449402928872 10.547055951831656 0.18705180881962571 -0.32338408184292061 17.584665781182416 1.6533288714056757 0.21482847803719923 -3.5527136788005009e-15
0.0010016318837947594 2.8099313017645169e-09 0.0029899495899845816 0.013267375372456303 -0.00071511071364888036 1.1397637473936406 1460.3808420625362 1199.1699364100573 0.027820334186191269 0.79520801967741039 0.72877180656603135 0.028003871809779514 0.00054744227504432128 0.083288334440091427 0.00058463081881376879 1.3884550195907817 1172.1423951797001 1192.7738026134098 0.03516794549665353 0.00026899172648797519 -5.658531946103943e-09 -1.7972696565473998e-08 0.00071859700717425356 7.4481084183980823e-06 2.1494839511576675e-05 3.2526065174565133e-19
0.33435260660535487 0.0064298821324208057 0.16933388205433728 0.54191769151071767 -0.05185284522412098 -2.4331958310469548 23.710131627842376 -9.1537486038977942 0.014157312366586751 0.45943449406294273 0.34044171441039123 0.088888281379798428 0.06008545612245117 0.019312193007881284 0.1036378902685762 -2.4275795886598286 23.634973268061628 -9.1513604556179544 -0.034407757980307874 0.0026119022083972228 -4.097585416207603e-05 1.5355511954108116e-05 0.016817915335842357 0.00097000305675137724 0.00014054216049239686 -1.033895191682177e-15
0.15458702240066408 7.0897842714009131e-07 0.0028695666880293102 1.1613708652984418 -0.0046644304339532976 4.226466632302472 -573.39174370623414 187.81411828625977 0.038307323857407441 0.54189160948682968 0.22444139032467156 0.024561740747786821 0.0012808961719250214 0.088278703642619222 0.00077363062194907696 4.1607181825584352 -531.00287042333673 183.52854113108049 0.16064530247740333 -0.0099851752261465171 1.3996705052636392e-06 -3.0383817508665156e-06 0.057695934143562 0.00077289428378458924 0.00056414037984594363 -1.6653345369377348e-16
7.497409289770566 2.7723418327746994e-05 0.0032917603402057485 21.507159886956892 1.0180224148431727 1.0539391850018385 1302.2132330277543 -995.82528590779293 1.6988120737419232 0.65004599561708543 0.56150966922039092 0.072827644253174437 0.0015101818895049443 0.005807912459465759 0.0029601013179300158 1.9270025653739706 585.40184163392803 -973.16798030459017 3.0336283517330367 4.8162847288850257 -0.0040184070080231081 0.00062813796141719506 9.3515103352296709 2.7363754811435377 0.61839970814141687 1.2434497875801753e-14
0.14929819991996793 2.8668924287315707e-07 0.0017467605344464638 1.9371989554530284 0.33636843941769551 2.8248578186645279 -616.03132775804875 -1718.57959413299 6.871040698797561 0.54903221824122483 0.084790575214155214 0.057939817636124283 0.00021309346024758687 0.092273079084143589 0.00026296190217142565 10.745851561695446 5782.0194511340824 -592.02253038071945 46.622448232003606 -1.1286111296181627 -0.0001371610462894515 0.00032297179166054535 2.4801565061833193 0.44000743006757143 0.3731296539844276 1.3322676295501878e-15
5.1155947164784683 0.00057070249039994653 0.014906013355690624 68.0978441661955 1.2628136339243017 4.0645569996722486 321.96379511425812 -326.25640809576362 0.47398253563835102 0.16480508139958455 0.16454925033437079 0.044241161784582678 0.010626031790411262 0.059041684685248841 0.0036883762187136394 4.2555403276981156 285.49151447482711 -313.94011856289717 2.0181745760281822 0.37844169553847917 -0.01517376442344226 0.0070289371088936674 0.39598684402826373 4.4102887245852678 2.2499505616079514 4.4408920985006262e-15
2.2362788134633989 0.00046997516086206371 0.018389378010753726 23.408399345418882 2.4831258922622457 4.2524124777803802 127.51898248532528 -82.823801834286371 0.09947196787423028 0.29903506114511891 0.063737808713726765 0.022753922941394403 0.0032017433385458584 0.085413215722019598 0.0086010752993068394 4.2964987671937198 132.9651699844101 -79.18402006718334 0.42518851235985483 -0.1484121840035125 -0.00016963490707477621 0.0017106070214970518 0.27892361012689176 0.022093602499327698 0.13856585884104913 -4.4408920985006262e-16
0.040289859636063519 1.4297198178104959e-05 0.026066393141697928 0.43786166972889667 -0.085041939849959572 4.4079835726189689 -56.620559346794991 -169.86235217474737 1.3887072834900152 0.10427897917917069 0.036619489310837125 0.089404894174708316 0.024089952716798226 0.01671424250602507 0.003063116821156443 0.9240977737158933 0 -167.68490832628686 3.7023501009082347 -0.022266908554121299 0.00022909736551431873 3.1131346223135397e-05 0.066402331705946838 0.015879758348126959 0.0052541503166643007 6.9388939039072284e-17
7.7282124540153703 0.00082507042424102589 0.015897940610766978 58.066632104294364 8.7477529771735032 3.6232626793321749 -211.37087395415156 -237.4138741633522 4.4885880526144923 0.62500085927688542 0.34374402030377288 0.085107073867610766 0.0095919714903483916 0.07108911167874063 0.012335857196420542 4.1631984411326481 261.87029773611664 0 14.236194184916066 -35.09232122184914 -0.16743834438410549 0.19588316587666255 60.181949865171106 38.248393826328325 23.252690647080502 -5.6843418860808015e-14
0.35929622692583968 1.9216112329331758e-06 0.0028148628705930265 1.8610086385765263 0.1002523181134994 -0.40414425174683366 -431.76146919893733 669.91043483201577 0.02754630063724596 0.23013671079135845 0.072214741813620129 0.014373344398546917 0.0013829259924690756 0.078271614453751789 0.0012487214868418322 -0.40676167154407405 -425.80832135706061 667.30298464817849 -0.011168729175747426 -0.0037020095517647377 1.0189865304189323e-06 -5.0105055625754854e-06 0.0029672262536594844 0.00043692603273537341 0.0033500576383279561 5.8113236445223038e-17
0.32531972596361558 0.0038691014764061934 0.150669277328315 1.7812832733567781 -0.10446425019960012 4.0896333328682637 22.418762870799856 -13.681507311003148 1.4218238306543403 0.15792942320980563 0.090988941689486721 0.072615319571301851 0.12075621906307189 0.060993973062873436 0.016028824049510428 3.2479956588630201 21.557119782193514 -13.041540806615615 5.1173890673583484 -0.12527157708281178 -0.022208362535107554 0.0024760953469763181 0.035335426216913449 0.50790973677040396 0.033084407550529986 4.4408920985006262e-16
37.28120354246775 0.0021470513163879042 0.012933751780747597 175.62055437908725 23.533082726539639 2.4676649153547316 -194.8121501510384 137.16598562129229 0.061047334986047551 0.5633868410011148 0.37055390016495904 0.0023546110425569978 0.010290405232531961 0.0010669309131606131 0.0037844785587565466 2.3996376535804718 -170.75935002583938 137.14582323290097 0.14856792520211859 -3.9727701771043571 0.00025977281899926773 -4.3289682537143081e-05 19.060385152575808 0.047482769573369416 0.0059374355607406835 1.4210854715202004e-14
0.0020783625358356049 0.0011581200474914868 0.99093295225302525 0.021992068521686784 0.0020382641657884291 0.68569403067079282 -2.573074623620303 -3.3353704783971398 0.44435475488732568 0.29483740402463987 0.21165356331996998 0.071686189911926379 0.74416264918687547 0.050785732064225486 0.55797162975375125 0.1262990570089445 -0.35318551550782518 -3.0962613441338855 0.18040649472306619 -0.0020683379297780674 0.00052131386830116646 0.00027691708192860827 0.003838546340218039 0.00076274999639219722 0.0008905143581672345 1.7347234759768071e-18
0.028172865768661792 1.3791047103796474e-07 0.002714790627536707 0.30715238634984227 -0.024114434367037096 -4.9863054463361927 -911.05664583066641 -209.19584018211157 7.4924551507509092 0.73181309015801699 0.22740273382639853 0.032857552986636451 0.0024447468341889781 0.011087172931078538 0.0009739607043546723 -6.3845912697270224 -2351.7803564542828 -29.000705594197058 -39.099442470332797 0.1412825991721392 0.00018486179049888155 2.4850795889768743e-05 0.045283443694972489 0.34945855490295025 0.0029596868703675012 -1.6653345369377348e-16
0.0039937363190157889 0.00032622535253607892 0.35057172544038967 0.021511985159912615 -0.0034028819755722952 2.7767543941834969 -5.2504257060181265 -4.6103242752716325 0.24532333879180906 0.65585841015972912 0.37293253915918023 0.099354635694044874 0.077453051601215323 0.098619225115216258 0.11116860124177699 2.0749259930777533 -3.0109450675235347 -4.4329684839865617 0.59511521567683356 -0.0019681112074509265 4.0611218935981426e-05 5.7857955536287558e-05 0.0076243480707241969 0.00016775216859780929 0.00026161321518339525 -1.7347234759768071e-18
67.280253107707594 0.0066491443922277235 0.017721193262275847 735.1493883294853 44.234067956034764 1.5747778035482991 -202.05770150096313 158.80564010626128 1.203930761347302 0.41103915282043896 0.25658690515838689 0.029286976257842115 0.0033091370235075884 0.091643009472790068 0.016898067761731795 0.92383871004936924 52.131856832462823 0 1.0588002820980029 -97.050102080106967 -0.029700538729633692 -1.0559216313666813 223.07960254869712 5.1673938249848863 83.843155285616731 0
34.045751237694191 0.60855914050995608 0.16265847707997824 459.15110330340826 85.693636583103483 -4.5199298983235883 3.7235371979735592 -15.429442795960345 0.28113388026143327 0.14752453745940802 0.14043679783299876 0.045303630755632644 0.11867038936093952 0.080626272760697476 0.15353966306657532 -3.2798521629859079 -1.4002099851753758 -12.803633413007532 -1.0963914980447296 18.127993526388845 -0.16943136244931023 1.5979603012327426 73.332036351336257 0.98734999348370689 22.557667481804632 -9.9475983006414026e-14
89.347265864443401 0.058169857037024271 0.037656078709171092 617.99394788913787 -57.579489275999791 4.0235935241119218 111.79644930047486 83.449146931250866 0.011533931012342138 0.13469714611019029 0.085922865794008332 0.091023184233525956 0.019293701922458755 0.016928219353732121 0.012619559719838956 4.0230152378133699 111.18478745790104 83.42296998048775 0.046404515171677048 0.61244955737282603 -0.012517833199694168 -0.0015227094835555807 0.10717568382205683 1.3956209642014317 0.12704887748125318 -1.9517720772910252e-13
11.763059633228856 4.967867159976656 0.81428372805562954 79.031716913335245 -9.7764238945115007 2.5558664096766961 2.7942462456840826 0.17594534648530175 0.23556556193455153 0.16553158296356479 0.13511482754325713 0.048283538743118463 0.41665452801925573 0.022925058579110758 0.53984922293327597 2.3032115107832571 2.828512263511556 0.12956583424317072 0.56473199685805042 -0.66900585388995149 -0.37453155612826783 -0.23040725576341803 0.14474084192629938 1.0761981946017927 0.035195996378344481 -3.1086244689504383e-15
21.093627023707437 0.067968666630281782 0.096009686793228119 156.09234992272258 -3.8416745101682506 -1.3699216175116922 -1.8925244167400215 -29.395077438066533 0.97116340234476051 0.25522374568698059 0.13882658333150499 0.046593182705776531 0.056326902097846278 0.096815483225148657 0.040182795074319266 -1.047644261829312 -10.911860009350701 -20.718466250112101 -1.0815221173907614 10.528892026946961 0.39784341166610415 0.58973769331464809 4.77245098844962 3.6749593105557476 14.776922829244652 -1.0658141036401503e-14
0.0028911045064900294 8.4921442835792809e-09 0.0029443278842900722 0.004564467593145001 0.00042543382385344859 3.060369907744418 -454.87444825795211 -965.189541226816 0.028422019980580856 0.11681802005258617 0.0345720768984367 0.048698048709760293 0.0021801476452097267 0.051157924637519003 0.0003067172689089856 3.0630009454892151 -451.69751210725053 -964.94983525686894 0.087019284369556388 -4.485083561249893e-06 1.3773443578717862e-08 2.035617682426242e-09 1.9717808640643061e-05 6.2433088730688819e-06 1.9645129221581365e-06 3.5744790374131474e-18
18.106549255457406 0.45171738610419049 0.28186885786427229 234.07865238217454 -20.701950592004831 4.9418236120113317 -14.467154548740517 -14.642362784401161 0.015406359790956801 0.56589745335463815 0.099212662523643774 0.0924950021299768 0.19266210254523569 0.097254977433983064 0.037082876058072825 4.904448609830995 -14.101626635703786 -14.613570224102332 0.075847606224703254 -0.35779061870605444 0.064265280375845252 0.013006100077434539 3.2020331784142715 0.91799036640724263 0.19025279628365166 -6.2172489379008766e-15
6.0211838819829726 4.7781532444615764e-05 0.0041948456333908753 20.857713305920004 2.4493708982639113 -2.77239150151805 1190.1090684575231 -904.14280967893581 0.65631520832199275 0.48820446687309332 0.12715580342315386 0.02761854063326016 0.0011524253290581766 0.081017649418009763 0.0019635897001066939 -2.2163173071137203 1028.1735201972242 -858.56541758972367 -1.6370827304974602 1.7406656051821119 -0.00043570514004425033 0.0021777576388516641 12.440590900987941 0.4832585629737694 1.9193756535004998 1.7763568394002505e-14
1.9528550333277421 0.055452683933953403 0.26481664230115637 13.608441158625183 2.1342150411349041 0.75579672125669539 18.209702837469219 -17.871273856245313 0.038453417734126645 0.077202446123416993 0.048651493379104446 0.070459405700515149 0.21735920353570568 0.042911561677553792 0.2220055360999065 0.81085803038064919 17.943599553986964 -17.781374024441561 0.030121614804932622 0.025458892153111257 -0.0080142029360345587 0.0049851869587290544 0.1019290205139807 0.14486995108647668 0.088867557629478136 -1.0547118733938987e-15
0.10352972609040673 0.0087680529063228364 0.35769022019236191 0.4347818274525127 -0.046971591856310557 -4.749831632467294 9.345876928090739 7.2525689120055823 1.8166855216652866 0.56534140318712822 0.26821891309306778 0.059463432942390121 0.1850347770124629 0.0044792492990977763 0.22607951409972768 -3.5277355147994518 -0.22865914000705398 7.1613437963837221 -7.5188681955258625 0.21185588717323162 -0.0081712598665362769 -0.00079986664015789131 1.2200939286638806 0.039427130668569628 0.0057646039647942264 0
0.0029094565160142759 1.9335029318252714e-05 0.10750068562192143 0.031484107660446264 0.0053473759893813118 -3.3167364058692153 -13.047966918209188 43.14103389437264 2.5590201370044192 0.16460233002818875 0.099372567875402593 0.01348147653684908 0.09745565885453937 0.066792545074908533 0.034745868103315092 0.50480325275264959 4.6958142623204875 33.470478517905754 -2.7687017523406152 -0.00256543937597635 6.7290037503270198e-05 -0.00018698047172777363 0.0012586987258203636 0.0010011106189639892 0.0071624283653130014 -5.2041704279304213e-18
0.0065410258960704329 1.0030662082209778e-07 0.0050506426308456224 0.073809150405240054 -0.0069214101115555593 -2.3087887143543293 -890.22559024234329 332.94365370809817 0.028402660649566307 0.33175161431038297 0.14619694283557771 0.021491699046643643 0.0022085027136492259 0.057032177246239317 0.0043997464585994262 -2.3856987082380763 -873.80151447139269 327.69935726280693 -0.066667966593774636 -0.00030648379904521945 9.9503399588837644e-08 -5.2603765501650627e-07 0.00064591201278313599 8.7763346942935596e-05 0.00017376155014708872 -4.3368086899420177e-18
7.407317537512732 0.0050222920212910768 0.038921001198159944 76.910708980753256 -13.011486856770096 3.008944905254749 -67.5670422565519 57.226277712927384 0.69056563062395049 0.4998474873461396 0.26778212870388124 0.054509670031391191 0.013515380588991889 0.078085626679371439 0.0056749199216396583 0.44112813526975769 11.33393596490043 52.540079532158302 1.046192861993043 -10.035348566828437 0.0056779398001788155 -0.023535455733465313 29.380349367018781 0.9599854637835048 1.2917006209827269 -3.5527136788005009e-15
0.0047825329971491739 2.3290647419073664e-06 0.033053044821889782 0.05789270598600299 -0.0018771932678408227 0.36578882537409108 106.84159750840331 94.21154076899046 0.89752976202793655 0.33822573868092398 0.15027343106079896 0.044159959945132311 0.028925097476778884 0.032565019883791714 0.01702082777229473 0.80774850207031701 24.437945321617562 81.845713601517431 0.72903714758602556 0.0037985235641746964 -6.6370671288969781e-05 -2.8800812060281658e-05 0.0066482812961905294 0.003340740726723578 0.0025352959474871017 5.2041704279304213e-18
16.696254420398901 0.014688625884230627 0.040250490228662707 201.93948459256018 -2.3553064650049813 1.6276621828939284 -8.546835060169709 -21.107503743124738 0.89687678958377381 0.59808866320759035 0.5268287241921602 0.093793137723556019 0.025780480966113708 0.078947693470823921 0.027414822710572585 0.45424341973543014 11.285413349126358 0 0.67117578173682857 -17.479278510544511 -0.41224105156546803 0.31004022583275687 11.470113343413374 6.9442095986395858 3.2720876136420776 -3.5527136788005009e-15
13.445709974238088 0.00022695939644214291 0.0062004764326835955 115.44399392149923 -7.9610155933420623 0.020840520882261515 -206.9643436268542 -9.9505910095677024 0.053386879105987349 0.747212966762686 0.54629556494800158 0.016760930642583705 0.0028416618028167121 0.049954840251927181 0.0012857146782132109 -0.26117802862129463 -113.68734848637786 -8.2064568600416337 -0.0064154347351490296 -3.3669258469374896 0.00029354615449004982 0.000395847633890567 2.9424503545840723 0.047063035575283352 0.0035937122188113074 4.4408920985006262e-16
0.0011233065864731718 5.6872290748456639e-06 0.10682989780966931 0.0048130381581892451 0.00065253067498130025 -1.0653232444374208 -40.968260608598108 36.956725928178919 0.032839334811909857 0.72347660860904073 0.54628304187685084 0.075929599929250191 0.011120407658605372 0.062410875493767143 0.014728605494395086 -1.1231126054838814 -39.322896567846144 36.93117922632706 -0.035933388794976075 -8.6343843202317752e-05 1.3345826547238756e-07 -1.4528994553830237e-07 0.0002758280089199841 5.3577592847695471e-06 5.3675848579183553e-06 7.0473141211557788e-19
8.6775619639852373 0.57739184224381568 0.42479769895841957 72.884512693342188 7.7381578603856482 -0.44428518542104456 1.2231902917620727 7.8981503497989918 3.95548643144115 0.12202643310462145 0.047356684617845327 0.015297821528792022 0.24457631888375331 0.035023780792360203 0.17803290945931746 2.1786412269184647 5.1286559043525246 4.7848012186267077 3.8949523190169222 -7.8475719510555262 -1.0786465223455493 -1.7976223903957482 0.62417385564304784 2.6164286545382147 11.399578857853454 -3.5527136788005009e-15
37.967255382276925 0.0072868551706826218 0.020278358720782343 526.89300972037427 -3.3958822122186465 -0.3529866017449006 -237.75943506090562 228.95733588580754 0.37095219728426265 0.6281999815973015 0.34764185789513352 0.084231942183788905 0.010422363884523217 0.066253585240501428 0.0038502692913831519 -1.645550241843371 -81.148098053760307 222.11505754580176 -0.44231507095504452 -47.815383853123031 0.17158662471250291 -0.049858691301120805 110.57298942592703 23.859165979453138 11.244939609282161 2.8421709430404007e-14
3.5347405515394588 7.4259769941370032e-06 0.0019099514080619519 9.988404904718994 -1.1253375880745933 -2.560584713963312 45.434757698391309 -2399.2658173444938 5.8805417027082125 0.61333259512294969 0.44018131798845711 0.022310848365031267 0.0010981848707777486 0.0028965244982652296 0.0012727087551336546 -2.6476380642623165 -1386.2332062934015 -2370.1072547105846 -12.896400951601827 6.3098836088484642 0.0014200377195811382 0.0002165308153015114 5.0792394400275365 1.5048798424215482 0.51635811988458447 1.1546319456101628e-14
0.001774073079247099 0.00039303755631870172 0.57484914064321635 0.013772553932045919 0.002531965554645309 3.9000943170151956 -4.7539236251184445 1.8541599772514132 0.040761863324300089 0.72110805669220357 0.24662523537897948 0.05833746398880181 0.10244938881307471 0.064006813789736841 0.071095731942688034 3.880226741699186 -4.5428865110239194 1.8476601143283964 0.15857019180724469 -0.00013845416439833434 3.355254193406002e-06 -2.5546902396691096e-06 0.0009085766814410308 1.5596580597295546e-05 4.7285018284849365e-06 -3.5778671692021646e-18
14.916259692990888 0.0011952570682585892 0.011700130207497446 159.81414149037391 -26.118467593514708 -1.6968483094218243 -185.67556524325036 -204.90368402544084 0.19515558736860353 0.66983634606382469 0.42501686299065189 0.010299367921008596 0.005175931082046387 0.043056190594644807 0.0088336216299332859 -2.08198296646085 -177.94528176504522 -194.9791695065197 -0.38291709993972067 -0.64760367678488917 0.001662628625729998 0.011862346127775494 0.54218654219754359 0.28463516835702846 2.3717744095793334 6.2172489379008766e-15
38.567286453768013 0.0003415091234225481 0.0049738029453938347 150.63511858414537 -17.283018133815407 -2.0253855730274983 767.35055919878596 -968.37566913602359 0.039213282399839032 0.14222445305314246 0.034822825107508698 0.017465384642784975 0.0042428695782138265 0.0541198920142874 0.00072504838243079813 -2.0376246766194837 763.07305541504161 -967.69696416562601 -0.079661984156423796 0.20569485663340267 -0.00043772088384758069 0.00023178393950300699 1.2007474005123326 0.33494918862498685 0.22437527105529526 -6.6613381477509392e-15
0.021857930680947654 5.5771248142948481e-07 0.0068880958091495628 0.30732474480451633 0.054847294455906394 -2.7977078456622042 -135.16772627007521 -401.09329756074891 0.64626700552227478 0.44810646237057961 0.43292161330874385 0.061305477699794414 0.00118615853749082 0.048517404569301481 0.0056592341804358372 -1.0279921811932118 -149.24185285397948 -303.31231982788177 -1.0562967895161299 0.0032363255699333678 1.4442804534239656e-05 5.453367172799853e-05 0.011802975633725695 0.0031392737474046873 0.019206912351014856 0
0.0043557143553570477 2.1113529066834837e-07 0.0099651965692057701 0.040559477535189639 -0.00084631974295541117 -3.6916221891499434 403.31083020277276 417.96888840137365 1.364353187690641 0.58302613158203265 0.56543526441171321 0.068762457011837017 0.0081494278453032622 0.0062734433840334952 0.008206511795316682 -1.0989726102765893 -110.28107701082487 404.47544124832501 -2.2463710234973711 0.012447520028215812 1.5604607265841967e-05 -2.848942886776918e-06 0.040651354261869027 0.0041871953949660368 0.0011715484613627619 -6.9388939039072284e-18
0.0060750297317396333 4.1881767918781493e-07 0.014672954843778147 0.086266017085491642 0.0096921148933357421 -3.4167242551679844 292.70855698785618 237.31169457273018 0.024955424604749817 0.077611686206929695 0.074378581427196777 0.056541875989023431 0.01148944030827609 0.065990280987111058 0.0028927290549662621 -3.3505528208592787 283.75953652106466 236.33047220422475 -0.084440136425125073 0.00016012258833602978 -1.3985364747824441e-06 -4.1095327514461571e-07 0.0012189946412210072 0.00040310582766026125 9.732239984179093e-05 -3.6862873864507151e-18
9.2466295166821215 0.00024998939883689856 0.0074055963801612831 109.48367491700049 -17.201242744578959 1.9460073394668242 505.04271135450358 -224.45817604394398 0.20716702978838403 0.13690324350702532 0.025619437338614014 0.063559434362049264 0.0067500251751132891 0.050225432903678306 0.0030788923359730768 1.6234632753553953 448.90339349561236 -210.42788742457756 0.3697383125948181 0.58108490442006377 -0.0097309540579181911 0.0035074234174635927 1.0154659777912556 4.641402860013244 0.76266478146902539 0
0.0032382856852212782 0.00065316526032222399 0.68257313024342203 0.024423552932812519 -0.0034546647083119049 2.7863933407337171 6.0026406554099951 3.1578414337029006 0.24162707408089967 0.38241160485888198 0.14518254580103873 0.065120065291473614 0.29476555636021068 0.066900129662392741 0.54716650323722138 2.7931989588627504 4.9338568128439624 2.8271082124679303 0.67409028095790646 0.00085677906116628049 -0.00011327811105054142 -0.0002160234505451472 0.00080767148890871759 0.00061943288735641843 0.0006464447369523901 2.1684043449710089e-18
0.6943504696241305 0.00014777234826623587 0.021334524027991752 7.3507690092628399 0.18423010472628795 0.32907497464603352 -58.453657005249433 194.29747712147844 0.022144545515186576 0.2851741284203782 0.12376812653731441 0.079364501475765403 0.0067568877043501204 0.096304389617485622 0.0080572368905997265 0.3059350547430113 -54.954245391423726 193.44272814809676 0.0070310042492028333 -0.020146906191107122 8.7291617501292004e-05 -0.00012630826297476579 0.030769499963208886 0.0049497796188171248 0.024487395906539158 -5.2041704279304213e-16
3.3762850931764987 3.2762621842510711e-06 0.0011946101812361123 35.149021131633063 -2.9440772837090439 -3.6636911714572138 468.10290063835316 2488.5955653481474 0.059990669241433946 0.48495365145463321 0.46230052544546485 0.057606299156176967 0.00044155238382726582 0.039769361030933537 0.00035264807168073091 -3.4272787097200483 96.289957359058974 2479.5692932905267 -0.21269601437133767 0.97481303695255928 -5.3635106935818108e-05 -2.9572433807144091e-05 3.7848087734186051 0.015135635646251599 0.073460363212537322 -3.5527136788005009e-15
2.0603168351591084 0.11314118737495481 0.34215428761368544 3.4706748704169885 0.11872281864932129 1.4187692902605633 6.0007235227333089 1.7971735751568996 0.017643203406689515 0.57604646869507936 0.18029739579033668 0.089465093694431327 0.044116971198725777 0.018402884574597888 0.059209278153389444 1.4251444988599888 5.9652000215130574 1.7965838545432433 0.025087874726271504 0.011040298766601873 -0.00024168554824603521 -6.6721690448554626e-05 0.0069017227482339981 0.0014459953960306621 0.00011989078538581096 4.1806835771041051e-16
0.054959863507933374 3.0177460283535829e-07 0.0034667351067469297 0.64108700283956277 -0.068237810236203011 3.281369850208657 -1358.6237313774741 756.98250937836576 0.011273149282095713 0.11012604690693635 0.099930631905491979 0.026364192289262157 0.0018755555437081077 0.084333624706197721 0.0033575506052428844 3.2542325804480834 -1349.1429595657967 750.20136677594144 0.036838410924610515 -0.00072220562054306243 3.5736056901503819e-07 -2.0463766156165172e-06 0.0057497361511026565 0.00048382452271772717 0.0015421329197982264 1.9081958235744878e-17
3.3017922496197896 3.2561321715953358e-06 0.0012094507669230883 30.914862969748658 4.0325415174573322 2.2671676367044933 3504.5476093239063 -1482.5049922123515 0.4892279375277433 0.25181247864160261 0.099340702256085794 0.052207687237312506 0.0001973794003604378 0.023196921453609368 0.00067041824620018165 3.3197177910906754 2898.6089542121963 -1410.2691521590777 1.3666302175220171 1.5024699725077617 -0.00015585288839402588 0.00023520944273967937 1.6207272720985664 0.49897522263313315 0.34020389723467892 -2.2204460492503131e-15
0.0062744515865888395 1.1249214816089607e-07 0.005676600767653266 0.081659054238713738 0.0053210052840580628 1.8914631900470669 594.51214414981996 -664.82651544800569 0.068340778983436087 0.13240846997562439 0.022691369617223737 0.071503821231717099 0.0052658916663933571 0.022123165149683946 0.0026065759154874448 1.9696013477661074 569.44257980159296 -661.96576681048066 0.13193407910973648 0.00012663244158585529 -2.101287331873795e-06 3.218117595835485e-07 0.00017388164846715893 0.0012229016581568823 0.00021348867947773828 6.5052130349130266e-18
0.4579226110858306 0.0037375091029789669 0.14196372949399122 2.9001140545609627 0.37185894780061934 -2.0202727964582179 2.8758230679563357 -24.929267439552806 0.010226978027734772 0.24939709443278762 0.14838800346892131 0.014740166623091123 0.084504298573333608 0.072878579700513563 0.099396398567581812 -2.0023569027181836 2.6987691903916247 -24.871782948458222 -0.020569672773595199 0.0044010995527992607 -3.6943972726110165e-05 0.00021484880874612675 0.010593489768842635 0.00010297379217579598 0.0053498481750848606 6.9388939039072284e-18
0.41134910159358501 0.00010018123968347648 0.024365040600941076 0.69059489038474819 0.073114992105537388 -4.5289124515947456 109.85042970033126 33.409815693749032 1.6192599793756981 0.4761237612813532 0.080290348534130293 0.010126959721015872 0.016464316563108324 0.090987050049611495 0.012574411582186135 -4.0228287473585658 86.152751337497747 20.638936472335523 -6.9237461387217234 0.089784896459839461 -0.00018645014841367941 -0.0012794025122491565 0.59829811795331411 0.018272411097028249 0.034575054652610307 4.4408920985006262e-16
1.7028287035285905 2.2776541721991592e-05 0.0051951547204953721 18.014681110695282 -3.3866750862549093 1.5436226981051968 828.02177201651318 914.03130508794538 1.2284544589308954 0.54220501096774665 0.19054596864040277 0.024871853987913917 0.0051396702598778994 0.071119084317444459 0.0048867335361776048 0.61012087434186191 117.4403664889667 576.35337967808925 1.6114376323410258 2.5707824103595245 -0.0028289746553238349 -0.0076911353566931524 2.8260764892496266 1.0792535677039621 5.7313751720390149 0
2.0126289233300669 7.6003340046262722e-07 0.0011184430932081962 19.430441435163047 2.4055180596882964 -4.5991759518038595 -1012.8650440331533 1025.0476728138515 0.075323244016517826 0.74161434510511981 0.51551209738274162 0.053413677993106784 0.00047241646572614122 0.03946911228586697 0.00067572079167269191 -4.134273406087992 -2074.5520288647167 973.69019988964283 -0.32891586854519445 0.75448488624149102 3.6930840638320409e-05 -3.9033394785753612e-05 1.9919717787387436 0.057010453951610446 0.03900876222923641 -2.6645352591003757e-15
0.001352219126269909 5.1981787331034607e-09 0.0025238857718898281 0.01650600249530881 -0.0028035106633634769 -4.3882015555914506 -1040.0517727829501 1004.9658666378606 1.3220445720167147 0.41431537004363633 0.12044675299093084 0.085959620469404197 0.00051501358109931833 0.028317402178795616 0.0020538573761283633 -5.2574398773854529 -2083.0736224043935 760.81375392634936 -6.3330390894134201 0.0025309653710740556 9.660534923352457e-07 -1.2691463199392569e-06 0.0020903371961171016 0.0015291561627064152 0.0011205163536314022 -2.6020852139652106e-18
0.031540269563102671 1.5532251596937162e-05 0.03099783640925808 0.15951757806291142 0.021612464686013969 -1.6386055635196604 11.29543322346739 6.6616188704828589 0.023979781830063593 0.67920227405811084 0.41216577026589479 0.062119154777266365 0.025345908405913501 0.091706821769185806 0.020719730192981782 -1.5721864311051346 7.7612191417333598 6.193662788244386 -0.038497045766408652 0.0015766151525209823 -6.022643736728306e-06 -7.2684116056449836e-06 0.0029967567591770569 5.7385714005142479e-05 4.6718739201064063e-05 -1.0842021724855044e-17
0.0018548618900944111 2.2370205516579565e-09 0.0018722497761217483 0.014826998175104905 -0.00084291138496486913 3.9659881452453725 2579.0365095760671 942.85826635733281 0.012135607726911675 0.73554813988213252 0.50200612504467246 0.021177205203196006 0.0015326691704086162 0.046903549897594758 0.0002979057945125495 4.0091714392127233 2500.826511693353 941.73436174330959 0.048391704138251689 9.0328288185264667e-05 -5.8402552764338667e-09 -2.5141977196730416e-09 6.9354638665870244e-05 1.4833848406765008e-05 2.3691192440416959e-06 -1.951563910473908e-18
0.095153799429864822 0.0049888613149519307 0.29774465403902295 1.2172794394401134 0.24142915776946658 4.04039869874385 1.0625799016227628 3.4730877587781555 0.015036449085575998 0.065041169078040154 0.04825399490153557 0.08267746716172375 0.29340550520168746 0.062911699987814249 0.19030782006721117 4.0692679330672172 1.0262922221360353 3.4291617040032905 0.06097029470511086 -0.00088321990607458827 -0.00044400820577526637 -0.00021914099538478286 0.0033066499658721432 0.00046373818188205716 0.00075628290883400723 -2.5326962749261384e-16
3.7081012577589818 0.0030781124607123641 0.037298504398125543 24.087930121011002 -2.2389297831621908 2.1604356451410025 -72.430126981098894 -77.493029141974731 2.0800876083016386 0.2326940289163581 0.1388354527880731 0.077196378774061936 0.011994776253034691 0.032772098326750841 0.0038628943116896831 -0.23300897637347251 -6.2471399358624824 -75.432334216248151 1.4585084037704195 -4.2179649136011479 0.046394894230015506 0.0063430507286057281 12.02378264010512 1.2778197781775302 0.48500666873583642 0
0.28796421974280961 0.010083737928344903 0.22467308653724571 3.2763877911863801 -0.48065692612312721 -1.0206170399987857 11.631727936488543 -18.580309735538314 2.1475062687476618 0.065277299975346662 0.039332156234686014 0.04584903149149349 0.18805103537672835 0.090060396970774101 0.075327592594603671 -3.6441034607950509 -0.006775550073009836 -13.846659839579317 -5.0087582587052486 0.27674354179594463 -0.055182793322070996 0.047732884995387644 0.99072988199798906 0.33688574613518896 0.77391640473901213 -8.8817841970012523e-16
0.19255703848334874 0.0019465004812784319 0.13290741821763935 2.2047082840224639 0.41245623575123491 -0.40280308848118818 -19.337306077274427 32.133993443371544 4.4273660801029733 0.24273385195721281 0.13305946722851686 0.061053163662303546 0.037285005413522261 0.012185558611535242 0.10623125201717001 4.5011935594081152 33.867135632995996 25.642572163321606 8.0660717770975729 -0.8817956764421393 -0.013634715356209946 -0.012635554645798257 0.28909984634300034 0.35037606960949363 0.36501947598495982 6.6613381477509392e-16
0.0023652322286766823 0.00063299043560606754 0.63699539637846858 0.024118889079445417 -0.003311053147570929 -4.9303585859624341 -4.060686487433296 -1.7115633425418182 0.018304256059427725 0.57517919293466802 0.56971945831025161 0.066411327841303297 0.611689622987452 0.068066277058138405 0.23858091236050144 -4.8496424417836161 -4.2854641090191814 -1.7002372546617868 -0.089507821536665005 0.00025151879022576617 1.7934226874349478e-05 7.1693053008937403e-06 0.0005613322816572367 7.4840879162132968e-05 1.2230120053561977e-05 2.1684043449710089e-18
0.051279457128777101 5.1378529367139276e-08 0.0015974867888141899 0.51553980313617143 -0.044454569664137487 4.4516196282440852 -2218.8249372404221 -2233.6451943178995 5.6110894428633653 0.79001917118952603 0.71091250513549087 0.065370117538718062 0.00064426425876854963 0.013606750772467036 0.00097033081607636744 -1.2187022037089426 -762.88718770161597 -1490.2804189353687 1.7788192620424961 -0.04133245875852827 8.7758836054499539e-06 3.819298894248824e-05 0.43880694413803845 0.063657676233326771 0.07111392488481541 1.1102230246251565e-16
0.27956046853323208 7.3680977940509076e-05 0.024802962676435121 3.8165496135521089 -0.31385205915262865 0.68577972390347597 -191.12287064894204 124.50221081762206 0.95653139656816621 0.57204055973081369 0.53468554312076244 0.076178809214250853 0.0088936778874480517 0.07249960428138133 0.010164397621645421 -1.4437465406208108 -58.208632551485074 87.990511810188423 -0.97317645035092915 -0.29512201180717446 0.0024733508013905022 -0.0026902176891372247 1.1409522260221909 0.15974350098776269 0.28582584061313276 2.2204460492503131e-16
3.2002449001288582 0.0037762375980522245 0.045656061941521817 47.034177564688918 -8.3318831046951018 2.3774848190811015 -88.134771184723675 -107.89317741257217 1.2451840674827006 0.37420486572892053 0.1347484152361218 0.060554788662702801 0.042208674365193287 0.0015113644658101056 0.027081667360059611 -1.3522345296859013 -29.617852968087774 -107.2583840105244 -0.025635213885354946 -1.5612872307088881 0.14969156017805557 0.0023971307118083097 13.617430179968698 5.7249826344500905 0.2578732077904059 3.5527136788005009e-15
0.0018881182971363191 6.0782861092470861e-09 0.0022354334335810957 0.016759774914540091 0.00074860018641438857 2.3256663681497134 866.07417112766461 371.6959725089244 0.017782266275131131 0.18891554983622616 0.18412601351342864 0.057781021179606699 0.00084571783030519597 0.059761335729760307 0.001874167696656935 2.3036536186409906 883.85957053058439 366.2043219331818 0.041159900338949416 -5.487448296613123e-05 -1.4563507734787439e-08 -3.3379823411374903e-08 1.9685112138656903e-05 1.2742586791002716e-05 1.2315490761839563e-05 -1.2874900798265365e-19
1.0018444300098226 6.3728206069321556e-05 0.010231981610291287 4.5235173648043245 -0.33515609280757158 4.8180794778030922 -28.584821056094341 218.4192690357221 1.0436304623411889 0.7117956687921998 0.66878234438977679 0.065329348525360806 0.0015433593737982649 0.024964517165320201 0.0021859682031779067 2.6436828087257611 258.3744683499778 214.37669179248067 3.4836338485047964 -1.8286280834538033 -0.00042308819318526912 -0.00025762619560843906 4.7729769331402112 0.085712589023470592 0.055749788431434404 1.7763568394002505e-15
0.013888816278157504 8.2612034599468013e-06 0.03063549690508546 0.07790884607907643 0.0023147471099263851 -4.755014115879912 -64.911233499900135 -32.808656314932911 2.9830135696237803 0.63441520710762522 0.32905741334320326 0.084050028710041969 0.020994634292759544 0.080048801061018249 0.0048702362192231223 -2.7876285369501703 -90.993416740938414 -21.841259920588104 -9.9855029915237168 0.020419734814893894 0.00041009850029051579 9.0603893039569391e-05 0.022218701274425205 0.040921040832511094 0.0024757475826122865 4.163336342344337e-17
0.0073266717822966336 3.4092213331489716e-08 0.0029954055197981243 0.088563580977303019 0.0034622146071302223 -1.4671032508460637 259.73059495232218 -1131.884973515429 0.022229269948554346 0.44283418246652068 0.30172482402667206 0.097458702010096099 0.0020832399760848659 0.066611257776081387 0.0028346502696264945 -1.3755242480828362 195.81579840553141 -1120.9813137902702 -0.031594767018437199 0.00059400679227447856 -3.9970565453540247e-07 3.717298934440892e-07 0.0012495448711339983 9.1042234664171409e-05 0.00041872887246195955 -3.4694469519536142e-18
12.929151943741326 1.1260641550243511e-05 0.0016873970850827501 159.82682990425258 7.7502614798421812 2.0078184671732826 -2838.7973778241958 2760.9095321247464 2.4815388029131134 0.67872632942899358 0.5826896590845746 0.08774227653675476 0.00045538129517166194 0.0036397126867047549 0.0010649767880008116 1.0859768996372421 643.58111628715164 2624.3836892752161 2.13724065287425 -31.151204289681335 -0.013350635350760877 -0.0015373685786734402 69.223279486840354 8.8191983234838407 4.139590292761679 1.4210854715202004e-14
0.0047220900430692539 7.2529392413792539e-07 0.017845796806912066 0.030896890583297726 -0.0034002346634534001 -3.649582082229351 28.844165720730999 -94.296213601849175 0.062713574096355196 0.1775595169330359 0.030604306826914382 0.08577171855338489 0.0077574104755607698 0.022046718440266979 0.014922312450577863 -3.6821821165774251 25.607524584843372 -93.41730771621701 -0.22990056866943651 5.9300570912723995e-05 -1.2892502114318161e-06 6.3746509873807111e-07 0.00024620108598019213 3.5100926619640765e-05 5.9830409200746179e-05 6.4510029262887514e-18
7.2469694969681395 7.3615268276727838e-05 0.0051515691016903601 42.992954351490283 1.8649970421767461 3.6472611328472944 -403.5198562406141 371.23266949315598 6.8563543674763512 0.42796886590837441 0.25529410917473305 0.073679121849447901 0.0031566093830803668 0.089133268482088426 0.0015349857412332486 2.1831747798012029 423.78831317332964 0 15.944715203766325 -23.397269756911371 -0.059630139104682865 -0.027328392557824516 33.166085701916217 26.884574917331982 5.0725960610990457 1.4210854715202004e-14
33.664308726985844 0.00073705442340142363 0.006045055947559351 263.04664522030248 -28.998207465956074 2.0075833330295296 314.51630424398235 742.70073492587142 0.12627001250650635 0.43219639004654659 0.30833270755832798 0.062721138560313472 0.00088855477918814137 0.08821088248620558 0.0016800171310532457 1.894046229698346 313.32153848188187 736.02238284745943 0.24410983850396606 -0.16054407911611412 -0.0018511053301910208 -0.0049223089404256083 0.063913595921101726 0.59008099176944495 3.6393660115148627 1.3322676295501878e-14
13.901650953364351 0.00043679140979683417 0.007321504495632505 71.332398387046524 12.115592327317874 -3.3446589692652227 576.25576921269601 55.971002771066004 0.20161451858540863 0.31777913266509988 0.21833821955844782 0.025357351480408699 0.0038454257419372273 0.086291379745523186 0.0064769795756535646 -2.9430705127225023 520.41140446671739 37.56860212876709 -0.63384877625311797 3.1400632353079629 -0.0014023517127270155 -0.0080380105201959089 22.478116174560288 0.7689565446504103 0.37593616411991371 -7.1054273576010019e-15
0.25677812942547013 0.015561606828511298 0.40585896578379105 2.5864476824112472 -0.3497476087308764 4.3914552339063384 -1.3563667009288884 2.5330730416722069 0.78745397304825837 0.30185780208913088 0.17415800177090326 0.044248245873678732 0.11447790237206684 0.087076187376492198 0.37096836756766072 2.225617333842608 5.4837210003344801 0 2.5123427624195127 -0.2807296605578965 -0.0074938942192664046 -0.039418686742404098 0.70948866120320264 0.032170705576314143 0.049925206362652727 -3.3306690738754696e-16
0.33833301335299082 9.2904729399369263e-05 0.02027679986438943 1.7911331799893599 0.071049557751444017 0.72668953428876559 -116.62115419827579 -197.23534207557461 0.042610201960880466 0.24148011749141096 0.10397679694224943 0.072921801383619214 0.0036584092851925224 0.010940854552270673 0.015706974236114023 0.71218273249528863 -114.6700316742203 -197.09417044695775 0.030655318941789213 -0.0079355659699219105 2.036062713962342e-05 1.3115511955516665e-05 0.024317420433336363 0.0023546167981156143 0.0025859167179512993 2.9837243786801082e-16
1.0877244454675652 0.00020815206413284026 0.018691523388285104 14.047253378512186 -2.6082277540263403 -4.5637726865102888 -13.948252909779612 110.34115118960138 0.32754928058494426 0.65278347234362188 0.5379340891966754 0.040447325412272375 0.012160149227935905 0.061016322914732815 0.010799838604574305 -3.4764863991189978 -185.99267309040647 95.774804534680328 -1.264621387062707 2.0369909984501926 0.0022630637061228469 -0.0030320151230963099 4.2113707687781199 0.26144553400827042 0.31247334743373556 2.6645352591003757e-15
0.12549538737742305 8.9999725875693771e-05 0.047165724896535949 1.6308422969896381 0.042697717910298146 1.1659447945453003 -63.059895291862979 -47.360293928123617 0.56129657911176611 0.56652577035321294 0.30260608934078326 0.090290605027491561 0.0093492942621549221 0.016015392087907532 0.03131689512846246 0.28329898107045154 6.0064587513900003 -42.259010556751093 0.26348888230295764 -0.13473406127801638 -0.00013887673730555501 0.00045911410503776185 0.25632002814524885 0.012515985400369321 0.020572743386339978 -5.5511151231257827e-17
21.53955958678192 0.39791910273861952 0.18521663678420022 210.19885916131116 -12.816999548026828 -2.8168408270128875 16.690615157209365 -5.2504330799872783 0.021480031655350316 0.61206481528098156 0.54980868591395182 0.091291392883243325 0.14746718356052604 0.056837175188073477 0.032318681896691639 -2.714372639637614 15.382381018934071 -5.2295902537321641 -0.059405320178076364 2.4824291837374624 -0.060784170007735748 0.0082937587219720482 14.23879917016915 0.97476522611408056 0.043459392465253044 -1.9539925233402755e-14
0.0086343871321907569 3.8702380947268762e-05 0.088515319552424462 0.11448211385674607 -0.020503704030254064 -3.8227428727547661 22.850545881189067 -40.762381479318307 0.019690982352706603 0.75684359342986096 0.58861470258868309 0.083139381158263984 0.065872767955894238 0.0044630728021119231 0.029774045392797495 -3.7158267012725688 19.496845857564157 -40.754641511467952 -0.074220920223411591 0.0013268936894938366 -1.2345756959553073e-05 2.9955518426404676e-07 0.0074882996481100677 0.00026140530313881644 1.2209423421331452e-05 -2.1684043449710089e-17
0.0033950371275383025 9.2023762805884359e-05 0.23854193382333005 0.023941058443211569 0.0022237197353578014 0.20130065946137421 -13.323328099037203 0.098621079348222271 0.16928784709482958 0.4352504135161675 0.13211931465418109 0.010172354886402625 0.026994134576097787 0.053640959521994616 0.12213817274153999 0.15446121904576005 -11.92320010361396 0 0.030113081245442538 -0.00053547036578513452 1.1129099892349761e-06 -9.0754828136011062e-06 0.0017076464656251094 1.4048556715116515e-05 4.4751695534179113e-07 -1.0842021724855044e-18
0.86428059037690352 0.00010265612023499408 0.01624507588327833 6.7900024323872508 0.052062102241395909 -2.3616597073215964 291.18325204219764 228.866492101885 0.52801001770621436 0.22408207112878831 0.20514393672769635 0.06402079301728246 0.0021129782263139682 0.041800150758810134 0.006347476406506564 -1.4788802397843182 170.0710304769068 219.60019567739275 -1.0139217827364086 0.73547984784942522 -0.0004849848399978259 -0.00095124203988577202 4.16783587125619 0.11185066720291993 0.21330018345198801 0
0.76374262026557449 0.15081179249816387 0.55146467935145849 1.9100962820883203 0.075807786455070483 4.0364214308018642 -2.563465599808199 -2.6025410871343317 0.32748319660375419 0.69831698400098585 0.53636008091221121 0.0072276152308149658 0.22601320945793685 0.019575841039529075 0.44630472015935574 3.6296344416045097 -1.3298637135044373 -2.5663033652036296 1.2552522412193106 -0.33550633725529272 0.001021817007714158 0.0054650758004192142 1.6461768532535266 0.0019891350544874679 0.014124063366301672 -1.5543122344752192e-15
0.01341882713832835 0.00017165693851284845 0.18012007883258099 0.078645095086724695 0.0075087483199387092 -2.0308258283780924 -20.928988395323216 -17.819994845342379 5.836498097401198 0.20900431707835604 0.092083284826573839 0.052792327422800545 0.071609496802105085 0.062972369042764348 0.096606207982743317 0.21405305112052272 1.1883908363124909 -1.5526117346031114 -6.168618333115897 -0.013701153652710567 0.001328748730806709 0.0027924091824051197 0.0065925761257525188 0.011926319568340952 0.027048122250480814 -1.3877787807814457e-17
0.061485960781559233 2.5798281436642179e-05 0.025219927728622429 0.71951548642134722 -0.056634931946757401 0.78925351050607517 125.14899316019398 -101.16530018456012 3.2114479800651776 0.50393908501824813 0.16991115292348888 0.079525809825895744 0.011619543233075482 0.048858533261419361 0.012377030616166792 -0.32166313650814343 -12.754324277586399 -47.00174638265068 1.4303038616633115 0.11357436041164537 -0.0006933314329002502 0.0013973266045903703 0.07238476509276516 0.062511126862293126 0.10351887804597197 0
12.410628413692956 1.3185444251355347 0.39876589072225765 116.63162537229135 -10.287990675793946 2.3226721494348288 3.159299355743884 -4.1475211705492239 3.3925624759523969 0.31131522285328644 0.28847643228594166 0.051866050334762485 0.14892905101354451 0.084163930640851106 0.39772244710409133 -0.10184281177432261 -0.25539499276094457 0 2.9862266972152649 4.8128968526407077 -2.5832070963652356 5.4686909175592868 2.5943421474487907 6.6327974937689138 11.340755677883701 -7.1054273576010019e-15
0.89841225872618635 0.043255457054656832 0.37546740108203974 9.8556246666531226 0.66772917437881296 -2.5921647195334119 -4.7179658441424657 -11.372508891256757 0.013289314536295145 0.12557837411261158 0.10284105195445335 0.082954952151280764 0.14989230329766928 0.017066048184726457 0.142474735400103 -2.5672950477660166 -4.7972344889066969 -11.365146537898704 -0.034282841842501126 0.013469554962943706 0.0016285773362881254 0.00031846195950044164 0.010686827256919459 0.0077481198063225438 0.0036205391512076669 -4.1980308118638732e-16
5.0800759387336987 0.0092415346724284437 0.059936426579497812 50.117572836406623 8.8690847087245395 -3.3423620898978221 -68.973657778837008 -41.839186063294811 0.41058687410449946 0.56609524476291895 0.45027266131538562 0.098373906549268211 0.026206188396261831 0.020233495176891627 0.037262123318747217 -3.0169818437013944 -50.336364976643438 -40.160422620090479 -1.3516066359025076 -1.9885734070815053 0.05304920362019052 0.015514350567178184 0.57464151410168585 2.9685151261380991 0.63608533774273401 0
0.2126829016081957 6.5880509848408697e-06 0.0081891591546237302 2.902854321742848 0.44585324472192722 3.2312523858940789 -592.62620631553852 286.49043653463826 0.040247641969940941 0.39760855707987136 0.042859595509297757 0.032262566345289422 0.0057484662543071793 0.071961967152144909 0.0011866913334179414 3.2920806178251234 -583.11285829486405 284.97600540407194 0.13127438559219493 -0.0050074168979137709 2.1667887866170492e-05 -9.9771495012012741e-06 0.040439015879991519 0.012737891105927194 0.0028508030630709879 5.0653925498522767e-16
6.7031554232047963 0.0085995330386880262 0.047774661754590705 62.69038271575954 2.4793965355591858 1.8334054183911475 -4.1140957594256973 -45.000800095084735 7.260011286256125 0.22664551796320814 0.21490861785244805 0.02465672463463623 0.005333397620282343 0.052164006360384367 0.0070005769354776351 2.7042070124827076 56.603373277108723 -25.673636638781737 13.969259488365012 -12.1633284032938 -0.058957019272172201 0.16620458068660149 5.3446836190886247 2.343934343227247 5.8732075613070114 3.5527136788005009e-15
0.020041581648186101 0.0086333526496339737 0.83335930818834902 0.27156180542410935 -0.050209730267327807 3.2956771017861719 4.1590848992016918 4.1931883146282392 0.11955741686369627 0.71163965374024329 0.45715599071432172 0.017182408221629419 0.80541292790307939 0.066848212194632162 0.15156372829251247 3.1594208898961771 3.7911868972394207 4.1550860484874583 0.38937985529366892 0.0032721556565187757 -0.00044931181583493957 -0.00032895030034357255 0.00012828901523680565 0.0017606115566973376 0.0013730836795487066 3.0357660829594124e-17
0.0024989450561478123 1.9733764846912597e-08 0.0034104856407202329 0.02750342615536016 0.0051201621119400529 -0.83635150023281835 1465.330357547942 159.00727093856659 1.3010479294349535 0.73889525937520162 0.3553765953647211 0.0027816348585445461 0.0028900318814281331 0.020693954418466776 0.0012999705213576451 3.0904106682780519 906.14973755626568 110.22667096315737 2.415792636581414 0.0031511865935575957 -2.8766223330824908e-07 -9.6262488900603604e-07 0.014143879053549841 0.00025042855943055843 0.00012958564671990228 6.9388939039072284e-18
0.0029649748629912045 6.9472848094853615e-06 0.063844188206827482 0.039995119917398639 -0.0054587524602284759 -2.7764961959939916 -23.900665374228232 -59.848003631634427 0.01776016418636768 0.19795024387178495 0.1024366213479021 0.033540234638964044 0.043836297140570385 0.053757048562302727 0.043891555797358824 -2.7846532869650682 -24.419013359012848 -59.606760327560764 -0.049383463941143318 7.2762770262021272e-05 1.0443689183371337e-06 1.6759859417810373e-06 9.0088270552549028e-05 2.5231785306516396e-05 0.00010010225253718931 -5.9089018400459992e-18
0.24881762773066243 2.0650388226061484e-06 0.0039659426789193444 1.8618983846003734 -0.22826783747658508 3.0703039262072309 1078.0822395448952 796.30181400863091 0.012650608890879969 0.25269154019685008 0.044477392271298606 0.097715797360399981 0.0027315842732317081 0.052663157986255774 0.0028918081145380917 3.0629085496843849 1073.0257354949135 794.56475107197468 0.038794436138585207 0.0010476270916936414 -6.2870481753372649e-06 -3.5871024015054335e-06 0.0012560831181120259 0.0067620597347137334 0.0028533006380375616 -7.6327832942979512e-17
5.8279501799095161 0.067043573189960681 0.15683065779346733 15.838144819735435 -0.099461949848827572 -0.52808275868215482 -8.3553857027456111 -9.6391344058404886 0.27844762255424682 0.26245767562149108 0.095001110073407294 0.026590421207107463 0.048541969139395791 0.092381279563200247 0.12384119942430663 -0.60472355577689973 -7.2904260016194105 -8.8865767224385337 -0.15771361253778113 -0.41896380374671183 0.0056923347335631003 0.050454156126826209 0.27671231684655467 0.04453059869977255 0.4673495608133359 -1.1102230246251565e-15
0.017653211486781038 7.5666846308075029e-05 0.096050376819008729 0.073930072804872349 0.0057861942381087581 -4.2440404065924895 42.47160967580372 20.206155753991656 0.060146447513126367 0.1928427268003019 0.17061781495935763 0.015967905955154394 0.040747050476114773 0.0067833794891550394 0.015545479304335835 -4.1813496301530364 41.470323714435182 20.199958836519347 -0.25337863981136627 0.00075867450671302016 -2.8931786965451393e-06 -4.6890120196111514e-07 0.0062545294644579651 0.00012142950671572516 9.4732378490319541e-06 4.2500725161431774e-17
10.130257349819175 4.0447614198898319e-05 0.0028773200144263521 90.016485891409417 10.167558444071197 -3.3671790253623723 -639.59117447838787 -78.998261591336302 0.019686131085824319 0.49768192847109849 0.050993365619195673 0.056012565628495437 0.0024478060696051028 0.013754708672690297 0.0009977853221566082 -3.3385001858137393 -640.01248182142524 -78.396979837889305 -0.066004439985349966 0.09036413676905912 0.00024296566244163612 2.432041238826109e-05 0.13662379750134576 0.15544987500781188 0.001913958589754341 2.7755575615628914e-16
1.1722316604437413 0.00769202058846286 0.12708793862779283 16.687163656186172 3.2610455353535484 4.0897019062860558 22.649418144288923 -31.4078713352413 0.53486151767636414 0.77743594804327154 0.59493694407257058 0.0012471787232078424 0.089799375987528296 0.093274698054449642 0.028255823307703473 4.7930757621381916 37.714639279623938 -28.349746163449549 2.2899432372053146 -0.91969066129266397 -0.00099959917617352075 0.023523161783518671 0.27478676593604057 0.033267765400685954 0.70284405210966583 -1.1102230246251565e-15
0.24257356654687384 3.901243279071306e-07 0.002119091634522321 0.41385502829926407 0.017477499140471527 -4.4489585414982447 938.04093948926243 881.49046936166894 0.69794860758546262 0.074109823133957684 0.057187570384721699 0.09588034932644339 0.0018774999535387036 0.095762760776773106 0.0010267728699957651 -4.3305738384993102 715.0305304364648 808.68907610056817 -3.0638311999353882 0.016518603441875657 -5.1997351580346613e-05 -2.8401594616689662e-05 0.1014452227821849 0.0429776692045842 0.024001897139819602 -8.3266726846886741e-17
0.52951838306511612 0.00046941781724042298 0.043996155119520874 6.550819328290113 -0.20363856970111607 2.7344664925014763 -10.244235540341576 110.72321145617761 0.010189250980818241 0.36490305598811351 0.26774020109005964 0.069984646219289834 0.040873238330831327 0.058069668911155309 0.03669514205128574 2.6967982403338495 -8.1625240850656002 110.42021591673233 0.027670259753062931 -0.017871107484631304 0.00019093243040856349 -0.00014223150475998575 0.055767607477461179 0.0017572236756126058 0.015726781221514934 5.5511151231257827e-16
0.32300490876110904 2.7782204636373992e-06 0.0039151330342382116 4.135519259045072 -0.78311544126424193 3.616731481770687 232.35577293378316 934.59910945536956 2.9852874977144688 0.1776699577539117 0.028296499622265697 0.073514462949535037 0.0017892010800231348 0.062514305189355107 0.0014051897559696539 -1.9666801511735301 -502.32779677592686 544.24038735368617 0.89133210410647412 0.53435537099842889 5.0959437352874129e-05 -0.0010845025899022414 0.16083614950853428 0.35353473525149592 0.80190263216957425 -1.1102230246251565e-15
4.4606915236801461 0.28786077458486897 0.32384602427699477 11.424312892464156 -0.2239696364033171 3.2294757801138978 -4.0750070882204383 -0.78269147916792237 3.9075155889866764 0.49133574587813333 0.33958799113398674 0.00029015192542618528 0.19909352608015135 0.00037876187349914495 0.10510252283907463 1.3745375190721278 4.2444168401970144 -0.77651803228647764 7.2992328155438013 -7.3991425322733733 -0.0013470760014061838 0.0017770932011512202 17.201501039011241 0.008348775334510769 0.001385430310987953 -3.5527136788005009e-15
1.5862458172285652 0.046715483487962679 0.23171051826020697 17.790234252215704 2.3198329522765864 -2.4734299311769279 -15.559344587426157 5.335612974079627 0.069153956815208681 0.70331641716241233 0.58567314888383248 0.084964783605325611 0.16947970816661248 0.07774846211876929 0.16719418578221495 -2.7779178665208377 -11.988743054820166 4.9932783462650452 -0.18307490560986284 -0.6434183416360717 0.017715579539932309 -0.015992327653029964 0.36366516513103614 0.24099352346641215 0.082591507143744525 -3.3306690738754696e-16
0.015585026246439246 1.625355026882285e-07 0.0044003340604807442 0.021030895504715572 0.00091331970545014535 -3.5040135989112233 148.96964613314469 -591.96989158768508 0.075488490161439353 0.1752704404265702 0.13743611484606807 0.038435867465525624 0.0010634717774032393 0.08185888566671147 0.0018235256489117493 -3.4855896708410135 142.66325531140791 -590.51185651628543 -0.26381729883052807 0.00021819227693760731 -6.4893494417019059e-08 2.369824632670038e-07 0.00090253985758640158 9.4625390308555718e-06 0.00014011371871697545 1.8214596497756474e-17
51.5279053986702 5.9060207143740929e-05 0.0016931124840703015 119.77392155903779 9.608048027374041 -4.3978445793422303 -1116.4325497286691 -502.24058948245033 3.7348266799098866 0.63580603702187821 0.16523042866590285 0.044365969299869856 0.0012427352968359159 0.011395998105177019 0.00097256567908384894 -2.9821509651950548 -1761.3424939292042 -418.2928388263299 -13.113252361971394 37.063332508785052 0.024663876078330607 0.0049579715430015875 46.371827390439719 42.007274047304563 2.2819892709683112 1.4210854715202004e-14
60.247640442000282 2.5832488668035234 0.25090114304858874 371.19555138387403 -64.658575653401996 -4.8634523495654758 -9.473626101344502 -3.4689059612710618 3.4468730097539098 0.57795710021860391 0.52655717860767648 0.014229822284758997 0.24113226423936748 0.064668951413540995 0.16860359081509926 -5.8837276888883823 -23.450382160072333 0 -16.969756236216014 161.40071747347639 4.3901852526596086 8.9610473935014578 88.721384227826476 83.840811326264813 15.542515361274857 4.8316906031686813e-13
7.0307551452183352 0.0027955980375356329 0.024427296256540727 96.909744091870337 16.026007129724569 -1.2945128393711802 -10.348785793163005 20.510761433725765 0.034948757364333886 0.51107863852428181 0.3097192917957709 0.0022826280900071663 0.01827277466263745 0.037042068584678414 0.017658074447273377 -1.065651277717909 -19.464006349894618 19.718327557051794 -0.041242401534076947 1.0489805674406103 0.00014126638812263738 -0.0022153265905065092 0.85592524558800742 0.0021057727329503459 0.044560285276561036 -1.1102230246251565e-16
3.1917716921176864 0.04251240082756251 0.14396429798094573 40.640057864584151 3.5770955142870178 -0.97169463082785068 -33.071178870293501 25.714582016481607 0.46829478900459132 0.65307419766853236 0.26332036988825375 0.096257112958328298 0.10809759884222858 0.011879282420458449 0.13520162315464077 -1.8723441614886094 -13.00561450128713 24.995579974218831 -0.69677646835736795 -4.5498028655943985 0.19802613978946237 -0.030566503016511124 8.6511054043110693 4.4211914033579642 0.77501615972825788 5.3290705182007514e-15
44.213982540082611 0.00022469058167491146 0.0035663266838630238 324.39887912473995 9.5092342083152026 -3.2648397647110441 566.04529924779388 194.83167303701228 4.4493781077068508 0.36621075321271307 0.2222003042337207 0.047640275989332931 0.0025586574726282484 0.03063225703316599 0.0017210771008317671 -0.42911519533326231 -120.32414116040746 0 -5.8107476914585732 83.06849809141778 0.14202865252264568 -0.043776841943382452 161.50224713169823 49.183309678211948 4.2645576780530279 -2.8421709430404007e-14
15.813932701835384 1.7609708007152645 0.597494592212783 159.14049048438622 20.884382190620826 -2.3206258585975217 1.4478094536947341 7.3778360408125625 0.041954469132292636 0.34524832053566051 0.13666142288397443 0.015942928668496625 0.37744087783995561 0.068928690323717443 0.10554056749085734 -2.2075208931106816 1.1154044494305937 7.3502540112635346 -0.094987996560516499 0.91244114448890268 -0.040176856976222357 -0.048571148660303348 2.7645384493710257 0.051490939192665487 0.35768012570086571 3.1086244689504383e-15
0.01570840954676074 1.1033769262442722e-07 0.003331863062955031 0.1061469128756479 0.014269958350492943 -2.1114172725418379 -455.72757305889826 919.30598671597465 2.0559040868232454 0.30753252284095273 0.18151579581815017 0.020324217302228567 0.0024974966415251833 0.022736123778189787 0.0028028997387591552 -0.60811062101567614 -182.51368964615926 793.26543138811917 -2.5767407255647639 -0.0057231091350334641 1.1077173556442373e-05 -1.3907024051977025e-05 0.00086621730126806862 0.0040941658639191908 0.011908385951151023 -3.4694469519536142e-18
37.477078031752683 1.5080978205743976 0.2720875216811583 122.18327501684563 -18.907367726894147 3.3315825796269447 8.6240871371316121 10.208434749736222 0.2117938851953611 0.39622615708646747 0.13681497691440941 0.014053341298185574 0.21738225098370192 0.085308892674407055 0.19296915858674202 3.1302617146883707 9.2104271813550334 9.9259611433524935 0.68428955431025851 -3.5404528950265886 -0.079054911027828315 -0.42599783015709231 2.8488174435922873 0.7049529713362459 4.2886044809898225 -2.1316282072803006e-14
0.69676786102203803 3.1640477139079898e-07 0.0011100968270858003 6.9156969617525714 1.0986328906746783 -4.0267382497622064 1765.241338578224 -54.254142650582985 0.10099028273570787 0.55619082336511549 0.34912967185417026 0.090254540609465736 0.00098748013276816885 0.047126736866305113 0.00092004755515018354 -3.5175446142512112 713.01138236477323 0 -0.38094962973743551 0.24383851400904766 -6.2246218023507099e-05 1.7166269602361504e-05 1.2552054881514252 0.077130929592583761 0.00046567061989244381 -2.2204460492503131e-16
0.12271146361644032 0.0043015172875365496 0.2714323005728505 1.5412390587225249 0.042866360867713754 1.1354106802377393 4.3476214411776271 1.4243823514311651 0.24301698012542422 0.71860631221014049 0.29882926922197184 0.0072983849219186991 0.24211534072061139 0.039045473064897418 0.035582988682599528 1.1938724665245857 4.3984170786046839 1.3034066733199181 0.2847512878168621 -0.0032433222061480182 -0.00066184409538984584 -0.00052037897076698616 3.7786656629972326e-05 0.0028579087680771229 0.00070974202258472475 1.951563910473908e-17
0.0022273346407663771 4.8011654341925266e-07 0.024019221728199272 0.028736061778814045 0.0032769745767786116 4.6716152091817769 -62.864516223983316 169.74929606039024 7.6788230276334515 0.57693033841039876 0.19152696745736092 0.034284665645132405 0.013867584363736522 0.001005305477282259 0.016774641657279432 9.8640971319798343 410.67513525632245 161.99885287986484 50.331268887887255 -0.013597912982935664 -9.9257066337209274e-05 -3.7211159898011747e-06 0.013978456325241632 0.027362099741665848 0.0006172366708042616 -6.2450045135165055e-17
0.0024013199111232357 1.0251770130509935e-07 0.0093674882862668125 0.019187733623586747 -0.00091965908545092962 0.73787709596289552 -136.56911453382239 -531.63480550089446 0.013121377707552697 0.48610288784424621 0.3262115394493259 0.029169052742405589 0.0012638514700435107 0.062544936002531831 0.0063489848265252669 0.69864979016266315 -128.97399229783082 -530.65958976637376 0.0094246059299539983 -8.2130116255433965e-05 9.2815707925927189e-09 9.9976875379620744e-08 0.00016113924000063856 1.2323285722715002e-06 5.3102437186054706e-05 3.415236843329339e-18
0.0022420404732230747 3.2035165874444447e-08 0.0061998168252793253 0.0082147359717992738 -0.00015816119790974345 1.2415738307661464 -138.33400420203398 537.6871954152823 0.13034151480548328 0.33518848352567349 0.30670266614281977 0.012766054739240819 0.005981395760137613 0.015947017520373398 0.0021476008507368802 1.0859084894651867 -72.22741307785904 536.5425197900272 0.15168378565096644 -0.00032839302535582932 8.1759008151570643e-08 -3.6669873527482309e-08 0.00059651353993500384 8.6076463158965208e-06 1.9695933898020413e-05 -1.0842021724855044e-19
0.073841249555147315 4.4349863094620608e-07 0.0033748107656319795 0.38168365404258159 0.013243826433086744 -1.1390837799960609 -207.4687411332483 -1419.249298402611 2.743121086258375 0.45634551847214172 0.24253455589676265 0.0093786175024816801 0.00068920597972945362 0.054722634386277613 0.0023106540984696227 -0.6476354465084686 -191.90274403050566 -1120.739775818035 -2.2515132982127857 -4.026051482772415e-05 6.767626785508475e-06 0.00013238856459066501 0.0023517704758578891 0.0016273774782306729 0.16813275380602172 -2.7755575615628914e-17
0.23343540963378293 1.3925882036420521e-06 0.0043959662671477851 1.5151456410783222 -0.17615017379032885 1.0226802214919957 497.22137809256515 454.88590701922362 0.031845305015373096 0.16750267648771966 0.12823326767069282 0.059082879713954886 0.0037944684720609429 0.0022484193536687516 0.0014928914608134929 1.0251551434754527 469.92238286355877 454.76960623841154 0.03260697090932814 0.0061872904398839433 -1.0817138668419156e-05 -1.6195909543327898e-07 0.0068174535461111175 0.0052308640872794103 7.3663492041548228e-05 -3.1225022567582528e-17
75.438306951952796 0.060044919961860094 0.045031263918499508 802.27884000337133 110.80050790773899 4.582533687599291 39.287661223029644 -15.88680491116599 0.077793310619512043 0.78818244050359154 0.21135224279187173 0.099016744718785438 0.028796523626800768 0.044773318636575313 0.018875409294432256 4.5219363252582969 46.216564322777877 -15.008375263504824 0.35413343186813162 -13.190900749225028 -0.17795750091321805 0.052745237885939704 34.65319977956208 7.6080591478260224 0.81478681392098995 -1.4210854715202004e-13
0.48754119998436612 2.8535299323094353e-05 0.010728240734327635 5.6249492332291062 -0.8859885429430594 -4.9334971654312243 313.70514442313407 -254.61416593496628 0.21396352786292011 0.63376749844547575 0.61651915272829805 0.099497856341051016 0.0081584286126505715 0.094762419192347055 0.0052480249439916483 -3.8003980210294377 0.50227967367402471 -233.63887687303514 -0.93436751304004984 0.74200175085713094 -0.00097696408598858353 0.00059853615177063229 4.4908869718430946 0.15348468444678265 0.14611854866630139 -8.8817841970012523e-16
0.0019905316887000924 3.9289671659249421e-05 0.19507359717579781 0.019195815795223233 -0.0021977516984246583 -4.7306508808945216 -13.741466554089794 -21.850999000357685 0.058520739520819556 0.3941485251634072 0.22896484286984484 0.014699249205033694 0.16204397068301321 0.0093512962939073744 0.059893758069288081 -4.6660478574263662 -14.950405867037805 -21.83498531239773 -0.27495087961044518 0.00025720842007414792 2.675743066081791e-06 6.2917254200035107e-07 0.0004886538127992137 3.8386039341867771e-05 1.37430108999206e-05 7.6978354246470815e-18
5.7875892299156773 7.0613001992118226e-06 0.001473462482050922 63.329642287088213 2.9047163174334836 -3.4505517199082778 -2599.9519928264895 2839.5411808087056 0.4606518246308251 0.33585958290653889 0.3171721592712311 0.026685261786173243 0.00029416540065732978 0.036713332073520691 0.00092922044201593527 -3.4221970367718884 -2322.5545804250883 2698.6000624254771 -1.6116786184096255 -1.1739576129228264 0.00022900390529101517 -0.000995227547316628 0.15712542747443403 0.54640197094138765 2.755855363098509 -2.042810365310288e-14
11.00821920907395 0.050273994753148914 0.10555948067644499 140.19451934061931 4.8471088859010587 0.22613260516663836 24.698068300833942 15.055938272974092 0.47455184211202472 0.55572968641701714 0.14920906230987349 0.0062978183892124177 0.019138897244026114 0.099492285207949685 0.054886989982841451 1.0616174017064102 10.057054041033229 7.8294030329650601 0.35227811052734426 6.8969953354364524 -0.0080190282414639626 -0.36330679473965982 8.4555495706967374 0.12110093863658873 4.1571999981919463 -8.8817841970012523e-15
0.12754133651156457 0.037480264502134465 0.66814985521008963 1.6077476983275247 0.2201804813625021 -1.5527148596384821 3.8859185990223066 -0.93767840578126871 0.020593023848344456 0.18887306840131968 0.13169182945743735 0.042252998069879547 0.28604765715136454 0.051509158278108848 0.42211355179973137 -1.4829783635267324 3.7975157246559594 -0.9184718664411089 -0.031257051470449451 0.0043601040140881144 -0.00040016024828575555 0.00071986617463983926 0.017809670549063416 0.0015373024933251953 0.00066808989801071176 -3.1225022567582528e-17
0.48018890166656175 0.0066191421761588355 0.20899148861854172 6.2153312893264872 0.7536230385731818 -3.9114053786575331 6.2186019645138702 6.8643385698227783 0.018658383788164191 0.63533723040535106 0.32569755013613827 0.019710900859755878 0.095380669646367058 0.082463879913375171 0.14538788455309717 -3.803464747149123 4.9931050108353006 6.6542857207460315 -0.071973503841571571 0.037770505403917555 -0.00021802442260858727 -0.0013903696725462206 0.18994827688847699 0.0012222129698785866 0.0093979426140767715 -4.163336342344337e-16
2.5159864352726453 0.00028722357764882702 0.016489183043758439 14.593167561792168 -0.95769784224705612 -1.1192171088294076 -228.90452193713625 32.956639619175363 0.076478979976823125 0.24612753485538913 0.081490894904736128 0.060332534860473089 0.015644746976278785 0.061089847527459121 0.016431835440366607 -1.184477136191034 -220.01552604635037 29.056082097591862 -0.088092093018820511 -0.090949589506314488 0.0010534447723329265 -0.0011203320861742549 0.23185917997495267 0.23645623887182524 0.03473742094514469 -2.1094237467877974e-15
5.9536767110164819 7.0057391782898353e-06 0.0014585827954367548 50.983125000478495 0.87406147206089535 1.8851604666276565 -2434.8980538381211 2720.4981941981464 0.35571431583669799 0.79050398143821599 0.54254858837374886 0.035126815469100028 0.0012720937609637399 0.0086643100568027272 0.00111091573622315 0.28473188526633209 -270.68933618212304 2695.5815853123831 0.38593088669662678 -9.8393505510294226 0.00081037437127636316 -0.00017455926306111612 30.089794522045441 1.0962693400604557 0.47271344749578698 3.5527136788005009e-15
0.36540714336472674 0.00085909949777789377 0.074062075014097145 4.3499697923323666 0.84736310028533979 2.3768782952953753 -13.866124545269448 39.042442389328741 0.02143688255130996 0.77664755519038331 0.44449135760574882 0.011561956580936218 0.073311131255750533 0.072706385377998339 0.038518370577339762 2.3131578574174401 -10.200869130727339 38.73846249082338 0.050269877083551122 -0.04144872643805661 7.9040399166691239e-05 -0.00026114897814052837 0.13413818485888329 0.00095113239344651 0.01015620191414872 1.9428902930940239e-16
0.19133135054706488 3.2926493179158986e-05 0.016470419668644713 0.74272895172950582 -0.1345342834003716 0.096916397968818124 261.87404870536676 -73.065577538118688 0.035932891471144229 0.62142417505644965 0.17245311160036866 0.080211836825472602 0.0066192079590184768 0.078167032726285945 0.0081809571311106163 0.095705365983534449 259.14144761307836 -72.547249403156883 0.0034607284695401231 0.0046024974192736953 -1.4169907207305011e-05 1.7066727800385953e-05 0.019304535940988139 0.0036913706182001662 0.0012425672408257261 2.7755575615628914e-17
0.076834152601298972 9.7380167775323966e-07 0.0045123256101569208 0.95387224403897841 -0.15441642320785934 -0.51518514526820525 -246.76841673239309 1074.1331558360966 0.022696911632522368 0.58201673258611364 0.32096929194632895 0.08912329122284833 0.0043147095764809462 0.057300106810682566 0.0034007316832535689 -0.651241130457758 -206.01955008883419 1069.8008983663135 -0.013237137053002179 -0.0069489704162152095 8.3252975307299822e-06 -4.2187595925338418e-06 0.0030460827903995144 0.0018847972710605064 0.0045223711784631972 6.9388939039072284e-18
1.9793363465397351 0.1299514550613779 0.34239373876731144 25.821523575575856 -1.0062892824119343 2.1968547840505099 1.9310584574022513 -2.7203220339909464 0.148741859253991 0.49236198342145926 0.47921067608966839 0.092362813315739326 0.23448448214028544 0.072916617346770074 0.16154573478655052 1.5184193566594961 4.4347170661651729 -2.3721804249029836 0.26104199357195268 -1.1931745614019371 -0.083181419894769459 0.04524150866839019 0.88700108968479641 0.30928110287428207 0.11519624706892399 -1.3322676295501878e-15
62.761708636740245 0.036717677627411335 0.031066527814085605 357.30199559608815 -69.125882550920707 -3.5181149244761798 22.737971602029333 -127.96143131738965 0.59335109714976619 0.44161477985564968 0.40119559631011981 0.032682760331845806 0.030615718923625041 0.0088503547190928906 0.017880626412896308 -2.8164168959398803 -46.829066623229473 -127.04770655670369 -1.8793007027869877 85.055685471004963 0.088044735382238004 0.033549851203050818 234.40589032554135 4.2196579075540104 4.2777593155470708 -2.8421709430404007e-14
16.237748241037831 0.00028348471740246683 0.005249246821177939 75.294769871500151 -1.5070795940923314 -1.7628009830417621 555.64969712444304 -430.13518096243689 0.33204904873111718 0.41472566365239522 0.38365197272031654 0.047023230496537241 0.0021954320049064643 0.028377861897003288 0.0018126192703737443 -1.2029036332101697 368.93310332030819 -425.59865225848182 -0.49237969832196843 9.5918965529701197 -0.0025810683391703083 0.0012860365576288749 37.499845422084078 1.1932056965846833 0.55025249656100117 -2.1316282072803006e-14
1.8492703604937868 0.0037204433817260973 0.071830385070414754 23.878494068745272 0.99656914215640047 -4.5506966597759551 62.37222913208695 -5.139153767596782 0.28377942064447909 0.62261341541172677 0.43587777012497841 0.023640203577317765 0.028542178386642809 0.018746806962986917 0.0107144888368759 -2.8005946636018457 4.1181880504436279 -4.7733131714725916 -1.0430725963684691 2.9536059355724817 -0.0045722099025660703 0.0013610892246169728 17.909667473581617 0.1520040719338577 0.0067458759700696645 -3.5527136788005009e-15
41.465703329173536 0.29149910268335927 0.11370218678765465 450.59256987976158 -76.495999941357766 -3.8925053281817981 -17.105647700872275 -21.282313586273197 6.5618324452953578 0.68715437893839226 0.37511533660143109 0.095788853726075734 0.016368917584224447 0.028996801544998674 0.062125565627710148 -10.410967602147764 -91.563477328636111 -3.0100482745000967 -44.748483591235832 231.66131153583063 4.6360071914764713 5.326348942374131 33.912976218927426 276.80685131915112 64.694797952449761 2.0463630789890885e-12
0.01224186819032297 0.0026956125688718607 0.68008814422656672 0.11507314801119391 -0.0046516894659858043 1.3358754077254122 0.75531014095604876 2.6781847576275775 8.0490342170460991 0.17621432625079075 0.10400359298733858 0.075222886195374719 0.4424012426945772 0.0090462239402144488 0.28549363416018586 0 0 1.7907752886430841 1.0518809708440378 0.021087997018724179 0.012305673248561995 -0.0023921121183305039 0.0016545269805469682 0.0051445571439790198 0.0053451267415094489 0
26.040404639610092 0.47571477726005212 0.23127647955673475 173.13389549224075 -5.9563990763393164 4.880700957938009 -3.2856114171784947 -13.089544239297192 0.048470832709615129 0.72758982727750743 0.71436295364205427 0.094176323698151626 0.11908417635543324 0.0098417718632545902 0.029839682408697027 4.6393988094753444 -0.17325725239625589 -13.084363599118012 0.23072358160256926 -5.9948939631941132 0.094114897130322284 0.0024645070889033481 30.933816920023233 0.16276553451216116 0.032252890706034973 3.5527136788005009e-15
0.0269674313954988 3.079412560324361e-06 0.014538625002555238 0.39795363812551421 -0.052967132348295094 -1.9139774867370294 253.5466891218924 -337.34624488943012 4.33870932308111 0.39733578659553587 0.21051774748744834 0.085208177529515261 0.0095164797137070704 0.074867800438135318 0.011167546175485207 -3.7056039268180498 -254.87994402268239 0 -9.6419668289218414 0.18149342782717226 0.0010730095274987517 0.001038828263690769 0.16112253172693103 0.21278447234045161 0.17522240692054381 0
7.4150871860404663 0.00036660093485872409 0.0087136501809667345 50.379930251313425 -9.8124986593306556 2.0930784209187445 -363.42749387486293 -143.94141351422005 0.58442983152722761 0.5467754118371313 0.52590719389752727 0.04683285301283785 0.0069473278790624544 0.017967188252884025 0.0043884537604944821 -0.35979316609910494 -41.290751708738867 -137.60872663822676 0.40670835790456605 -12.45353973556503 0.0095798420599622104 0.0023215689289067124 34.019328364628024 1.6502932309598675 0.32681902865362578 0
0.010167033557291438 1.3272701360000958e-06 0.018199297559221853 0.078331095095060879 0.0083261048045072169 -0.71915565529434478 -248.29265370180968 12.074911398722602 1.0834259299398958 0.55461213842971313 0.16302244978268418 0.075732596077390954 0.002989611279854045 0.066409590334305296 0.012518333587323325 -1.0824574201465798 -59.477978016689029 0 -1.0301095294919613 -0.012714419075276135 1.9214584231807344e-05 -1.6026669294371656e-05 0.023837838218316358 0.0028229552484904602 9.6760305873082913e-05 3.4694469519536142e-18
49.008296018892956 0.00017144689832976887 0.002456131486792528 613.05139185309054 2.4213125245335698 4.2438851160743933 201.06856206687613 337.03159568388486 0.026507724726640088 0.21018423038354528 0.172595617384527 0.023228001592655013 0.0010413834794132635 0.018008866586714578 0.0009442835322374687 4.1879640036958845 238.95681409234339 335.41973130143822 0.11175456770171652 -2.8047819150292472 -0.00039308988218663484 -0.00027634914889870452 10.309100655094978 0.086484761636778651 0.092915675944099593 2.8421709430404007e-14
0.29317870679987357 2.4833839692726562e-07 0.0014995123931855778 3.0656220253729196 -0.30876440954719875 -0.36223590774205583 -292.60386525535529 -466.07688886286303 0.3041443146941834 0.32497112874608164 0.077601241183994515 0.073630958981483946 0.00036415894887853109 0.043297134497599643 0.00064387571279343368 -0.57453415905410588 -383.1473228664421 -361.40847682049377 -0.14546361929989934 0.031667612968145568 2.5000560992949487e-05 2.5993185655524486e-05 0.00015429031157502418 0.0080095186260849011 0.010754490368718533 1.3877787807814457e-17
26.845722315674095 7.2939862547040644 0.77853823941433065 366.15351677048591 -50.856829983472373 3.870095236181756 -6.0140805328372577 -6.3289490723219677 0.64116698693123653 0.16446911972131284 0.10256610443755922 0.0089992819784322393 0.64006605797306659 0.063464963869484553 0.59699874289740307 1.7585220253285141 -3.2585648025795959 -5.1094629124613329 1.8044417850758436 -24.078987622405322 1.3522812306933196 8.8949152878253113 154.68012050224513 6.269612122980087 50.871852815946632 -8.5265128291212022e-14
0.011945084849076708 3.8899070965989148e-08 0.0025684074734060773 0.029440093187650951 0.00028512701133462577 3.9728853158667103 -455.38074831845773 -829.99803510805668 0.20880662480078441 0.48520089258116189 0.084806561924873389 0.085905565584028828 0.0015312444627911474 0.085401133707097732 0.00054066680459097054 3.9342255801226456 -400.17075579784 -822.70114901856527 0.8255285690585219 -0.00052133023258205775 8.0862895161495351e-07 2.838420898258651e-07 0.0026338947790454322 0.00034591185791307924 0.00023455279513800073 1.1709383462843448e-17
27.173614264361628 0.0074481941127900169 0.022185874832407755 364.42772368280549 -71.579699374608751 1.6577790408149387 -136.17285853240114 -178.52358645795604 0.12216421077704033 0.79741709659768034 0.47560906068434383 0.084762868373380429 0.017739513360898095 0.003599596676217065 0.019541043284642602 0.55676227576475057 -64.11389250002054 -178.10314454419498 0.13526884608655276 -21.174127390312201 0.066942626609189912 0.0031315329868454498 70.489496991042671 6.7038605945655929 0.55839418606202718 1.4210854715202004e-14
0.078612412182617081 0.011442385096047671 0.53274179443970471 1.1445226083164801 0.093690365344688276 3.0045493298500503 1.3622582392055789 4.785356422308074 4.2073880618288326 0.23238802941089604 0.19421349001015656 0.099852536672439707 0.23861747306043662 0.043265446017444843 0.10012185102380979 3.735654598460918 7.0121297736547614 2.9623405849482558 12.703905709057469 -0.3367177759347027 -0.11473562633083464 -0.020859649247264848 0.098163637888699945 0.62768311922929931 0.080807121022725317 2.2204460492503131e-16
0.030973071473668665 1.8004597926819167e-05 0.033600318177484989 0.28952613220649265 0.0068878132773043952 3.9205023873235803 -60.581624066532576 -136.6354287783048 0.098990358556130767 0.3943909320784173 0.17864333838589325 0.095505908211586624 0.017724224146573896 0.088327146231597653 0.02752044575687285 3.7772119877979287 -48.332092762295687 -132.76599960479589 0.38099975302798011 -0.0051199708919865859 4.851523489455905e-05 6.966751647533179e-05 0.029074394487532927 0.0026419872775950461 0.0093842642251788337 -6.9388939039072284e-18
20.470584577795844 0.12063209485682035 0.10433178315602229 246.98653863544894 -10.407179585304867 4.8204181236369834 -21.184656436072427 -21.01890595119368 0.45301357507510703 0.78650218254385895 0.50316104706724429 0.056797240077052058 0.042424724144898361 0.09050387203818161 0.10073209648244962 2.1878690324463017 20.970302301595545 -12.563067770238266 1.5185878359601419 -49.175225196030787 -0.045297950673137778 1.0200454735389368 170.35971301367007 3.2187544384129514 17.127570143525091 -5.6843418860808015e-14
0.0013516002859662935 9.4094882780328674e-09 0.0033919342990836343 0.018670671869071599 -0.00085476230632669211 -1.5415172408914168 277.76479602648078 -1055.5734026909913 5.549078437659241 0.24638518277557442 0.19171748641898873 0.038661918759715745 0.0033765814327363398 0.062401918962524609 0.0027297858717895704 -1.0723134820194737 -316.13627725901716 0 -5.1446367043245278 0.0053773190180291079 1.2651207626976624e-05 9.9324055592241507e-06 0.0016275863029935036 0.0034914537286807358 0.0052421915665285769 -1.7347234759768071e-18
5.0213986544524856 0.58965473402392976 0.60276813522215844 66.110344588914757 -4.0370906228335306 2.1075186068889193 5.2079755394251981 -5.8083499877639424 0.034918394189583576 0.70621380451881466 0.63418423820233916 0.080363032997183656 0.095318685195526651 0.088650349875054185 0.36887924402353822 2.3338825644220691 3.8719408476393409 -5.6803262308094888 0.078108087241704177 1.2776323935206702 -0.017683085489855414 0.075489814355722676 0.65824390748445039 0.07881233021890699 0.43363901746655692 0
0.06629585220493335 2.6211677297680714e-07 0.003253733726393245 0.37494390200495514 0.0035868126019570081 3.3633300992904687 564.76995453237487 -46.625092413351645 0.45467568185204704 0.68157027235007162 0.49775137006552606 0.091839666023776009 0.0024023537308313428 0.033567278082680119 0.00048821951507621651 2.8394240468288161 872.66638440518921 -35.966386727555083 1.3499401713729022 -0.036363634688738065 -3.7612765991648466e-05 2.7938255384705403e-06 0.023427513322727522 0.03112995369047377 0.0001153730918419611 -6.9388939039072284e-17
0.0094005883690374738 6.1244201777285551e-06 0.034613320333966226 0.10517341138117249 0.0093019412175133522 3.065419293351912 -80.875335737423413 112.05242713786912 0.85635595645671803 0.22174443192748877 0.15520158484032551 0.052342009732418593 0.016598471309781093 0.091199655898220405 0.0073031509864268018 2.4258216541098685 7.8670681849667146 102.25755470615169 2.3512284468489635 -0.013978366896550395 5.9658078066415627e-05 -5.998791435908736e-05 0.055394248389534821 0.0028248842167354861 0.0064280044185783423 1.3877787807814457e-17
0.056811519273016892 0.0011818141586011043 0.19872902082842425 0.059010967677999376 -0.0013979656928395847 -2.5264170536301456 -21.66690590944545 11.127197489213023 0.93937681109148663 0.72450177241120517 0.18713048194505744 0.036499987376311785 0.14190246185965089 0.043095783611932517 0.069127697731134599 -2.7321239376670348 -19.679629737911402 10.987460861559688 -2.4698757336993049 -0.010373304052499021 0.00028711455946087876 -0.00016514272503588169 0.015343234689714118 0.0059355961838121907 0.0018260374716420661 9.3675067702747583e-17
0.029792627520613166 0.00013110092714672616 0.10317214766871348 0.088326274599590554 -0.013908506769734008 3.5417384850731981 32.272138894960094 48.090525635148481 0.36014572076663626 0.65191635141807447 0.52008790204879041 0.055445209074587512 0.025135875312014836 0.050573318250424708 0.10115913439581113 3.3505267031394848 32.475108630073791 46.849190741742326 1.2311027651611979 -0.00068761220133034149 -4.4332907118331868e-05 -0.00016274015542512904 0.00018324200840448841 0.001464098606437149 0.0077252520995964623 5.377642775528102e-17
1.5438023725294778 6.9285777674134702e-06 0.0032542135493229853 1.7684687612197776 -0.12509242329771034 0.96810640492808275 -510.45398776058812 -323.1443009856273 0.040586103356904678 0.45100811398081669 0.26451773143191559 0.0097858199844249594 0.0030265635090741387 0.066436710641566268 0.00056835197505765022 0.95251966771360608 -501.22991071059818 -322.75313944387091 0.03897536414710074 -0.018985827870576136 2.1257968719261965e-06 2.7101931616805931e-06 0.049485245791361925 0.0010753172333740737 0.00087525341309947888 -9.0205620750793969e-17
0.11362407549368207 0.0013005134334561827 0.16754314581312138 0.7925682404702219 0.1310452608528532 2.272564285470815 24.131289226932331 6.8030549008050727 5.6169685765204695 0.27785714326580391 0.11735257978922253 0.041662603106955048 0.028752719868131642 0.038947284212495416 0.14412492608762487 7.1881820854509657 42.903468539791575 0 27.89989676568193 -0.17754458430937264 -0.0053329068056535457 -0.0088474642870369161 0.035538918614034104 0.16026746731844899 0.030094892638812171 4.4408920985006262e-16
1.2436498754488854 0.00014295880144830499 0.017444819684042944 7.3967261068161054 0.91746613170866098 -1.4150848995409238 -32.975674859211367 -59.926135171886571 0.068215521891789935 0.10251521313642649 0.086666767816292442 0.036891385587260496 0.012577432682147113 0.023053816634244596 0.0030452004385116489 -1.3295986088468672 -36.674181376021529 -59.678352710140018 -0.093615008976231082 0.04372958378170258 0.00023412064513812471 3.54226837511979e-05 0.033445573488601062 0.0081532346377851794 0.0021183559747345107 4.163336342344337e-17
0.012155289055349386 8.5260668852007157e-07 0.010201384025415223 0.019628999651483764 0.0035215833628716806 -2.953709470598429 162.75586632748212 -421.51587403040685 0.039439730335279484 0.57327748699365377 0.45571535288362558 0.049084415897711869 0.0084084870517769639 0.053077405272266537 0.0025431728728248547 -2.9132589299813567 158.15991164773939 -421.39330833454841 -0.11569582580223636 0.00035279771546079805 -3.1951672137900294e-07 1.0450033207202196e-07 0.0016124184746992682 5.1268978608717415e-05 4.4042144731852109e-05 -8.2399365108898337e-18
0.002096376551062611 3.5694678394980112e-08 0.006768972813794156 0.027636456920664042 0.00038584498372560801 -0.94695340533466066 -163.00185219262934 162.49408866457313 0.76048037757058717 0.49672622865009441 0.26224291579432574 0.09524000157477909 0.0063947353110026754 0.035645695596714787 0.0019230375270206832 -0.22963865541922776 -33.925185066670451 122.13310362664157 -0.46328972127678536 0.0012103342825466876 1.2800069975518587e-05 -1.4406723806335711e-06 5.6216130691705793e-06 0.0011539333866659256 0.00020502726735561674 8.6736173798840355e-19
0.03541757992979061 6.428516753972089e-08 0.0023815495155304848 0.12204671346531258 -0.004662374336886493 4.9789293499202785 1678.5653144100831 -1667.9014427642351 0.062442816837448768 0.058436805558601521 0.030658985594706624 0.060484653855923609 0.0015156262756955293 0.052484494736276713 0.0016715475502185266 4.9641123552222028 1676.3536365159696 -1657.5011024300836 0.31043576600066314 -0.00023365030729254177 -6.9862786010309166e-07 6.685876208510459e-07 0.00022817542531576593 0.0011719199237523886 0.001111661488031733 -1.3877787807814457e-17
0.11033915777710974 0.0026799871942002791 0.21481819828865117 1.046438600279431 0.091191205683017945 2.9591370182862198 16.037122542540551 -14.832029556796419 0.021838335837618586 0.71702394158110083 0.38894170899509201 0.036772983570699767 0.028263189917441103 0.032853943314914383 0.064366379409020777 3.0577397816345462 15.315807253917805 -14.813997421503263 0.065699288125122754 0.0088882816872068986 -2.3751078562038494e-05 4.8325891669745028e-05 0.0031922401004666028 0.00037233294937288002 0.00071633534409585502 -6.7654215563095477e-17
0.9048146626981568 2.0187405666743089e-05 0.0061019359821001175 5.6653024552491953 -0.52062564803822564 -3.2828236961027626 -47.899238778515077 -581.93888008006229 0.041014162215507716 0.48022570287258709 0.099485298079964993 0.047509969935546174 0.0028758782817719882 0.0060864528715214201 0.0021577184402813538 -3.2808750719699526 -53.313787173714474 -581.78772057131926 -0.13460230300373124 0.023116168469647598 3.1747695197127864e-05 3.0515183233823325e-06 0.068725563540344314 0.0016066401489551881 0.001775566522646606 -2.2204460492503131e-16
0.079450710752078837 0.0099382004952088161 0.48470815492854524 0.21051033780038284 -0.0069264856626635573 0.89040095486081583 5.3253153066309862 9.6923900205227049 0.033574973256957526 0.69395557460156954 0.24420401628985516 0.076991163632032553 0.46341684582944104 0.020569873982673861 0.431228336156671 0.90919811657448535 5.2157599306989431 9.6860816052955521 0.030210745348342918 0.0017260044291614362 -0.00025217486908328432 -6.269429533448127e-05 0.0028563181775931681 0.0013290971339853623 0.00060745981161984194 1.0668549377257364e-16
0.88276538329774845 0.00032113583454232902 0.026776842825998071 8.2453816064603576 0.11136127689267575 2.4626254926614513 -75.286893611856669 -95.391566986196565 0.58706331193694616 0.12793579621279316 0.11827728956252224 0.044544507923290177 0.02558563253936455 0.03021064036972293 0.026469213356653191 1.8881214073932286 -10.369539815445691 -83.338213414761256 1.2770819422727511 -0.57252843907206641 0.0055167845612433342 0.0038707637581966402 1.9020413145171315 0.23627404475145453 0.34591037824323584 -4.4408920985006262e-16
0.0049017669775906431 0.00079835107142408148 0.64583682715788326 0.0095493938466212226 0.0006005404195037425 -1.2221907771612726 -7.3345596844432377 -5.6496345245951467 0.1033475941537112 0.15618654775275814 0.021414324911160455 0.062032842845255814 0.22492164826148545 0.044783863839091546 0.44849014264377662 -1.2138406325794344 -7.300215236483008 -5.6248056676191434 -0.12587899273978778 -2.1133944578410503e-05 1.3769847114666963e-05 1.9822144569027398e-05 7.4134128327997851e-05 0.00010075930660935835 0.00011174179171246355 1.1492543028346347e-17
0.030417759583395012 0.0050002613142490875 0.49145610223257213 0.31368235056201882 0.060327726608435051 -3.9507562986534852 -2.4945784514208023 6.4393307031622706 0.064911050909626386 0.65068885520341302 0.37998917090830886 0.082045605020686946 0.12165960444312582 0.068765285953236638 0.24678870377202783 -3.5676555316377336 -3.2143847527152531 6.3702255310305622 -0.24401400653778532 0.0077371308941572067 0.00020324058959035092 -0.00034554391882470617 0.018231415563751574 0.00058014652377911548 0.0022131321297842216 -3.4694469519536142e-18
50.31695461451686 8.4471461758504343e-05 0.0016419981087284438 150.7489608083412 13.624772070837919 0.24422803858641196 -2817.0808785696331 -2115.5313630719033 1.8138197402019003 0.61714974299010572 0.13985253589201133 0.043872217924324421 0.0012244328953432699 0.016472276867946677 0.0013315055499373691 -0.024611758502582459 -1899.8658962476256 -2044.5351709726328 0.19917217204287968 -38.240080406540194 0.014688350598378077 0.0059971521259129619 152.28794559079142 34.642083991202313 12.474275929292265 5.6843418860808015e-14
2.6929994397775792 2.7122687470307537e-05 0.0041830095639238569 7.7328947777954653 -0.020229925259922246 4.0571904397414116 -913.8106577937732 -781.73287830952836 0.10451804730948318 0.64013879725683731 0.12206260805363874 0.092489134710374052 0.0020317840645089 0.015814101844271979 0.0026720790820667002 4.0197716813444897 -892.99589646995275 -780.47367891282431 0.42209415454427995 -0.098654303114699637 0.00015188037270399445 3.415287169960484e-05 0.77122267559365087 0.13720922643279732 0.026676920058547077 7.5495165674510645e-15
49.433671906474878 0.35611449939049572 0.13303973276625777 287.82281173869541 -30.684776838600079 -1.302651920268636 -10.001054862269974 0.44340584447763021 0.010830187661459682 0.64879802995430946 0.25106003995635445 0.037355259448108989 0.035064269077366116 0.019900750034894523 0.12107796070843238 -1.3150551818351819 -9.8846799711004305 0.42231441188712227 -0.014199468757585248 -0.28081687133875888 0.0040829845913008742 -0.0075109649583971292 0.0048316942946768403 0.040427116388050438 0.0032511972546651145 6.2033711500930622e-15
0.023186713431741883 1.1055522376785627e-05 0.028317731167729891 0.12764740620342135 0.0060377477907821841 1.3366988410069585 9.0776803020146737 -110.69602251969016 0.19760696941834197 0.27775159884508122 0.17457568048287747 0.013503488914401784 0.0087582156808255762 0.050197655433298162 0.026502592751529171 1.1982402830447128 20.087017371448933 -107.66068646684523 0.25046081898191858 -0.0044034999486915732 -2.983155419454419e-06 3.3557225653291175e-05 0.0037629251356450445 4.3501412960671324e-05 0.0036637226781856078 9.540979117872439e-18
10.720707363252892 0.10393801962213105 0.12160823371674273 115.16956666568241 13.706450223838194 1.9119148466919338 4.397576973332642 -6.2684151177890959 0.022844934617663636 0.38331938483097955 0.27762162296823262 0.0079439285229254697 0.095769429097764897 0.039911846284196618 0.076721633668957637 1.8729891526713616 5.2329317629657348 -6.1909024160548789 0.043232942199794046 -0.73043393370992171 -0.0020016580089103806 0.008056516713815404 0.95458761555190197 0.0096384924709465181 0.050189349977073791 -6.6613381477509392e-16
12.904491385605603 0.00040485628987056536 0.0074733517839943309 105.96627777964365 -17.073846714262004 3.2604637486032839 -552.90044162390666 -294.05423419267606 0.095457115527316005 0.50298446958665588 0.33721864169927163 0.064617820746186161 0.0064426680940511778 0.060898781226500324 0.0014042248601031369 2.8698349443342033 -479.53359023563303 -291.91764831246604 0.29259031527434404 -3.4110458813607769 0.004211085429787511 0.00086501023245166289 23.614741256893357 2.1738339543902412 0.25343583714795631 3.5527136788005009e-15
1.2638783299419472 0.037714351692738325 0.27790071603993277 15.398557543833629 -1.8817358840950664 1.4733365470188708 0.73890721214594846 -6.5506612054073718 4.1923251641610575 0.4269191204080961 0.39901239492706131 0.040046832917284683 0.1184305037470353 0.066406031002459134 0.12975688444903197 -3.0279657073081152 -10.895854283704017 0 -4.4371151106974613 2.1997503234338853 0.17251470307573441 0.24705394052071078 0.26853377394107586 1.4303044114940326 0.80918333190602032 -1.021405182655144e-14
0.045469819300932586 0.0083446900978524398 0.65691907263370819 0.23450856445332666 -0.026071254854874281 -1.3972211536089163 5.4088773830074173 1.919745299345007 0.045516474429122697 0.21128781057223256 0.18588110371864855 0.0027961272079447875 0.6382841517458484 0.068073965689851107 0.46821280023359585 -1.379683721517984 5.2504005206203077 1.8789752304872971 -0.063197459870409867 0.0019840954731140904 -1.9050146085591953e-05 -0.00034021358988569424 0.0097014211526365458 0.00010153040061551525 0.00064618817421336727 -6.9388939039072284e-18
1.8697933826038873 0.083190947148332806 0.33624472613858269 13.964393404672402 1.4579364447703786 3.8188171573158378 8.767661065668312 -12.140417655224361 0.048081974834480658 0.28970614821916896 0.1174047162987185 0.050587332124240464 0.250272972383206 0.027471761768574 0.23770633259605359 3.8141485964983706 8.9840940809693386 -12.087712200266571 0.18350403364367374 -0.078829707570505364 -0.0085008058965671488 0.0043846167178222852 0.065587566388137314 0.075452112412476791 0.05311553160297753 -5.5511151231257827e-17
0.0019280504273666381 0.000261841846359913 0.62398580891953026 0.013742056203326986 -0.0020025247536966588 -3.527091129750648 -7.0936702506667215 1.9395687921731006 2.5867225081373766 0.53592892915171553 0.34422986364796299 0.047555767544872597 0.12777863757299426 0.045553800009087854 0.37518183084140905 -5.618403379136562 -9.004056340424107 0 -12.119445771430117 0.0011478203773038083 0.00021600460562386939 -0.00050786027368467102 0.00017833331890565341 0.0016269344383704075 0.00049251496881163887 1.1275702593849246e-17
0.080019560843859069 4.0293179013969379e-07 0.0027237464350910261 0.52325097421684208 0.020337305302086203 -0.78006085687061688 1637.2777895355543 1474.6089780245532 0.03444530532792929 0.24250502887198427 0.076927595605907381 0.094563150320996603 0.0018356164024788133 0.076861823429117598 0.0013283808556759653 -0.75397933090247471 1620.1407671005966 1470.0418641286735 -0.026420241326579059 0.001386507563430767 -3.1285560942603722e-06 -1.8402353778386387e-06 0.0072142916614438566 0.0050955083384604267 0.0027094253275563086 1.0061396160665481e-16
0.021096480759514306 3.1646056789031114e-06 0.016470926711114414 0.17615775554817384 -0.02122162847822362 3.6679270101324466 -133.60707395245495 25.472356918033142 0.044078227623745268 0.72336404798213261 0.11990848980014664 0.085833736955986006 0.009867334401887435 0.024009025508809002 0.0093294605232655398 3.5794540634706156 -126.68308702762155 24.922768777145883 0.15972585631914957 -0.00093105604637915896 6.5763324391276111e-06 -1.739229751709618e-06 0.0053696801129460865 0.00085587731461951252 4.3824350975100761e-05 2.6020852139652106e-17
0.0022566468036510066 4.3473371083843167e-09 0.0019666116194033871 0.013969945571876285 0.0019245122375492016 -0.021686863017316149 -2510.1435725953197 -2268.4296601963761 0.030780999283960359 0.34235087977180773 0.32778236412685863 0.01048709754361048 0.0012763622480415405 0.00016448159711575095 0.0017209720712412244 -0.057895860750714741 -2445.0581205440931 -2268.4016610205772 -0.0012248178816596869 -0.00014094932880445539 5.7558131443149609e-09 1.2172185595457037e-10 0.00068116402438182018 1.4260607519051791e-05 2.7611576428736773e-07 -5.9631119486702744e-18
2.4741310969649142 2.2822033687224194e-06 0.0013260417544992569 3.9136619802553181 0.24886500231424774 -0.68713826498737518 -1195.5862881963583 970.22098494461011 8.0865395694026514 0.13872460192453212 0.026823490424101343 0.0020638061770091309 0.00064538450977921823 0.085334708222134847 0.0011319005699853182 -0.21685302606060985 -683.86908107357488 0 -3.6550806727274598 -0.84890935458136196 4.2153483968943386e-05 -0.0022142416002457728 0.6741380207679315 0.039612795889432346 1.0741518331478919 4.4408920985006262e-16
6.2773498592528076 0.068230558559041796 0.18715331313098091 91.053087055317704 -7.8753695538567516 4.0424829372365014 -5.728715687220137 10.633740318049021 9.7449911463261714 0.76387443909195474 0.50201222622154262 0.045636970754111307 0.04757600668202458 0.087847536184056538 0.18324498484467708 -5.9086018255519672 -31.570917589990938 0 -17.238244311467799 14.278966041277776 0.90912793248831858 -0.72554604147228752 18.695828750621502 25.892936905949622 3.8576340969023653 3.5527136788005009e-14
0.028716131550391592 1.5224764866081256e-07 0.0037203875203904017 0.38022322645508727 -0.038977807271842253 -1.5776728722798006 -660.99197486197681 -803.77469106287526 1.0627023399454676 0.76542544860706196 0.28184300967731318 0.093955924044604455 0.0035824878667364635 0.041072257869317612 0.0010935069931760678 -1.9442930780440315 -522.60498869752303 -684.57645505286814 -1.9951283987165798 0.030893892935972937 0.00013600634698406541 1.8147651157040188e-05 0.0023181936622117139 0.069376716522976542 0.013505038699444728 -1.3877787807814457e-17
0.18879813289788877 0.05999074597503766 0.69504680447205436 0.83364362699566197 -0.14560449440635431 -1.4017205771508912 0.94250889606697019 -0.41213957732200768 9.8182616697697256 0.63846864535191528 0.37656559726742239 0.02707022370273441 0.34877086652670081 0.067469826936100138 0.58226801444022325 -4.8161589065536097 -6.9292583975145119 0 -26.84807952580914 0.78494344488988932 0.073339240978147285 0.024724560689383956 0.19254815820810001 0.29893635923791739 0.0050949849959975148 -2.7755575615628914e-16
0.0055941334220431993 4.0064260698850635e-09 0.0010417270615195873 0.07232875611162122 -0.0013616727210059578 -4.7247207209319573 3220.6781129208966 4712.5866044607073 2.3563063906377755 0.71346626362273324 0.1828282292001831 0.08988733652902392 0.00027332829145888392 0.018572081702243483 0.00097464355897993328 -1.7298835776535506 -1660.5919549888013 3942.584296584916 -6.2078375213762209 0.019962036691253581 1.2385461701027286e-06 -3.084957320145236e-06 0.071686006145666489 0.0060905749520120045 0.013350416414144365 -1.3877787807814457e-17
1.6107293005231142 1.3596490809005281e-05 0.0049372518431897577 11.43452815397322 0.95438550702081282 -2.4953732155261199 -16.708200349976902 803.33006165012546 0.21042521393812444 0.58693489939404997 0.52542590528009747 0.0051635802576209706 0.0037245848809455942 0.042176596830179484 0.0027738279891482468 -1.7778105088644842 -360.08098540015192 782.62672937324214 -0.43416476612318594 0.95497250208826856 4.6274830133587384e-05 -0.00028149266701842687 1.1648571712896651 0.01070237082141955 0.22321760344057628 8.8817841970012523e-16
0.019467903484214372 2.2148215315013828e-06 0.013545016521486649 0.28417905519869241 -0.010472267727605339 0.29672609953659279 -92.419759055531458 -113.45267134440742 8.4153126021497311 0.56971285072625077 0.24651621647169542 0.08555747516215606 0.0094189168396172293 0.017819603258751759 0.0078775233788939917 0 0 0 -0.17423214148647848 0.082350771514177357 0.001320135833009065 0.00025127741929994351 0.0074070773472693354 0.0047334189338476594 0.014254047234053673 0
66.232362572049595 0.011337242679450367 0.018363262207859814 521.13422375738571 8.3941373638027343 -1.7853363948575973 147.81179384531339 97.775909939379119 1.1652717902095824 0.25215086850048357 0.089780219630572103 0.066192050667437982 0.0018893383062328867 0.087112191963742272 0.0027042094039315076 -0.81448686791009617 52.80521346702298 85.15796449549677 -1.514750353816914 54.520206398506168 -0.075943812170980604 -0.14305270961335922 171.29719926445372 7.6178101608161581 13.084593208989515 -8.5265128291212022e-14
1.7478246475341623 0.013827136544848405 0.12750358920642776 22.400791548251075 1.8008041826734156 -1.4754845840593287 5.1343028806323527 12.787317275466467 0.019571504187888812 0.40789475944955017 0.13733224533389832 0.036976073557844949 0.051364372756024373 0.091877564814546508 0.035981500704463619 -1.4208719756213752 4.5188822362132317 12.682497296829098 -0.028343027268705065 0.060208816491226946 -0.00083266507839918939 -0.0014493601572469943 0.12424608010074159 0.0040189350710600584 0.018457467226777213 1.3877787807814457e-16
10.245344388011588 0.0068653632959612687 0.031555886949884274 29.867007151064982 -4.4020752110418195 4.8351309982469974 69.895686095046585 94.106800904474326 3.3709243242712912 0.25638410950766893 0.12924798316551803 0.084853874282080993 0.0089680517567947669 0.066605961178833453 0.031492943118722992 2.7699944405674257 87.780592095751061 63.345582465213411 12.137441994491443 -6.3189728355274273 -0.0766144152283392 -0.21118694001194885 10.575874081266871 6.7686999298970107 16.625943520716309 -1.4210854715202004e-14
0.041617524338369814 0.0010344118135610879 0.25129139653608246 0.32949148261926425 -0.0044370753441397891 1.0505068978347385 17.053577420654207 -5.880533093746517 5.1534715413840217 0.76771148874477901 0.52988733643301478 0.036948493292988861 0.19361918632135727 0.071682809118245136 0.13816429354811294 0.73642795737398459 2.9305736986034949 0 6.8622517024643495 0.0097951535642062555 -0.012147564074621696 0.0060828929022083292 0.059631606086058803 0.067572997518179412 0.017885326508575938 2.7755575615628914e-17
14.107146476680883 0.0017341848322044882 0.013972102945277728 186.82731372942257 13.651466086408192 3.9568814156776 -334.28750575176571 310.08567945006234 0.15979987579287419 0.37338214872752662 0.13673894716304455 0.034086709380983626 0.0021764113853287768 0.073004521377737816 0.012382566878181907 3.8221386340706323 -300.11946397963533 294.52308988998874 0.62154321887002273 -4.0823387418035813 0.0022148426293826678 -0.026988406764903577 33.971221724443645 0.70255580046929333 8.1587137002885317 -1.4210854715202004e-14
36.853471179296257 0.029199341646071082 0.042272839307930396 239.08040599476115 43.079022140608103 -3.5144831222521788 6.7399256271556931 98.600429823628843 1.2489380109586756 0.3738052209763667 0.1493406956841366 0.058622009459174708 0.0082350723986768775 0.085796457554277339 0.030831859096491721 -1.284253653489704 -30.380113437253257 71.549582221008279 -2.7978124461497735 28.388669223919248 0.1161889497115456 -0.78986694096472088 60.784639868777141 3.0849247397664046 67.197934759403964 5.6843418860808015e-14
31.95955513053282 2.1856233704397535e-05 0.0010289782859373966 309.86765346002187 -23.106806457346188 -4.4997853778164494 715.93321587555067 3387.8156495410722 0.36323225254665054 0.050010046778247177 0.0067785391582791867 0.076097931839220423 0.00073547809613716617 0.061539283873066036 0.0008545707498684356 -4.7385304458980029 391.79140940455073 3116.9925006806784 -1.6778271331925829 0.76295119316613424 -0.0062994588645977918 -0.0059191740340536108 3.9590073042992877 3.4890328551270016 19.251545749646422 1.5631940186722204e-13
2.2191148415316939 0.0033502817783625013 0.051314555231008113 22.576820759913684 -1.3281774801926045 -1.3540099901965217 -4.2152989543745694 44.419481468121205 5.6431809048763419 0.19776231222336099 0.13623097214761823 0.045656836115589239 0.032483203064910086 0.031019840040308323 0.031758620811615977 -2.0314886493268083 -39.588936125071001 6.9561313993841694 -8.4702832899920235 5.9917428472126701 0.18895196721590166 -0.12551277909170525 0.73943029781542535 5.3700687694703264 3.2241479742700858 -1.7763568394002505e-15
35.568859978906424 0.10663341377209373 0.070616805631533053 266.44864937511392 50.410465370456656 0.64035883800201532 56.401788515313392 39.528618329791762 0.27058760373200907 0.27210222597620981 0.22081616894158276 0.0068510932367512826 0.064999853714089756 0.06072260017307593 0.047250573601473771 1.4714449422896836 45.557626790904656 37.588690596206725 0.28571396223066448 15.920338246215598 -0.032106552649109298 -0.20686111670333301 40.503286223942062 1.6367826678007451 7.9762863207939869 3.5527136788005009e-14
12.851121111876129 3.9285533321968959e-05 0.0029435371753764625 36.514929061177085 6.5370617736308922 -4.5529958099824865 -1228.8859276889862 -796.84313140895665 0.028384631471784074 0.14221652111408012 0.048679921813042343 0.0049094147156428132 0.000680027421834634 0.08349261740584582 0.0016083683673606473 -4.5346311073554357 -1232.5782713025001 -793.30026589547538 -0.12897447050085104 0.050454928291020884 3.4602690407169698e-06 0.00013918336118512551 0.046474426527755713 0.0042586641813017172 0.11066075140158028 3.8025138593411612e-14
0.011649113000294739 0.00013490317426568551 0.18851674727414336 0.0351046849599378 -0.0017051964682254935 -4.5438548777816923 -25.580706734570771 25.996001720657912 0.24767593697149251 0.33299153915930285 0.25503121669590606 0.020761402294130028 0.13739604302539291 0.044116691869135471 0.14127145024062845 -4.6311377145264272 -24.566187256518756 25.594318150568888 -1.1418968609213802 -0.00059443149523746614 2.4801605984111237e-05 -5.4188388655382241e-05 0.00010174477591031731 0.00061259553367397845 0.0013977981520187639 1.951563910473908e-17
0.33058803018009381 2.4494479404881419e-07 0.0010975423442585906 2.2605502776119004 0.21197317186240336 -1.1872925459831118 -2136.318846455224 -1992.1373125077764 0.54712182696501921 0.67747319915416604 0.57977839971162692 0.070679717878959672 0.00027043139621641923 0.038190045136309886 0.0002051411796402501 -1.3705275173376419 -1248.7240465090736 -1952.5794316301642 -0.79469658506215057 -0.17655043729712802 2.3640144640639087e-05 9.6894969845742691e-06 0.088116752419252611 0.033932556053178881 0.01911116049866202 1.9428902930940239e-16
9.4442918463137548 0.00044837627073852974 0.012453025457373869 68.682690052891857 3.6880212361850573 -2.8492985468398455 -248.01781336437165 -230.38096993587519 0.12749221659296692 0.3236952288364921 0.12549039083089578 0.077270837044002338 0.0075616032223325856 0.057462440434827733 0.0027553824660820929 -2.8339579843368576 -227.57184541518563 -227.288864423874 -0.3644075290779959 -0.32531325287833013 0.0051163526409805787 0.0013864267382011487 0.05343069540537649 1.1943048052361229 0.31726284781222264 1.5099033134902129e-14
10.099975932060316 0.063506440262392411 0.11740653382457177 144.14668089328171 -12.050981104384553 -0.064366017216594074 -29.849407920854055 -34.574944435269892 0.027548202111547938 0.28255291560702045 0.073537863711588464 0.057943974601921015 0.11311625715475053 0.079037465651458347 0.092174946053191348 -0.1261483811539128 -28.899705953899698 -34.119404940535496 -0.0026241645757353414 -0.29201752568667944 0.026027425724562559 0.028929691709510177 0.97928302485715402 0.76454409887951047 0.99365317481372417 -2.2204460492503131e-15
0.070694721430977756 5.5112085550925078e-05 0.035579772943344593 0.43970491742716661 -0.068246862989239973 0.87069901856412368 37.979709439974151 133.90717170813875 3.1759662068678014 0.22503773032904739 0.10625752568404488 0.073413367952521305 0.028708821406980094 0.07363111454107639 0.012026748022194179 -0.70165702194764434 -19.720671716059769 111.46835578919223 -0.025787575323301448 0.10559245830426839 0.00057696734840312369 -0.0012366499425864399 0.0039473567693441422 0.03623945152691474 0.15172181599584594 -2.7755575615628914e-17
0.73257838283353161 0.056578534744291448 0.36319162474396011 9.0565796108643291 1.61892829823636 1.8701429722442784 6.8296999606209869 7.7157678452767984 6.4132559427397133 0.29354932187097565 0.12427297535817912 0.062592223217376952 0.14635254113130156 0.0077124040766797797 0.20763841901219726 9.7732089165339247 26.909235375192814 6.0718179597785804 38.048678667981527 -4.5929862606393597 -0.53206345032571212 -0.093012275714534881 0.030369662564781588 8.6975411964607492 0.64120736616880902 -8.8817841970012523e-15
0.012977401060013697 6.2345657324129588e-09 0.0012335644231801924 0.15024454369180287 0.016662795192293273 3.9999307095708652 2847.1190301042448 -3122.7058651351431 2.8897371387276882 0.68925539641142097 0.21191286013770394 0.032115091012731134 0.00028051082960880622 0.062279511420951207 0.00028488122760743844 6.5172262515284558 5283.2475783686368 -1887.1571613768181 15.030069515052052 -0.015483144267614837 -3.9112523607338881e-06 7.7031096091789031e-06 0.00043682649958664275 0.016476312956660532 0.019295762010097198 -1.5959455978986625e-16
3.5594337514872114 0.00025972324172544267 0.012782940858319065 10.816758088210808 -2.051282522111189 -4.0602042480392866 -264.8387973891156 232.83581257470553 0.010990355867903565 0.66784132839676069 0.66553416431459966 0.013623067547959535 0.0077991438721507792 0.025597440830819464 0.0067433349787266641 -4.0443100372478549 -268.68419472577222 232.7568048892806 -0.044535748065906898 0.079118715247887508 1.2630795801097313e-05 -2.0520132179785661e-05 0.050814842645920552 0.0033694099842967993 0.0047770110261462244 -1.1712852909795402e-14
0.0015381244026710828 1.9894981322706033e-09 0.0016693226152583414 0.019178991055937261 -0.00040293854769239988 0.46460021425955755 2321.3732579783514 2844.7549033150995 5.6866520566208312 0.78998163233966401 0.69303187178380365 0.03085180071258381 0.00068214207421354335 0.097475817467372453 0.00080383808968110691 -0.020546624788943719 -12.308360649486534 0 4.1028590594201626 0.0015451551289075575 -2.0634928208065173e-06 -5.6596345669130306e-06 0.0028279014154556706 0.0010449055108072277 0.0080501365925987368 -1.7347234759768071e-18
0.027586480036611526 2.3378890803505886e-05 0.040151297009167669 0.071864573788224154 0.0020456795651178803 4.0910532845585514 -45.831535150175384 7.8589983576402798 0.81477800921133303 0.77993080229481992 0.16726861221420447 0.05330276176236623 0.027101115546821195 0.054688290538283835 0.018017318963360351 3.7964373307808423 -25.39283863852614 5.3911710480308663 3.2132769506196515 -0.0097941918509070868 8.4584547941304297e-05 -5.7695065193268179e-05 0.052630273057165583 0.0030122407296599009 0.00038223469384102219 4.163336342344337e-17
11.070714344312794 0.094263406905231342 0.13180380360911231 24.978564235650893 -2.8463125704637195 0.57408510153690173 18.297192998212086 15.749533003203533 0.18659631883391983 0.44775679904785937 0.336662956311922 0.078706394387621947 0.10655156099302106 0.04129858190724648 0.07287848945106995 0.6678499329672708 15.688457076224932 15.600712793241803 0.1158702528346779 1.5691551122075 -0.039087723480937017 -0.014028300007344476 2.5400721237015538 0.66421084621474036 0.21989532666826464 1.3322676295501878e-15
0.51139550291683011 0.002611619882474782 0.086605446348282905 2.2396186602525723 0.17556846207641549 4.1233529397344082 24.713682552189393 10.732348367363526 0.032018904426707184 0.23498939219133147 0.19005061017561584 0.070041436647739916 0.036591471819226971 0.092922331791562646 0.046237714897638123 4.1076956935952458 25.095254087075023 10.614374167334699 0.13177457976108048 -0.013628555071198489 -0.000183787287929568 -0.00030810376641434144 0.026693729141078232 0.0045771246897930492 0.0032885028067712167 7.1470607210244452e-16
0.0085295201946974028 8.3521024168379898e-08 0.0044913813467912468 0.089549196160811792 0.0074704525464358504 0.65483181932361489 -95.59805749570728 -691.54619712353701 0.021653197596058726 0.76118491159235102 0.56663154991938003 0.0079665809959461268 0.0038359922900923628 0.087512590257927209 0.0022968055083665687 0.54498339291981268 -35.804756671331305 -686.87978943203109 0.012989917934732038 -0.0010987135564869174 5.9256150187904187e-08 3.8974314958177567e-07 0.00098334608442991181 3.8932124456976515e-06 0.0002686160427327692 1.0842021724855044e-18
0.060556455200968431 0.00064545931052583771 0.13934951330042658 0.79195615102013017 0.0024917482504795709 -2.4016741773419117 22.739781596527212 21.690630921313861 2.4771831161428546 0.20017732712110442 0.19499758186895028 0.045839808603295923 0.086685689981995398 0.021299066139901179 0.079088457764110609 -0.051899086697263085 -0.37243823439392099 16.570700644167484 -1.5614981274449957 0.13612153331320773 0.0040504719401153483 -0.0033047066666272613 0.30414301148104855 0.033368552578076568 0.06322123874924114 5.5511151231257827e-17
0.29464638808443055 1.5898501665072076e-06 0.003347737882701094 2.6146503232464822 -0.30685600856088174 4.5975858447006335 -896.39886988067235 -1464.6205131276517 0.25702910874311075 0.14030238588127203 0.13678452606021999 0.070779922617020791 0.00046516454952582714 0.065713207452463077 0.0028423390084929973 4.0179223018397598 -688.91593825159634 -1385.6675797505848 1.1072181901371436 -0.091924842815309188 2.212649474373613e-05 0.00012552333427576253 0.63992222647696129 0.017538729884652847 0.17888883253228993 -5.5511151231257827e-16
0.013197161401675574 2.3284898317472045e-06 0.018648909554849435 0.091387355400750381 0.01155639806502822 -4.4992817107497851 -239.49896817406068 116.20758177914632 0.1175064483429849 0.69480633116028634 0.46502471901451836 0.067400204961500482 0.0026509947671213285 0.069216637678361934 0.0056292297266209764 -4.4147758093528173 -236.73104297965807 114.41064443200929 -0.52309693427958681 -0.00024271327212934887 1.9187478105016018e-06 -4.1841503410953808e-06 2.2285432450909205e-06 0.00045797459794937425 0.00048247066493211038 -2.9815559743351372e-17
7.1903148931089431 7.1642228867110064e-06 0.00172631043327092 22.519574173120155 2.9248047853778236 -1.3424862033347953 -217.28477794434383 708.39065930583183 4.9578510670782396 0.67290363935934838 0.190682868107105 0.02759091000391253 0.00038806233500721435 0.090380294157276317 0.00093877585189490464 0.43940183199472549 254.5323387533322 0 -1.6048263017880686 -1.6884104478984971 0.00046548241393668628 -0.0050750685741311396 0.73542976543703642 0.29312466558982309 1.7975655866255329 4.4408920985006262e-16
0.0024849050217569347 1.0959447572041311e-05 0.083179482518162193 0.024893691149208634 -0.003952506650425759 0.16046915627852965 -43.962823316386022 -20.513260245605252 0.016032761095482968 0.4443100884353946 0.1342830882667882 0.0073871781070927517 0.055523402257853724 0.033812930166439249 0.070137850749360728 0.11339937482168633 -43.541118581061937 -20.4268939652017 0.0021954343653503051 -5.3594341460527587e-05 1.6370134907747719e-07 9.4652672207494919e-07 0.00020238298267633343 7.1622566691047054e-06 1.9375474983199202e-05 -1.9244588561617704e-18
3.8889393264602918 5.7454927300685758e-06 0.0016972469758583771 29.053791353885821 -0.043511423886313919 -3.4647536729521122 -1029.9829895577061 2642.6494151926836 9.1456913987585082 0.71042069376955763 0.3586368288034904 0.06543203315159106 0.00099761429024914825 0.023185533160017192 0.0015368223891584765 -1.2134698157929908 -714.96360462170355 994.74186740082769 -18.799793167109588 9.1530483823161148 0.017344925272751912 -0.0094680408356632422 2.0938519899727663 20.782451515579826 17.219484599440428 0
39.03077158463028 0.9935186426166619 0.27335345227834495 244.84295212275379 -26.899504476750977 -3.0004249473868558 -5.3928421486202867 4.2229190809407688 0.087810772834895245 0.637742602536987 0.30985527041824057 0.061830321148243397 0.18287131091288628 0.0075693456587348495 0.087423491069933634 -2.8902612220098307 -6.9810748024835254 4.2085989869301921 -0.25863285253127588 6.6618414790818248 0.24309861641242886 -0.014227280363531334 8.3547261607145735 1.5040410452078183 0.059978785720888758 3.5527136788005009e-15
0.0044288986049501964 0.0022727594954911976 0.96201192313820905 0.046777371427896342 0.00073136028207483183 3.0560168625542197 2.5434034047135432 0.49046117067006068 0.29291513393011837 0.38234042016428788 0.041501508685812094 0.021952738867139568 0.31365897934255521 0.015640984289082283 0.72876761339245555 2.9759927055249462 2.7425874827583825 0.42174209841438021 0.88343344525083212 -0.00056864537240438305 -9.4346123563315715e-05 -0.00015618192399044348 0.00026920334649731617 0.00024935637471199359 7.1234830817990119e-05 2.2768245622195593e-18
0.0033861913005343493 5.1039926605586634e-09 0.0015016771388621267 0.010141969694671831 -0.0016032490557365748 1.1648092963935364 -1369.9256081428559 1184.3817331997238 0.10100361667608999 0.62274035160428098 0.47840776622745945 0.093893736256471391 0.00058953875905695988 0.052019108362000278 0.0010613239275641859 0.97226163826062428 -1214.6297193392722 1173.3012155032941 0.1079259467467111 -0.00049006925184600866 5.6703284712008205e-08 -5.6554880997768026e-08 0.001474676840160139 7.3276388294078363e-05 6.6669239297182921e-05 -4.3368086899420177e-19
0.078798599715521361 1.1097557433337002e-05 0.014562465155493191 0.89524222494907291 0.01106674545648287 1.3029466618598953 -117.74723756434904 -141.66155951546116 0.51824674521363057 0.75028726709105864 0.19697427079237814 0.016346209791305678 0.01174338033774066 0.034040361498016279 0.0089886268805111635 0.21597096672953175 8.9193241732725301 -128.86959469095842 0.39358705863203836 -0.091387467514008072 7.4862632445073799e-05 0.00014195956432514601 0.14103709505509501 0.0048570471849803069 0.019202242393761088 8.3266726846886741e-17
87.931929658341446 27.408788140910367 0.9672940760759754 1062.7047352508091 -54.437855646407577 -3.7033568585761012 -4.1100770627387702 3.8458721383649848 3.5795466514616368 0.46222751088974973 0.40609583852717612 0.054090305602672063 0.59740091501963311 0.037877928591842226 0.49290734049771223 -4.3496515946352892 -4.4967210098923927 1.2546639020978771 -14.534412297527938 138.03290062213736 122.9209650418783 -71.021877576827166 0.74514430952034427 516.04606564104631 181.12482312097407 3.4106051316484809e-13
0.0040716299817490573 1.1571090225152632e-05 0.070854942387855432 0.014603987086738202 0.00058455303768213142 -1.503789385256602 56.57313556015766 22.863269844799984 0.35847459396359715 0.75146059287776024 0.2657403762220687 0.075734357930610632 0.042229098423841246 0.088353738814475252 0.032119312494316224 -1.1106445348717036 46.607268552976365 21.579323975148647 -0.46860406898132501 0.00139119294716411 -1.6743050190262803e-05 -1.4856653501947692e-05 0.0069039866434742496 0.00086377734235890081 0.00033013410855538879 -1.7347234759768071e-18
0.22463234800517623 1.4297719913857875e-06 0.0031803531975006958 2.0377465145881448 0.37945968604183256 2.2690076476562746 -1088.9408100742446 1404.6731440099313 3.2509095294700669 0.22582539551991038 0.061872705308336655 0.049511710938036857 0.0020980223880873294 0.076372146817424519 0.0018895336946639398 5.9359396423807382 93.956355445662993 736.05540147243278 13.336770666990464 -0.40987756545285237 0.00038771781007822194 -0.00095597092122370908 2.2229659243260871 0.29994127477840249 1.0232371198573331 0
0.86579033052344689 2.4820983103665517e-06 0.0025488425522513778 2.8097826511749338 -0.099043372538624275 0.96625691559775628 407.90389193426637 -1727.5097543860943 3.8714262018750869 0.66242142441568508 0.46098315442690807 0.0098798717091779023 0.0011071506571946625 0.036298445170914566 0.00051957406812752909 0.6440479784535017 252.68252755927111 -1644.8564496443535 3.1604335788257236 0.10447372538037261 -0.00011898760940624814 0.00020515362804568679 0.00072690341994179519 0.038116369107757592 0.34592658092775358 -7.2164496600635175e-16
61.715501403352299 0.57579551838847431 0.13765475429736582 841.141307787904 -167.36175579623631 -0.67428843335748834 -10.11205970725497 -23.237007439901866 8.0999508799749442 0.6991948596638704 0.31520523337392875 0.023638327646813385 0.090577240950734161 0.097562807198625145 0.12843580473335878 -14.479113444811924 -105.18425984426024 0 -62.324610146508462 503.65030376842691 14.587712054816736 13.37976474465513 4.2243558194615289 815.61304508216199 155.45284645784398 -2.2737367544323206e-13
0.060934428331125078 0.00023581781679740617 0.080341409729285912 0.73203088948913642 -0.11539834830197886 -3.6265115284646301 49.213363241458978 -28.467207971464852 0.018674599909629604 0.73932275549600046 0.19094852315159122 0.091573241718769932 0.019507507952938753 0.029436283740964832 0.069888524416448258 -3.6190392068213399 48.220483760449348 -28.347948480644821 -0.067653880553194046 0.0026103396324117152 -2.4420305614449566e-05 2.8123512757550359e-05 0.01967350771173642 0.0011896821604890611 0.00079892088865155127 2.0816681711721685e-16
69.092897864773704 0.0098485168832558034 0.020577146683188642 700.52022948222464 110.54381655780145 -2.3086960168371249 -117.47647619441516 141.6046861820077 0.41361912032508574 0.44968450807058846 0.065104373646577562 0.039981581728538301 0.0023762738420103169 0.0099893657965980376 0.0041943862469362445 -1.8264773772979619 -88.762421992655504 140.37198789771955 -0.85957060100485094 -12.405152951845963 0.027528195675227261 -0.012140249864772386 0.23199675206168119 2.7966369242340097 1.711633639682677 3.907985046680551e-14
0.0017750626039157223 0.00018992220048370817 0.40240080366355502 0.0059796829313309326 -0.0008511858431183288 -2.6522343538157234 8.6221341769016835 8.9422787862360629 0.069510279763816726 0.18488042116967279 0.058190274371896895 0.068907825208453732 0.13026031978470873 0.029644880541322905 0.32325993244383161 -2.6719403694985955 8.55124399029018 8.9213061491474708 -0.18504243726450989 2.4186754575312592e-05 -3.7308507548383433e-06 -3.9831693858116224e-06 0.00014795951911394952 3.2035655449096048e-05 3.5576842317732842e-05 -2.7376104855258987e-18
0.0016691585746929564 1.9309642697295866e-05 0.1692412036197016 0.0067166965794693296 0.00029731668388200506 3.0944593154210054 -4.4104276980649653 -6.8168327511345019 4.5524584512004642 0.13532007998181722 0.071059389596356715 0.013687970473016309 0.14908977392696124 0.08624754797640434 0.05253480555354003 2.6036159790583695 12.681532093905128 0 12.970125514964602 -0.0021728172139421228 -3.7690563953681632e-05 0.00013163060475163162 0.0044809691939622781 0.00034457270467222576 0.00044865190876128166 -1.7347234759768071e-18
0.0076528449297481984 0.0032322676981258701 0.93338591045798447 0.010253384428380707 -0.0017643705532893346 -4.389485135867222 -3.6370610204301999 4.5854768389695035 0.016504463265654301 0.27425917625781965 0.059952548122481054 0.052210971445319214 0.68390097619121393 0.030124763510899179 0.27047871750920743 -4.3919645305079538 -3.6381213074363532 4.585050241702624 -0.072466556718940645 1.0145566278598918e-05 6.0425971773303206e-06 -1.3788765658446014e-06 1.0099388660286889e-05 2.1980498099464933e-05 6.3225124439866701e-06 2.2361669807513529e-17
0.061818726730598572 2.0292162427512519e-05 0.024790229708625825 0.744253878819509 0.13242016245276539 -2.5416275558057455 164.41650237922323 175.2116745081411 0.17135301619107343 0.32171739447719211 0.085633101532274811 0.023614192845191728 0.011213550406907495 0.081970594095811963 0.018129714473238249 -1.997918585395186 149.41075620637744 165.87196051286722 -0.38893246171666407 0.010920802021992202 -3.3769847957799119e-05 -0.00018952299341860928 0.067268842211449367 0.0052989494037243203 0.032321595757640965 -8.3266726846886741e-17
0.0048894060816206389 2.2485303345760674e-06 0.034010121719578762 0.067444388065598201 -0.0004177325342017824 -3.0304753438562706 75.645827392838953 44.941371992195648 0.25140028591524166 0.59388712726204684 0.44412378108022899 0.025682151892874074 0.010718621084420918 0.016503680538923683 0.013529263594921893 -1.5118165045005183 -38.88661201055519 43.257660013379926 -0.57096673469368409 0.0075303578435873837 -1.4212774391354614e-06 -3.7858774590562431e-06 0.021689130163764045 0.00014670555881398224 0.00016695536359024457 0
0.11095813506306076 9.2875746762099467e-08 0.001349121414620056 1.0760666611476468 -0.098729853424853242 2.2036751692256082 2515.0310650452411 130.69711907388228 2.147374934599859 0.72173623433818468 0.51869818301788706 0.012312604237579594 0.00049266094859778768 0.082830532081762664 0.0003517634914489989 1.2053886993753784 893.46198667733984 0 4.0478691155392399 0.10124200758797991 -1.401667858367835e-05 -1.213859253364185e-05 0.026019120889113803 0.019810048473256611 0.00079323953687936372 9.7144514654701197e-17
0.86646844266829837 5.448272515264995e-07 0.0014151000333322299 6.0996258735429612 0.094463810714116053 4.0276552338012674 99.215848117723553 -3370.8692184364909 0.084231679583451069 0.71688865972410665 0.37988466523184483 0.029653447851960647 0.0010771571144391342 0.06514582940351997 0.0013714420701738772 3.8115816335779491 576.03706648164666 -3286.6165001404679 0.33015604399593146 -0.19517780132353449 -1.6410919287911867e-05 4.5903176942858691e-05 0.67177139270903752 0.0055407605402087558 0.15279987246719631 2.1094237467877974e-15
2.9707409314270228 7.5150071356945469e-05 0.0083634349302536461 20.506607955047599 2.9021967551417176 2.1493790439311198 43.76797489272856 127.22396034260788 0.86308198110580525 0.34951923870271573 0.29781005975743696 0.04937724263818824 0.0078755621954474143 0.045319056961735139 0.0028250243753727353 2.0915092255293146 250.07777820612318 97.071722883157378 1.6975971350166721 -2.6767499632070439 -0.0068826277012019599 -0.0022659427966492699 1.6527785338813861 1.3606000022553468 0.2541205938624746 -3.1086244689504383e-15
0.0014838641213967896 0.00022106465078017523 0.61838859311935546 0.0061156111688643704 0.00039000356612844635 -0.3923796050069841 4.9853577998500551 -5.9977094608184895 1.6083700461263211 0.45160087595624182 0.092844657377591774 0.03622363784137602 0.40278939977941614 0.0024372954282851135 0.54970514256033332 0.64579193421195935 1.7815487289765013 -5.9380959756434155 0.20379039980619229 0.00091323544525883141 -0.0001435145512386829 1.3178434282016881e-05 0.0017950398282666851 0.00048557477687932835 7.8647613773676463e-05 -8.6736173798840355e-19
0.04223064297793757 0.00023424968299083857 0.092404988192670137 0.3323284714048963 0.063775401771420395 -2.8584635235249833 15.65559053930059 -35.966732773965575 0.78945702272960339 0.58267740837182824 0.37824260555599754 0.019420257153931156 0.087514451527703013 0.044821113651071082 0.035228596354512275 -0.42395519245293811 -4.588011975814176 -34.19827370243199 -1.0345512454207257 0.052462913350468356 0.00010577741694492852 0.00041426097688901511 0.12614480400158304 0.002851954140981456 0.014533312063168253 0
3.0032511578202632 0.00014274667690868971 0.010388465214576632 31.461828897680132 -4.92511861955923 0.062776030277102102 -122.06047582149074 -425.04790889959298 0.16653780113064873 0.79269528318954507 0.50395313519188734 0.04092137427424053 0.0065373877455845043 0.033886972876273784 0.0022180861894653668 -0.50254258683378061 -48.375056031244661 -422.28897067028544 -0.056629983831171946 -0.8775753661665977 0.0014016876470883781 0.00039382926402999296 0.71930617772252503 0.082636932347024128 0.16685302983323891 -8.8817841970012523e-16
0.058105565821830352 5.5890975245886823e-05 0.037316981485812604 0.32933957664897862 0.048814927712068253 -4.7056612266414071 85.970287793607696 -16.135873235221965 0.14770368035695719 0.25985610979310941 0.18766823630000323 0.026656107213935177 0.036484859870317222 0.0046331884988747634 0.0096944481312733408 -4.42446263207664 79.028594279731934 -16.096780450044459 -0.67427644802375952 0.0091290589660579513 -4.7309095929287352e-05 2.1849338886486351e-06 0.069779715379978596 0.0039029739701163979 3.521310867900864e-05 -2.7755575615628914e-17
4.5728326972730775 2.5736783856918691e-06 0.0012601841739312851 27.75536682010587 1.6900113335952969 4.9496734168197669 1082.5527803138787 3077.7388101292117 1.5187650214305988 0.68031017688412876 0.55639295704045633 0.0064576281805283301 0.00069065939508485485 0.071778575668748207 0.00079160752075836292 4.4018075267588666 3492.987467876967 2147.0852771714503 6.5237128388785894 -5.0720291550769172 -0.00018800721544294421 -0.0023952028823411662 7.9564523960183573 0.59022230150665211 6.2572568568140499 1.7763568394002505e-15
53.715685357260917 9.111730663161234 0.53407941104035062 466.45985599034822 -49.439728829873147 -0.61639844450854753 5.2348038125556808 -0.65581449975358752 0.39878283879029025 0.76820592514293584 0.39339569806901759 0.075885506380344178 0.52365409226527482 0.037169629719810214 0.2310290945862965 0.26433298053809801 0.49493198028958885 -0.4805052740801985 -0.049244773662302392 67.024807523856566 -7.3918657860789976 1.5973704471032713 114.53794296906115 19.953816418700811 0.90756181259058166 0
28.143208785255332 7.1119703354132933e-05 0.002153894128797928 350.90267497160573 -62.568397932709438 -4.6838434212752178 2116.8064576562265 823.08827193944046 2.8903970532575141 0.10503799611377933 0.051201346689471641 0.097653341007705119 0.00088866733853125305 0.069060760995666465 0.00090786646971723506 -9.2645807338925419 -82.709189719050471 0 -20.158242037841411 51.930866432348118 -0.044575312052079319 -0.0585377937345989 450.20591303354092 71.066762266856273 24.090885744079205 1.1368683772161603e-13
45.429308487036494 0.0031509223762658267 0.013844965085312244 406.09829047713714 80.442786514893726 1.5994117326000179 305.13051088476641 -140.12647605452503 0.041043406209096148 0.44490111214042455 0.33130625054498941 0.09649066757423215 0.0027083893953299115 0.065774752419401714 0.011603815021239628 1.7936419605193963 279.48433861721321 -136.08912167043675 0.069631240507986997 5.5220989781344647 -0.0043558305134912831 0.012721390269738651 12.979468585547592 1.2732416000504185 1.756923208624189 -3.907985046680551e-14
2.6795260958196199 2.9778907770553173e-05 0.0042750411202657438 38.990137107589035 3.4613949122886498 0.93802591135435964 -799.28040556604685 -315.0179365741775 0.63124481132243904 0.69198671028695258 0.48542820810508386 0.028880288833472358 0.0018532482366735578 0.025325399561899067 0.0017790554507497234 -0.13019548883301071 -30.454792169324804 -277.77965686716965 -0.062061336976757489 -5.0473146962351292 0.0013173091596531785 0.001108915296929048 10.147610982386475 0.29201300704157723 0.32868115967491857 -1.7763568394002505e-15
14.15908636066254 0.043349614490400964 0.074548272499026319 28.379156342468075 4.2829179626699636 -2.4773485737853349 15.191524026184789 44.27144504890272 0.074356496998789573 0.20674717598859826 0.089058605208245364 0.087165061906622196 0.066708233074027581 0.0780877351874254 0.069578491918786373 -2.4415841201252158 14.585297709200983 44.006966166600442 -0.18287730204600389 0.18792921137821175 -0.012269879074833512 -0.011465057588655772 0.67078920069045456 0.18267900096302883 0.50605853421039482 2.886579864025407e-15
0.0010512003810769308 0.00012032220357603556 0.42013332112783813 0.0086393362250795653 0.00027993035290407658 -0.40986657711352592 1.0504613285649496 8.7893714864674664 1.3385275485854076 0.78993823462459267 0.71829055527760566 0.093146744874689907 0.17427078592110395 0.076447074768304007 0.33181889154134186 0 0 6.3514265453360395 -0.020790791659812988 5.615741300509403e-05 -0.00010280022139256684 -0.00029333890751398153 0.00014282732482394402 6.0345096961126783e-06 0.0022206925767695417 -4.3368086899420177e-19
0.67196427541920589 0.006662751147467609 0.14106353771429905 6.3079407020323286 -1.1860852552712642 -4.9294971957040223 -16.623057399468369 9.6667098692298303 0.02256968417996965 0.096452897483214076 0.057147208027219426 0.04979835462116107 0.018205908529501352 0.045005775698581524 0.025280535779069805 -4.9572272752299451 -16.775938833060781 9.6423982426442798 -0.11157012444167859 0.0081359468260373304 0.00012907449484190965 -0.00016198231792968222 0.021053161413921748 0.0021554792834702721 0.0015638670445581001 -2.8761715231695462e-15
16.495217140683586 0.0024227888047815057 0.016701837053237682 168.25582108559348 7.388273588045374 3.1289926987482701 -208.4440934056795 -271.62346262207063 6.3240423578080973 0.44060276648179469 0.34042103371404048 0.034335531803759402 0.0050891224258553473 0.01473249891327244 0.011007189572017821 2.3339748657280679 139.74360175401318 -200.40342903607456 11.041627163553903 -59.837746908257721 -0.15581504869901833 0.17255110004831412 127.72643294149037 18.650145990476673 40.724379703999659 5.6843418860808015e-14
52.79511062701954 1.6781327960168551e-05 0.0010289039607223329 122.68553407404281 -13.35266671009488 -0.43672859000228925 3376.8231265732684 929.9885477334351 1.789592999779158 0.69845309269019618 0.47607683756222202 0.094585011742841174 0.00069273926335237685 0.015791037073970726 0.00068030805079084887 -0.022339802152194596 -21.712232632976878 789.43637331525451 -0.0013642735009989689 45.773540769912273 -0.0099353590526213183 -0.0023586521344263014 88.798416932709586 11.915716111664944 2.0277626300086333 0
0.54701937761210462 4.7729024652618451e-05 0.013082209234663101 4.875380820151916 -0.037840581139901505 -2.7167344606664567 223.64752620814895 343.47988728153609 0.10395946647887164 0.70888899762520519 0.44480930711397465 0.057630779957723727 0.012655494047410211 0.042675919085766116 0.0086086591375863775 -2.311786927986704 154.10867539372566 339.57859559686909 -0.26138120037098866 0.22544803391859039 -0.00036966317356994298 -0.00018620484699452764 1.1239043342633031 0.069821278159938077 0.063594400146343516 2.2204460492503131e-16
0.0023667919329421463 4.8648851324083785e-05 0.19274585710716813 0.023710350618841945 0.0033546825904985202 -0.20734914053808673 -21.76882480689175 5.2402467897025096 6.626427021472252 0.13041996890783975 0.092875951973140428 0.01833442093890383 0.086472438440787544 0.082443219285839614 0.12881897551484253 4.3103521464574781 22.362878305918091 0 11.553906747519195 -0.01153710040463847 -7.6771642609806378e-05 -0.00025493198697374472 0.013229044627010833 0.0029573460021965602 0.00066795326316582398 -1.3877787807814457e-17
0.0094292821745832686 7.3691628677897375e-05 0.10711098362860473 0.052279466895195074 0.010384854565753507 0.33002937037277658 16.094054541397764 -18.117076335588973 0.65712340737811004 0.5132858351376961 0.34172823639100003 0.036120284191943151 0.09644829102081548 0.032504338662272293 0.056249142118757492 1.2547778833194805 11.714745218569568 -17.264727896477822 0.64112394955806484 0.0018955836517266715 -0.00011968060699676319 6.2810944679164433e-05 0.0028721439086647912 0.0013635077267682102 0.0011111822741346829 2.6020852139652106e-18
0.0093939240558228616 0.00022974738920925278 0.25240479168560759 0.10332341206616925 -0.015716101355244368 1.8232189852052327 11.618808332817968 -0.11291547703058832 8.6224097398717703 0.64919141150346893 0.11058160641497594 0.01511433602998551 0.21634576598725219 0.0087188461810751138 0.18154062797584189 -7.7394868877673915 -30.662995088491048 0 -25.405271848027944 0.045679332659394875 0.0018155484971275381 2.5942036049095017e-05 0.0022809080617001124 0.038758913466604754 1.4646286878141413e-06 3.4694469519536142e-17
0.13288847632869202 0.00059768242617629194 0.11449583607905532 1.5394208315552653 0.10738358465546367 -1.4724327168967855 -1.9838680728352347 0.000601589314692798 0.16713294394254588 0.1382632587809885 0.094900385337098936 0.0099666352780595439 0.10697264407786117 0.031567148909582531 0.10013116804709743 -1.1536386421154012 -6.2023354832230657 0 -0.21945151861745454 0.024416724225742027 0.00027430941795184027 -3.595593611673243e-07 0.02061730050222849 0.0011227763663488187 1.0815353483801543e-10 6.9388939039072284e-18
0.40417780473825093 1.0600035797180827e-06 0.0024356136355245884 5.2555940934560574 -0.94990162586457927 0.097290924521471922 759.84067223180239 1861.9862151575401 0.04366058787812787 0.15162118604515129 0.14631478372133699 0.079305171781342637 0.0020321042027642349 0.095957653831168249 0.0020019761236971922 0.07774622795650038 647.81090610181855 1820.4006529169606 0.0038211124888508879 0.033573730859731574 -3.6979316455367695e-05 -4.4080844839603452e-05 0.054615365417843696 0.026026996587048382 0.081161362085492642 4.163336342344337e-16
0.35621366752161138 0.00086192162208496793 0.058985272196430467 2.5859872723182655 0.02146956357764367 1.1047091890915262 -58.941392220598786 30.560001649449028 0.24018798232609012 0.092172373100414165 0.079848536054009989 0.072426677243721177 0.035975478602892269 0.027426230399163243 0.049318178305988683 0.97995531139118697 -53.669673443715951 29.585274578239616 0.25035568009888465 -0.049595767470316333 0.0016183885553191569 -0.00084013833830694565 0.21641259098551588 0.091124229936710516 0.025265176213471314 -2.2204460492503131e-16
0.0031382986018670136 2.9761637411470178e-07 0.014246661109162511 0.027137787304114161 0.0032378738657288541 -0.62214123884552919 296.8196953440351 291.94515872960255 3.5678065348599746 0.64732665307884873 0.46820985363846013 0.091705789101919885 0.0080057004277674353 0.025630818200571639 0.0092661058611232389 2.3478051176275789 164.7968671141918 214.68090090018393 5.5791860776006352 -0.0022315290390601495 -7.1083993412879095e-05 -2.2995108263855027e-05 0.010169836196032228 0.0089217266373359666 0.0058249605452386074 3.4694469519536142e-18
1.592149980065187 0.031911814106059054 0.16984133585215383 20.170761334757067 0.67608708493622016 4.8482987654615748 -22.87315581154694 -11.773264534085209 0.44147281366589836 0.4730161500595827 0.4498810809781969 0.062730217325468351 0.11561229802575805 0.083246049409298084 0.14465547383876839 2.5195946448264048 0.39016377468247898 -8.4130015613550828 1.6263623173151329 -4.006120286916973 0.061969909011203243 0.10723208733323719 22.379824848484159 0.72391135580570498 1.0823077244391088 -7.1054273576010019e-15
0.022925355399187407 7.547707087756201e-08 0.0024187574961886393 0.23107894870318943 -0.001569887250708858 -0.62556041265691587 1704.6364688777348 1225.922748029313 2.3006876283029789 0.12045998737355716 0.041556287551864579 0.095788402431595698 0.0019729079060658854 0.080216700405509003 0.00097023642973600045 0 0 677.71474207677397 -0.55436888905730752 0.017953014959358582 -8.5236978069826473e-05 -4.137713452092672e-05 0.043409293757449868 0.071606733487805385 0.039383532253599439 0
2.3633426693017547 0.84595970030672873 0.90268618253199484 15.23692519449072 -0.10266618161181328 -0.53869648483336441 -3.3033915653542056 3.415053932477127 0.026308637839151137 0.5590174867459814 0.47910775950723755 0.058534033507679509 0.24487238795450636 0.050269112188600508 0.69309620872135236 -0.62110411127409226 -3.0916646718369059 3.3985441724156655 -0.01525638692431134 -0.19205645245289782 0.0057457134914256089 -0.013966591673729843 0.4429713229080709 0.018372080450227226 0.047581371279969392 4.4408920985006262e-16
27.740922439953831 0.00025386988497604757 0.0040540351139745764 124.16539972154098 15.851415535137019 2.8575957008405179 -346.04201769461093 145.12850721253236 0.061058933552068519 0.70316367300691585 0.21417704768105916 0.05143331269895543 0.0018438077021266609 0.023465169694936928 0.00072700045968183014 2.8339521893909478 -317.28018867500924 144.61906256443697 0.17375992221902942 -1.6237633451968387 0.00071896860669421663 -0.00012933265421363724 6.8041200142495146 0.23845392125144974 0.01873691112560311 -1.1546319456101628e-14
1.7069794282345356 1.2305997554388106e-05 0.0035870847754976305 21.397754792448787 0.24779252006377203 3.9760822181381688 -276.57120029471002 85.725956587598674 3.2259409710722795 0.57612317577337258 0.44876653530997257 0.051976840097032441 0.0018157673059193389 0.024726863081684581 0.0011953471911475754 1.8497555691704146 515.6709932827838 0 6.8667867169520118 -4.4289598902938057 -0.0061377240971148567 -0.0010549434121145701 7.6385330443620889 3.4701922097083555 0.045218016574653436 0
18.695002907500943 0.87794872175249861 0.32601261691250311 47.147122367476392 6.8171513576298057 -1.9926588917091879 9.164897972552275 -10.659798809511713 6.4141173616974188 0.059553073294967548 0.016175796774012222 0.048312927089030261 0.19565872114599592 0.038877158140298365 0.23551166990085048 0.60791229541208347 4.0924414153203914 -7.5060297735069632 -4.4409635924303323 4.8916770241028775 -2.8586083228482675 2.7688474938629803 13.957927126926139 18.948770356498482 25.149204473017878 1.4210854715202004e-14
0.072775153868782902 0.0078350383523948883 0.5826399339227557 0.27473782075692482 -0.010009522037903229 -0.58510331401346338 5.1379605045344086 1.0799515978821803 2.6382281519840287 0.38524582110350375 0.24221354862359071 0.089484798797663356 0.13683847347763595 0.081736285786934135 0.53194512534839866 -0.042354007787096463 -0.07269327988203364 0 -0.18232297429199026 0.065906067101099836 -0.0024261656610608836 -0.0084614621881370245 0.10897600738084855 0.0086372912637840554 0.0045689848052491155 -1.3877787807814457e-17
0.13286399958096226 0.027633260852803362 0.60408223992475885 0.83822219508666396 0.15635195866912296 2.1440875985625985 1.7845406631668077 4.4014171865410292 6.179252778134499 0.35440058700094318 0.2184958565528636 0.04303992876875809 0.37702563929076899 0.028918790113184267 0.28112336979734381 5.721804001273016 9.4718957504622097 2.8775747973319366 23.195717940456461 -0.49078856434242962 -0.08404996688207271 -0.042108734239573974 0.044803890706428783 0.51678363886393874 0.15325456949044799 -4.4408920985006262e-16
0.0022287291890340038 8.7023778881827746e-07 0.024132009249192461 0.027260299648665314 0.005014900596816081 2.6024328057464343 75.03482021174969 55.845635635082111 9.8963201507007934 0.41871453362991146 0.32792286673909149 0.098886784803075639 0.0078582406172800351 0.017799092468722022 0.020947837039592802 13.281485254029404 550.3679829094151 0 77.041398462028255 -0.025828345927319134 -0.00020963700235139296 -4.8598982470225059e-05 0.00039151384408109117 0.067589295222546003 0.0013570205336339656 2.6367796834847468e-16
0.034349063813705706 0.017820308506203697 0.87138961714352714 0.050638025896969391 0.0072847601238036986 3.368733273785594 0.77256164916800107 2.6065828544014846 1.5096824851401669 0.35049364539125766 0.28260235066691203 0.0002458884087583768 0.31885460980697211 0.025248020609414581 0.84395358329647174 3.0599468830858516 1.8286421498410537 2.5151729905102278 4.8526329176984815 -0.021604198206303264 -5.9936743036161533e-06 -0.0016289519750522824 0.044958532788346009 7.7953841842946448e-06 0.0041715471496522657 -5.5511151231257827e-17
0.020817115035156594 0.00035266155693212763 0.2069408141028298 0.27963130296798311 -0.043246800238337622 3.5808937931502971 -22.460886889384376 0.99874478019117041 7.9410122257844336 0.23933860453544731 0.18449277272853559 0.025266478591770482 0.15349856874682299 0.084604966107045154 0.15916969548270737 -9.2195001728316672 -44.551386408726785 0 -31.064449125963058 0.076956095733525437 0.0081348871473713499 -0.00035221888916005375 0.15253642162440118 0.17862101871564698 0.00017588838851666805 5.5511151231257827e-16
0.0061585170808479729 0.00013634619163480056 0.20624898289618135 0.067039688333439984 0.0056651046405446553 -3.3777082454754592 -8.6162981546673247 4.1984459797594376 2.6949526692208683 0.1964418895064855 0.05004160210688248 0.076889341415641035 0.07796466287227552 0.095070479765115401 0.050303744030476522 -0.63856375152147449 -3.096081942100561 0 -4.9039328458228884 0.0016018792804749461 0.0010830464299045853 -0.00057244212012463826 0.0022577802797326746 0.0082440326990085213 0.0012016836589411283 -5.2041704279304213e-18
0.0028609255539203174 2.3393776574012282e-06 0.039004429600998043 0.029567300893311211 0.0022823326444258289 -4.6941301722771591 -0.7169249563280593 -72.174329259985839 0.013357581432667907 0.72740871300006937 0.25890548440603101 0.043089360989800311 0.023889985037127782 0.075393174088090972 0.021911516840679841 -4.6477324073006576 -2.248016943306868 -71.895432387425942 -0.062392345069751887 0.00010225410731170725 4.0656074428810688e-07 6.5244511238569121e-07 0.00047170927687406047 6.0271449274328477e-07 4.6998805914713504e-05 -1.2034644114589099e-17
0.0077836080911688884 2.6241224185782516e-07 0.0071809400854856899 0.065385980493697121 -0.0078863477068464912 -4.9302147520302704 605.41835629059096 -72.760492287295122 0.071662514515931211 0.33672861965951867 0.074980469237323349 0.027788651896434313 0.0029222278431265182 0.088410526035101564 0.0036169602652424628 -4.9576850122301774 594.35393883186975 -67.05043712050292 -0.35429588019419356 0.00035133776746105474 -3.8050313228775285e-07 1.4983883774497988e-06 0.0032504703464159186 0.00022825855816308125 0.00010474553583254958 -3.903127820947816e-18
0.49294663936376026 0.018158510542578006 0.30660694847408482 2.2737451792569727 0.14738660904049186 -3.8451320066822889 -16.272881396358372 -0.92407080345614367 0.036512766277831399 0.6538748654001979 0.45415276728449205 0.014538970238768279 0.032275260046412013 0.082421209771565598 0.083328174441578987 -3.9107021865033285 -15.634101351900584 -0.8926702604658987 -0.14159348059269974 -0.037704092593636544 3.8957396555947015e-05 0.00057018709093103678 0.038214387743515162 0.0006215064899138421 0.00051794115110633356 -6.5225602696727947e-16
68.752948315238513 0.0010987229663746044 0.00478780286151887 1029.1001438665419 175.34274989605117 3.7652738661876501 -173.00796194520981 348.54933950047626 0.46808962686534011 0.44053974212432656 0.33425662139849166 0.089524285307149648 0.0041785369755941749 0.054722674747649004 0.002110591586247019 2.6171194215640057 430.18210698970057 297.91210575405023 1.493766046285762 -161.01512556150607 -0.10816989708333204 -0.055636291670877462 394.48313956445395 34.128148938464747 17.983358761078897 -5.6843418860808015e-14
12.974390037375555 3.9318358925533797e-05 0.0027401372709729838 90.304706329622064 -5.4772738138046799 -4.733082886305783 -590.69307678401003 1342.8565746344077 1.7292388229168305 0.35046659837604727 0.15194141253974744 0.008585629787837324 0.0021194316845537273 0.088348005999696097 0.0011989983831001872 -4.3006545523542759 -1569.503323031395 922.1441592233848 -7.4804098757517394 15.082008390476126 0.0028415607299261008 -0.016541721753558877 21.186326153248352 3.5599823948162177 18.73350595554113 0
30.877625133868769 0.10420268710960658 0.077736934547384617 46.789178071735492 -4.3924006147349743 4.2436533021185596 -46.93970855117842 -55.913541980545141 0.20757207783428389 0.75326130018998949 0.18393115645910837 0.092930323002307802 0.066376753864058016 0.065810791415962966 0.020786093683303898 4.156272797779935 -45.032130348381152 -55.78604337811533 0.87179505710518146 -1.7863627346953086 0.059908411618293016 0.013285696975905358 13.888554862033905 2.7549433910430743 0.74200342170472611 -1.7763568394002505e-14
0.18060688296520552 0.0027750453761917105 0.19419664020465616 0.54781404767959885 0.031523191552624293 0.41450715949198447 -21.653398344887062 -6.6213447615638596 3.4606545179178676 0.57720779299106029 0.4599429058430472 0.090785167940217376 0.04620297652837474 0.074161384427757826 0.10602562855014283 -0.33251482502440927 -1.7122583824003601 -1.2496663418046241 -1.5292956501896664 -0.24400818739576743 0.0079519980742043025 0.014906651361141662 0.55945410447185062 0.044368020410646754 0.058665209188794469 1.1102230246251565e-16
1.5970005125860149 2.4592406845541612e-05 0.0049025888689601541 9.577511722976249 1.4785771000953472 3.1575880437533073 157.27060462504429 -279.52896118139086 8.0845491360834902 0.27109920246156582 0.02991080564727874 0.054151152943793357 0.0035041724907376925 0.080704140295622853 0.00094158818978222632 9.1924261819327207 21.523117216705458 -40.272166456903307 49.922148419444397 -2.3159896171625163 -0.014692702356334148 0.0058839004364248321 13.286209565791314 1.3134814691010144 0.94083899724005615 3.5527136788005009e-15
19.924994216094326 5.360835963466112 0.88766998166274647 171.3005528059164 -12.855016404096711 -1.6680399243315112 4.1518182499080742 5.1378361570875724 0.071795676632935346 0.43056985344062743 0.29670572169956955 0.080941475047463129 0.63525064670834541 0.059042121783879978 0.54679365964317916 -1.5312197095518452 3.4296270226728853 5.0637716792791059 -0.11484650506954629 3.649076588989236 -0.63237295462809451 -0.39704751625096607 18.115988550079347 2.3971504736866107 2.0252615265978768 0
89.371464409071322 0.0019387425906329018 0.0056066205110590975 515.09876329742917 -22.704615285729638 4.470983071836228 380.40807382881638 176.14757358616876 0.6692437917461983 0.099788745507816898 0.034652192999116219 0.0014406607822804785 0.0022557015802398979 0.037201215731886721 0.0011081857820450741 4.1673016071440045 414.37535755802276 168.8172286043667 2.8905591963719108 -11.945534389475315 -0.0011202584696696971 -0.014211652020251805 24.979519536897865 0.44518143528212561 2.4512598639834451 -7.815970093361102e-14
0.047898068219906893 1.6023814360301584e-05 0.02701422039863139 0.14644048322906797 0.018219111739419099 -0.99200531353984722 39.203637485355294 46.531925237768718 0.025387167039613807 0.16131127842237608 0.018650142133871579 0.098422349829541039 0.02618323670931421 0.05601524737729531 0.026406184375106955 -0.98090116144686101 38.488848435419229 46.188745689266987 -0.02504325311701161 6.9335801432054671e-05 -9.5805944215506097e-06 -5.4990453774438334e-06 0.00014115758300539056 0.00037217009860448586 0.000254937588427403 2.7105054312137611e-18
0.0037046712069551866 7.185859376446322e-09 0.0019069880477780405 0.05029118111067199 -0.0097556601074346785 -4.5878854966536275 -136.54675648015436 -2289.4219868504001 1.4421342133063357 0.74435640543663228 0.46735765404746799 0.095230058837540571 0.0015354818045191397 0.020506877013736415 0.0012674907055306623 -4.5802686397229913 -2401.8339522682218 -2027.0828340556491 -5.7639745835986043 0.014097189164877738 1.0605136008490465e-05 1.8851322609191456e-06 0.01611805180153076 0.019582753054070715 0.0040685912461515079 0
45.462044063611884 0.00047051866767745175 0.005262575076143982 145.98992763443241 -0.97063738821567769 4.8736734212822395 852.6287200216824 -459.04982758918811 0.055385548582602716 0.66301679076677333 0.33414898313598163 0.038023625805190364 0.0015855893781409106 0.0098735016627429575 0.0045529226948440469 4.8130602538939629 881.81171518900192 -458.27731782684856 0.26825252928660265 -2.701839202419817 -0.0004874876414385597 0.0003634802641438297 0.7553135630515827 0.42275913848826274 0.16671515656106123 -7.971401316808624e-14
0.0016059526734832012 2.4925293242947258e-05 0.15866466364865517 0.010154147658832843 -0.002022213508271821 -3.1675556981952138 23.970699984927606 20.381654187168579 0.95206414238378057 0.34741318801216864 0.095713366193725891 0.063580395358353303 0.087848441200010452 0.0079461279096094909 0.031494998598997369 -3.7902250961739146 15.914265806170311 20.284588317113545 -3.312126802442692 0.00092529938508963746 -5.3996668688473777e-05 -2.4193952750035491e-06 0.0061468172402028513 0.0010768276417365125 4.9193857483503299e-05 -8.6736173798840355e-19
0.056431939567578263 0.0025352856374304595 0.37076278172963234 0.56936560717987894 -0.098551897463141747 -3.7474848534818772 5.0537080143407831 -2.0398920949393506 0.046947268969401892 0.65120691618862003 0.60095843028871987 0.092352398520116341 0.33286175811084162 0.078244261325888506 0.35351478797837493 -3.5448164209139463 2.3804280093839401 -1.7482603827463503 -0.17117681466748647 0.016063715176576326 -0.00082170067761716049 0.00073936969134216681 0.080708942043065016 0.0030543173040963739 0.0014004225640917715 -1.3877787807814457e-17
0.0026586734226565685 1.4179858211993587e-09 0.0012064832217087897 0.039348580535591711 -0.00042340100961546484 -2.2574655032701365 463.49659608825738 2587.8919603777208 0.01094483580435756 0.6929043936182383 0.38158825221405102 0.057609453755436781 0.00064229589925612191 0.029334693857541807 0.00076452008435359418 -2.1973971349833481 312.43411305893625 2581.080552429104 -0.024378870053325757 0.00016433622883607179 -1.5935556241129282e-08 -9.6584798935433196e-09 0.00044296912815609661 6.1824437274172156e-06 2.4962208542610788e-05 6.5052130349130266e-19
21.450588381656175 0.011555254560436148 0.028822738210233706 244.30472182491502 16.751473667211712 4.4768032931456343 123.17680762371661 -136.81669971836416 0.014889333330129517 0.47604073310594075 0.10571960607569869 0.053799265265949553 0.028456210424492777 0.0020010474433763584 0.013572469322490888 4.4705032126909785 123.65410122414059 -136.8081501566713 0.066609714486118868 -0.38455870780615015 -0.0055687859085962873 9.8792361741022267e-05 0.35244110248310567 0.68727424349898092 0.013516022575104713 2.4868995751603507e-14
6.5048207425674356 1.5554704905466301 0.68644615412808596 13.175387972563893 1.8717661262025178 3.5248214813125394 5.025564700553149 6.3067160537776328 0.13741705601998394 0.68973932462047005 0.19573321162394652 0.0099706119265829847 0.62424347068386277 0.086160304279676497 0.60998726239067536 3.5241158920833238 5.1338562695563574 6.2455415765540847 0.48369662891707998 -0.26180232207461573 -0.011268857170437928 -0.095155094095846451 0.0085050755759274264 0.057389774738841159 0.59720562796475996 3.219646771412954e-15
0.00133459865207643 1.3437375177780986e-08 0.0048829321659016036 0.0014087188674719263 -4.222624827797601e-05 2.4299053510110173 -309.89339959107889 698.51351755535995 0.058579058080235065 0.3778336777545141 0.18999828608995803 0.080959847790382566 0.00060623282672570044 0.08382347073557285 0.0039625949851730341 2.4163038813740187 -303.89450912169571 696.47367054188157 0.14194318604642722 -1.5678929193410696e-05 4.0501942021174704e-09 -2.7410189625385491e-08 6.1487225280835778e-05 1.2429801145991435e-06 1.9118431675363761e-05 -2.4123498337802474e-18
0.050541008562995308 0.0011157176584370146 0.2376168837799125 0.23710504908176283 0.0079709648828121538 -0.301296666360372 11.256524120717341 1.671463742611297 4.2781226106601542 0.12867777002853498 0.11109238289862082 0.096387268347129018 0.12551321377221727 0.04005595334062844 0.21721668467724128 0.28566405013956903 1.2022043450589108 0 1.2813223461876202 -0.0044351784951713845 -0.012271655410304902 -0.0018648816130686452 0.0444744714425084 0.035850430041329755 0.0015585410002533552 2.7755575615628914e-17
0.035843841292077551 1.0238933094156516e-07 0.0025943692736543266 0.51288689522853503 -0.04099997602414656 -3.4187849478480259 -1193.0642534175715 -1877.8944614825027 0.94973224213509355 0.73771139893955429 0.42589341067359066 0.076987868621364974 0.0023291069323185996 0.084575881791995433 0.0024957136741618736 -3.4256490072190959 -1320.4168897644479 -873.71953675843486 -3.2053322441174341 0.038692964902181756 8.7344288019604514e-05 0.00010281679869079387 0.00067331830065954403 0.11351591118895862 0.14145607126595444 0
0.0078270955394152009 6.14679168746255e-08 0.0035897486968050041 0.11713551695486815 -0.021790511931001851 -1.5178835359342524 564.56429618026937 886.22676644332887 0.023737782848750184 0.44160856737607007 0.15441116101815389 0.012084071707621102 0.0031169379823889269 1.3097780313897634e-05 0.00061275511114357902 -1.529115342376276 537.78652044156183 886.22640339461691 -0.036164498856860357 0.00042934601827928498 -1.0472978359775758e-07 -2.2315848045668891e-11 0.0015036043797007519 5.7724481236807861e-05 1.9776897804774582e-08 3.903127820947816e-18
0.0098771322100515476 1.8254344820079141e-08 0.002461761969516535 0.056480002675418466 0.010912715798621018 4.624648447285459 1470.8744290964103 467.82374544056336 0.71970945695913369 0.25509815855084883 0.094280383858566796 0.033507550782022867 0.0016518012128503457 0.092855274690591558 0.0012899296579555177 5.0318074530985326 1864.4610255006835 201.10209171910606 3.4749213161075923 -0.0038324214304460143 -2.2498438813072327e-06 -4.868829038013226e-06 0.002770177537137309 0.003751992032316174 0.0016284427701201527 -1.214306433183765e-17
23.89615378138107 0.0045359960722102114 0.018244552188285999 142.42215086368529 -21.50017300884063 3.3643759642062534 165.881827622023 146.03219822175535 0.011355063668055814 0.31168398944957459 0.087851171727258009 0.04238788146030105 0.010100584003685265 0.041016318935437016 0.016015976284126307 3.3482139551249319 166.30062861964757 145.79798870255561 0.038110942955777626 -0.14207402103373137 -0.00069239721108679353 -0.0010623734591642827 0.046321086427051551 0.11500110313684676 0.15501632258566697 -5.8841820305133297e-15
0.17337507628246221 3.623276954667978e-06 0.007720357088263418 1.3808922415823364 -0.18662194654368991 2.1917822127429654 518.33973234710857 145.81926158542626 0.77010742510824703 0.32065159387210956 0.27460708867592931 0.053641378119633147 0.0042252064752512286 0.080398184264056538 0.0019988034427162278 1.9145816907715676 247.9913388568695 98.653603541884394 1.7090469631884684 0.095659285079120512 -0.00024102326424589463 -0.00017089424184091556 0.077491403921859436 0.077566845664610987 0.020889502468304084 2.7755575615628914e-17
0.040196882290006147 8.2509044884026382e-06 0.021012412928183569 0.23326862321827846 -0.017132207355848181 1.8585245382245539 193.14832832482858 -128.73778325691171 0.55669681119867609 0.17357402628600388 0.1348481078904373 0.021734317731092023 0.018107228511594735 0.049699760572005952 0.0041885947787241445 2.0568960529352798 142.35849080122259 -125.46138909426128 1.0898510788001574 0.017511361630312458 -5.110613687788619e-05 2.703321530238867e-05 0.027443694159204904 0.0085732287108600883 0.0034359104779291246 -1.3877787807814457e-17
0.12438147069149291 0.018253370675983979 0.62492725976488228 0.53324590762817203 -0.09628823901743111 0.68562342228025397 -4.534680568024922 -6.4581703694805999 3.1603614033747434 0.20647733267807111 0.15701579641293495 0.028625740930685685 0.50282832518435627 0.06678713459531696 0.60607265904957863 -1.8271475906782515 -2.9237764269807709 -2.7210360198836243 -2.8397159865495887 -0.0082365199131199524 0.024257204590651536 0.068215298549145889 0.14809747554195501 0.056602404674481369 0.31308115214735399 0
6.5808677155994104 1.1491339945210892 0.54204467296660996 54.738663307566561 -9.518828506162011 -3.983836920918975 3.121433693602202 3.1284451026967961 0.52652918688907646 0.58138487013988149 0.17592447675304027 0.021109986992485532 0.23278233477127896 0.034725981405473338 0.52969317418792239 -3.9749525368460366 0.60648117414720382 2.6671011092468899 -2.095267470909183 5.0704079898046324 -0.14162979407126114 -0.53014606604140202 25.300032401854331 0.26399190751727053 1.5362430124115469 3.5527136788005009e-15
0.001293464036059366 1.6570958802473711e-05 0.14283892034864284 0.017416662303434444 0.00068058149054550069 -2.5749740341302574 -19.115177541124616 17.04644954400019 4.9239766355793968 0.57495692827350198 0.41091224022351219 0.092928845959799999 0.059975783768206406 0.098223790280269022 0.10078206126781096 0.00039918252992527135 0.0027946341861933856 0 -5.3735232590770066 -2.0014722873373954e-05 0.00031394424789760411 -0.00028247601312207394 5.8977907015385204e-06 0.0036525639975301901 0.0024076065525378844 8.6736173798840355e-19
17.27932817203332 0.0045099506475822946 0.022061983426169919 112.71555167175232 -0.82510841785260158 2.5460160000915835 -221.90242085233132 -137.08280125818905 0.037155628778856351 0.42759746578587898 0.16924528570377328 0.031543699685809445 0.015678659893105046 0.039305704001101588 0.014750884466438919 2.5032215360069845 -217.97581031192411 -136.54439474181981 0.093803797753772844 -0.70880216678803531 0.0020712380934020131 0.0024281868171618986 5.2287711323954227 0.45554627442285123 0.33220897507211267 7.1054273576010019e-15
0.0021295183908773049 2.1212817740246971e-09 0.0013288287867727945 0.0050476626355888139 -0.00094374864759262666 0.44481165145835799 435.82818154212828 -3569.0170219885345 0.084026336639176372 0.29428734791595806 0.10813410903674484 0.045374493295984787 0.00061880251299907877 0.089156966190104256 0.00096933098741673195 0.4291103978918247 401.48396515022944 -3551.737378880402 0.036716234157548676 4.5863633335624936e-05 -1.1908844032924507e-08 3.6654991986933151e-08 5.4743391067853584e-06 4.9857098809162472e-06 0.0001305055977523821 -4.3368086899420177e-19
0.040497797545140636 0.0010920111301947473 0.23140793698318615 0.2969803441737876 0.04120521436042119 0.59504891293358497 13.936126063563876 -10.802878616830592 3.0746049804914533 0.790829348273 0.66174322829338361 0.032318235011805495 0.21477401818417718 0.021065907115602679 0.19543450589272723 3.1066332431070953 13.424920871805792 -7.3603989974460013 6.9719648222017234 -0.024976123573854446 -0.0063379149892759477 0.0037592260598365494 0.042624448077268652 0.064038124937043167 0.034139933269817208 -5.5511151231257827e-17
0.0042196399900242716 3.9625044328813849e-08 0.0041496420700829215 0.043479393814661496 -0.0043488593390014346 3.7184875174724201 365.93675363905862 478.53877793182369 2.781361302586276 0.46878899285559056 0.36679525408329483 0.030303358372013423 0.0018720137258573923 0.062429034475689073 0.0040513594387587282 0.83364686341459537 200.89608918919043 0 5.3252648680001178 -7.7239912820647842e-05 -6.8602616366130159e-06 -1.8962120288604919e-05 0.0033611635595718393 0.0030400201742014038 0.0045370549349526192 -6.9388939039072284e-18
0.0057016038311203292 0.001220501723155389 0.59428534861696081 0.017047140955457622 0.00034289746670363287 3.446142637011997 -3.7638450522648905 1.8316921566721522 5.0437628587670096 0.17212293051647543 0.054182735155830948 0.065753090920299642 0.20145376435266776 0.071223844736579237 0.13204248243026434 2.9323868182284158 -0.56225650784332304 1.1691600813206313 16.085894979946481 -0.0046587256515619102 0.0011389319373518285 -0.00080862153961224728 0.020846558603237458 0.0024635676155174077 0.0012132768784172915 1.0408340855860843e-17
15.210653637011678 0.080231656107634705 0.11184063800424428 34.909732860338011 -4.9300003001729742 -2.8385297083410221 -1.4829284464990511 16.337311363511937 1.5167510472175931 0.65304380638356707 0.15089065075001337 0.057642305091877045 0.044655482353585907 0.09841936866498692 0.079680894421686216 -2.8048702499901967 -10.921397869770392 11.1618407455294 -4.2798163983332982 7.9895654806542353 0.13629406778272479 -0.41523657881714254 17.002163618284932 0.84531804587433235 5.7093269210652675 1.0658141036401503e-14
5.1677701066430002 0.0013159655776426183 0.021965821567706028 14.95731183005265 -1.9209720959623391 3.0813077029708609 145.82191594340168 210.24542589796152 1.5542180002355663 0.18077643257431236 0.1631868728429926 0.086936944136182942 0.020695026151964894 0.044678431504679428 0.01627795965403785 2.5040524318782809 113.99766788416957 197.39791960892444 4.3713553829184253 0.0024868756405757031 -0.04182498871372739 -0.016906876034919863 0.012530070319264555 5.3616971240612035 3.4459877544724637 -1.0658141036401503e-14
46.099428632564091 2.7384281413098654 0.32570339441744195 65.361794080842074 -3.9247413563826101 3.0479066695009767 -8.8588457486630663 14.228792112204049 0.040068957827384476 0.11719828609792442 0.091226899093113933 0.025298732710648576 0.31896546470918757 0.06480307148679941 0.2267445762021946 3.0393126014633189 -8.8227114665938355 14.214739302665986 0.12195426612715521 -0.23892133027311954 0.021133646615723121 -0.038482609103498377 1.4151504485266542 0.18683789090146435 0.54729065048075176 -1.0658141036401503e-14
0.42810720094795607 0.009175292229936325 0.1846654861718022 1.9508151351233987 0.26881101102539895 0.92205646998132362 18.041204453074101 -24.265489923428888 0.11866384755469481 0.32222167925867501 0.2766275097259856 0.047498426653555775 0.11356756970915534 0.042958587030037014 0.17041165438309697 1.1461475178411957 16.616277265338955 -24.080791189744644 0.12271052136149166 0.064036842423443027 -0.0012487287148191034 0.0016946648560521114 0.13869857282377546 0.021638896302550253 0.040965371761655441 -3.8857805861880479e-16
99.474237681626008 0.00076759276757958886 0.0041053932368465603 211.22213054412697 -24.207948857435007 -3.2675752336825878 455.7159317331691 1182.8615441604554 0.023840093744665489 0.38351033289332376 0.057666262067450028 0.0037519736635376446 0.0030691370425354005 0.08562908516361617 0.0024119587858490899 -3.2704577701046333 454.08731173841193 1181.506642763954 -0.077933659858002116 0.29038165695481688 -5.7986038544525289e-05 -0.0010400125127380275 1.4915647038725861 0.026377942971938614 1.2294862495604837 -2.042810365310288e-13
5.1641947616896084 0.00081280541243743576 0.017032390697750737 46.839094104190835 7.2621917838289081 4.3550418734711531 136.87222613017926 250.65533147716582 7.1019277742305711 0.15026968154754899 0.12229792931732043 0.057292400127911008 0.014500560131518188 0.015605735307673497 0.0077656244913997816 8.0808999773171983 474.44308439826625 201.05794704735109 42.404740370983831 -32.334504628683057 -0.27635449517250782 -0.0403130225072936 12.585412446195734 91.859441898390386 9.1049637820011213 8.5265128291212022e-14
6.3842244124270415 5.8989789101906245e-06 0.0012542171962685387 86.609917503814046 -2.5505553532254566 -2.8165775817300567 2279.7030961052724 1192.2291475226489 0.3090172828266633 0.23365573414402563 0.088054110978734404 0.00065431068862357175 0.00014291957937390221 0.057996783180993466 0.0010797976795672711 -2.5708921172668422 1778.2116609088825 908.09734489281732 -0.83241062384750153 2.3566768249572632 -2.5027999557921502e-06 -0.001676087511427821 12.345423465655569 0.0050780744372316711 1.7601655019292817 5.3290705182007514e-15
24.739059195669185 6.4849141279574603e-05 0.0023699069287450142 201.34515409891435 -32.897690749028101 -2.6739632735628636 96.343657537668236 -921.16991242048948 0.017042939416701208 0.37750270328264862 0.264980757827458 0.086488791509345464 0.0023309452873970286 0.016291969509690075 0.00044442959997089977 -2.6598717257872093 52.446143965529636 -920.78677195986131 -0.045452113376301909 0.90928498496556431 -0.0006917952733879627 2.484632986119488e-05 2.585303156603926 0.051466040704122737 0.022882931685077528 -4.8849813083506888e-15
0.02702507333938562 0.00098268942362871991 0.23463212439826905 0.22302258437550365 0.012793639042908575 -1.8152242255629791 -0.017800149099307657 -19.136052235785634 0.022639977014567339 0.46034825079178504 0.18737802882292526 0.0094064413109295822 0.15920810918081965 0.0420346357329065 0.17407210865204578 -1.7694977356555326 -0.23600451283460933 -19.098455943069506 -0.040579011402800923 0.00094611404943729851 7.5616289102071205e-06 3.6945479219788946e-05 0.0016676070156776243 9.5958833461242549e-07 0.00070629611370034366 2.1684043449710089e-18
0.0014356710982837988 1.8621908808132026e-08 0.0058908308434998209 0.0088006847255852772 -0.00022251151375060556 0.048828603847876906 -223.44856866094662 -700.59201334352508 0.19726737613043668 0.28162007341911283 0.23826815160162282 0.052017259465079138 0.0052858137100217761 0.015637856195738622 0.0042713399007774716 -0.26987164579917128 -66.960202606590201 -694.36486970637861 -0.021802290448810942 -0.0004136544749577049 4.7734354256523615e-07 1.159613009460806e-07 0.00030811175699833442 6.9312375834431695e-05 8.0880507461078744e-05 -1.0842021724855044e-19
0.83148569863571942 5.6561593287191225e-06 0.0045389058330906461 9.7846991156964727 -1.3588245173737834 -0.8790967317054319 -183.33091166301696 64.546631762034991 5.3310741495321023 0.36334287560615247 0.22982031082136264 0.074822482599812334 0.0023457098434551868 0.04511829449717715 0.003073449904637609 -5.5932756874373588 -1232.2960407461831 0 -17.221301880706051 3.3242218758212472 0.0091552161622877794 -0.00036508603337823223 0.0003147465678922299 6.5157611665885504 0.011782536878963386 1.0658141036401503e-14
11.102303959687369 1.0194783885582133 0.41309459789777841 71.938337221198438 8.6955014106500936 -4.2224389995599951 -5.764259618985327 -8.7088037901771198 0.053496534233544397 0.42141509473890487 0.30896126304929622 0.076925237667323232 0.26424303663212978 0.04912295817369744 0.15399584602163841 -4.0734427462552123 -6.1693211287577272 -8.6802475164101729 -0.22190046090621965 1.1890225041515958 0.078227317994189943 0.029112503963154821 2.001234267735549 0.4667660079815194 0.25311941253925763 1.9539925233402755e-14
0.0024755566024418319 7.3180144531966672e-08 0.0095376553551662826 0.0067370055886818289 -0.00072656426913455965 -1.3529248273254177 419.21018303699236 -54.574769426599538 2.5950580117854534 0.55004303442796387 0.096209811951270804 0.012686069098850662 0.0035904190068135728 0.0027256207590359185 0.004925419612535965 -1.4351075374053224 189.10780508317134 -51.367544790974115 -3.6175528626058253 0.0016820284771498105 -7.9631736317976759e-07 2.3470516238155278e-07 0.0072242784011520879 0.000242207088137335 1.2432604030756535e-05 -2.6020852139652106e-18
0.0085872864044613129 1.4755341281580968e-08 0.0022570822718827629 0.10971203079970868 0.0051925167983727944 -4.8891912271605298 610.57428049105863 -2005.3940411334086 1.6171534116486581 0.50507596660602005 0.48225672643093148 0.063314376206356493 0.00038493341588940382 0.026669636966600564 0.0013460251185927763 -2.4256465221042691 -1074.6823686142804 -1573.7492693909098 -4.8460860364168399 0.012758067696980752 3.9294714177325829e-06 6.3690659194706872e-06 0.041507455058649598 0.0049320772530317232 0.011397899839980959 -1.3877787807814457e-17
0.13587293260466174 5.1244906342602944e-05 0.035392101897335854 1.9003138172449818 -0.044144848861221865 0.70156349890896497 12.435446978726423 81.891479917913557 0.07276876920361787 0.20263907422898703 0.054522498704100225 0.054372820702043183 0.025560044369991656 0.078842310536739443 0.0035445824823681035 0.62243126903884693 13.89234196768933 81.137353626940921 0.048172734847795967 -0.0075395618176882966 -0.0001921824928524753 -3.8645131151387155e-05 0.0014785042228415736 0.0025298700555080114 0.0031501353268992868 -1.7347234759768071e-17
0.011526768288575412 2.5984067287320767e-07 0.0059446992179108295 0.023775809742464238 -0.00056777968528414521 -3.6095107343535773 -98.841856230796097 -637.75423756262933 5.9116280133519084 0.65457680266402818 0.33939873147809918 0.087560617965406942 0.0042301131793235254 0.023457453580116264 0.0033868752026742347 -2.1465359254631426 -361.08402574781718 -594.77929123252807 -14.684717542492201 0.020219873927040822 5.2059886937302612e-05 1.1166638971103487e-05 0.023820132981968715 0.017380781741344071 0.0068816284679178589 2.0816681711721685e-17
24.009377979833921 2.3344466204750871 0.43741580746778047 262.30680787887172 -25.527919265974237 -0.14425596503027371 -4.6651782892852331 -2.7655868302234508 0.010999116788962798 0.17244559758990619 0.15744592714809402 0.021366830243606395 0.22672879712354468 0.033367972209918287 0.34690795058586099 -0.17487061128846668 -4.5740753676176782 -2.7512805246702703 -0.0017550552416958375 -0.45425404834619881 0.01397700624937004 0.033397306650106026 0.84542788623285126 0.064568553051023492 0.092124255399672297 -3.7747582837255322e-15
0.0014263142794123213 2.033988898334936e-06 0.067802026723847331 0.016891743720388819 -0.0019319621965384398 4.1161925924212319 -47.89378612870307 -56.987170692083701 0.11306023513921183 0.48811692970370613 0.20563131243801377 0.023170804582481365 0.0094668941519263257 0.08577662856942081 0.060644950489884129 3.687717882650841 -34.596979416977305 -52.102903564161295 0.44115597665850342 -0.00039271149669185465 4.1892184149245596e-07 9.9345451146964427e-06 0.0026305684501136423 1.7278591704259428e-05 0.00054188013213212535 3.0357660829594124e-18
8.9246926492798728 0.0018165338034276898 0.018475763475702203 64.661191432948499 4.2208993586266752 -3.0542346582605919 155.39812787659068 215.03890855205938 3.2544111222476193 0.19054765361819131 0.1354566729342801 0.080553408594113571 0.011812062745923628 0.059197433480082919 0.015978941823266399 0.034591284764301997 1.8722519808068336 105.46086860078476 -3.3481705095441496 13.830280370016748 -0.023359954346459155 -0.19905221368484022 42.145258836751779 7.2736068639876361 31.898095063885801 0
0.054893856423702279 4.4020086609697809e-05 0.038369463736103435 0.34905006567820684 -0.029336056109581093 -2.5630506295768249 46.392444342282957 -57.253140549080392 1.7051548298895416 0.082667071260170297 0.023322618224067098 0.082870725125560707 0.028707661558737586 0.084883854644065559 0.026842810890343231 -3.2214350365124611 2.1268596944111025 -26.445833603269818 -4.9317218359794843 0.013881258659233602 -0.0014159584192912937 0.0013561403199661263 0.053069060624932406 0.034350658524455499 0.05675377679390238 -2.7755575615628914e-17
13.975599690400683 0.0012152622923187325 0.015095133345657128 115.07719956297214 16.032067928414619 -3.7265233284039812 262.68217940471339 -185.51803417482057 0.12718941380597976 0.69809379653469139 0.31650768428798665 0.016239025858367995 0.012944270966628342 0.069504091396561649 0.012793308348005518 -3.2491408665647095 202.60764576992989 -174.80867546256414 -0.44361531993271469 4.6325968639709405 -0.003076648056671398 0.013014679817920342 32.426501396004497 0.71576651820627046 2.3447683778876565 0
0.70209365439066851 6.0643962279991794e-06 0.0044405842727748852 7.9322277732936515 0.72700278049083333 0.28118718919410846 -114.75926992582767 -750.69651928820826 0.32038337473579387 0.41133978961494239 0.13601018068821971 0.051253119737428576 0.0036360840806701402 0.098479474095958155 0.0030486618369331667 0.23857338879921236 53.725675304013492 -624.88148097804867 0.072169391801556737 -0.26283848310268587 -0.00014539696801929732 0.00076299224375370384 0.070239013213998988 0.021184488707594935 0.5247776724406924 2.2204460492503131e-16
0.089006684053580518 6.0208372636743444e-08 0.0011700026938195741 0.51983013244202714 -0.086534839591623072 -1.2065826760482725 1421.0225575470336 -1069.7545975564624 0.032108274043408991 0.75562326876990016 0.34398887384292698 0.055229220432852381 0.0011595583307245346 0.049646711102233676 0.00042328081210290348 -1.1732932459962619 1291.6977227657976 -1063.9289985493888 -0.038206854147158284 0.0057414661268733415 -1.0689070087782865e-06 3.5074983585013676e-07 0.015943379561041308 0.0014498228602406915 0.00037419458554512243 -1.0408340855860843e-17
7.2960107388366149 0.00012340985676658411 0.0054195121433798935 12.902265155438235 -0.76158118729546675 2.921425737058259 -719.60938099372356 415.04320142669633 1.5373793729532303 0.21085704420093032 0.076789471237101614 0.0034723687907322609 0.0042313460976414509 0.003809746589817298 0.0011340069200328365 2.5521814472101294 -650.35813978285671 414.34880263225631 4.2075053903714155 -1.5231710958087723 0.00029144150856034355 -8.5695655760731441e-05 9.8230543823529946 0.19963270046690015 0.035537645835269312 -7.1054273576010019e-15
3.9032840039016401 0.00057969764888650746 0.015300634024021724 16.959029781452088 -1.1435206615991975 2.7316205578226427 242.32677889866812 -66.781869368458175 0.052345548998433862 0.5647040663288091 0.4016378519403197 0.01238657894607127 0.0021177086882554538 0.090654214639352068 0.0084945263627943975 2.8076303081992249 232.87587995713051 -65.602617993585014 0.14497756381098242 0.35654585960793289 -2.3286185632121173e-05 0.00068360924946015192 0.30870651577480479 0.0055328286634968391 0.045249630022866673 -1.1435297153639112e-14
0.0035384242902179734 2.4098417584612988e-05 0.10572037794626138 0.013283987956481551 -0.0019841091065053648 -2.0593832473294826 24.649461303583983 3.5486842483428864 0.83810501730130416 0.78473668835814359 0.62310169353615874 0.070460252568663978 0.065416979265948402 0.095105865030363876 0.018064429689339717 -0.62878088347439731 -5.9475845214440337 2.7549594610679931 -1.1022329896258456 0.0067249699509434385 -2.6374022256073315e-05 -1.9127511371008498e-05 0.015364812936937311 0.0005208105690606697 6.0286508365271393e-05 3.4694469519536142e-18
0.73220647189081145 9.3107456886706902e-06 0.0043562819939427224 9.4569171985756331 0.95083213630129426 -2.2038462274551307 -694.2953656019024 776.40624890107597 0.018943414441428112 0.54735127830258545 0.35184589791473286 0.098537450097118617 0.0013327721956158947 0.043494001077436423 0.003724621676025702 -2.2653314586459334 -662.27734852263688 773.28926248218636 -0.042330742560097584 -0.06303189142579238 2.352692081822424e-05 -2.9021467861321691e-05 0.045396690232834311 0.015957989414685791 0.022487219239221774 1.3877787807814457e-16
0.016364841173057018 3.1311807408955724e-06 0.018826431143474813 0.17751601236028003 0.021796459921642308 0.66544111955088425 237.04270363913835 -220.54651049856423 0.16356606599021073 0.53998954694770263 0.44942528786053493 0.082875941257630606 0.0079515094129637646 0.076526991227674535 0.01538711634917752 1.6806964479246378 152.47190220363274 -209.62721846450273 0.19187424609190687 0.013049330997039995 -1.913413321277381e-05 3.41902769212678e-05 0.032538717840979288 0.003726512178258333 0.0073538794587508349 -1.3877787807814457e-17
1.125639935610308 0.00022625125639970882 0.023988977102779679 6.0189968115772876 0.12327864317674125 -1.3446783998737546 86.789633346182356 98.803536491153466 0.093986903375583866 0.25582666970637247 0.25239063986857974 0.017076901037180049 0.014452160123869032 0.013546627993028871 0.018157902076380225 -1.2075424540179642 71.033962120139037 98.188505034380796 -0.11993766739393556 0.14277911933844498 -0.00013961538574803624 -0.00013915163982015967 0.45248469608719749 0.011017301080586243 0.0137058828048997 -5.5511151231257827e-17
15.018402302809637 0.61608039946268178 0.33861525828427763 68.57326618288667 -4.0139603923276894 1.654487697214809 -6.1345402040434482 -1.2291063828628122 0.14386401443211558 0.55881857501259835 0.23098272831544517 0.044429510666286469 0.29456287097658207 0.063507947674868323 0.10931634256542024 1.464310269126802 -4.6725387027451779 -1.1179376156321637 0.22434139782031112 -2.2786966681275698 0.12910900810533898 0.068488898523231881 7.7227762031219394 0.69764561908580536 0.080373229121241299 1.7763568394002505e-15
7.2464283309989304 0.00075567935685544351 0.014972479459855696 95.940006689350014 12.271761071689422 3.8506634339631631 105.8335486749903 62.519524996187656 4.2162728617224792 0.47197047352512522 0.15813257219354143 0.085618292453045919 0.007593875343510352 0.033127419280863046 0.0020163859109927854 6.3500266853799925 424.1132340442158 26.763259481879949 20.210156571784513 -33.62963649758197 -0.26300165376249013 -0.027020271727404524 10.628836418387573 81.279989715211912 1.2062225485883407 4.2632564145606011e-14
79.968344351437182 4.3525351204430427 0.30284017429165311 81.144301032154573 12.834592037455492 -4.1016639816439273 9.4203762870046788 0.31487107091965238 0.059930397911635867 0.24877535647701443 0.14863167808206193 0.022569883776481139 0.22787857744275894 0.081138727795198207 0.26798474834534103 -4.0830068543294216 9.364339178460277 0.29057695089897106 -0.24525528998782212 0.72279737385676179 -0.025011400311259181 -0.10574101061027387 5.0138420384207354 0.23491601911992266 0.032010342849546215 -4.9737991503207013e-14
0.031594397255899791 0.00056201540417523193 0.21779168537316668 0.17330419687010676 0.025379270738470929 3.9564648878860584 -1.0014530404435749 10.920455866851979 0.093507912738601359 0.44109727980700814 0.41151030319148801 0.049091076181895003 0.041185894542164703 0.086645820199419021 0.18427693268756079 3.8205075251580776 1.568666145404104 10.460063816899224 0.36360422888472055 -0.0066686535614745735 -7.9307253106164298e-06 -0.00025874742403326107 0.025499135866556305 2.2177010497769698e-05 0.0027660771963315318 4.5102810375396984e-17
1.7717446756894641 0.57078642581357519 0.74135356043774892 2.2640837925557564 -0.036528293713238423 0.91057404573771095 -5.0732394324849626 -1.8053741653016593 0.33657361873740038 0.28643576481301275 0.055819685955910039 0.022056687774057185 0.41892734210380672 0.0094873208078241188 0.6379796885876623 0.87962670614907934 -5.0056559496257993 -1.7972934581110698 0.301267172664476 -0.042536324141544513 0.0070412792749466723 0.0046123579753625998 0.19699051793394465 0.035484158584206116 0.008308396372714251 2.1649348980190553e-15
84.461207549706685 0.50511997585383761 0.13897684927227022 711.26935228531659 -3.9424464093513523 1.6524393022437058 14.139721164274091 -32.923278887410341 0.37427307317457631 0.6642268967396564 0.59625514201201879 0.052529198209481799 0.085428823271123902 0.043814458671313207 0.033792740266739021 1.6353102682488674 11.766781854761458 -32.142965611323206 0.62856772217346346 0.028812638089960707 -1.1946147570626788 0.3941518231755643 0.93924553171168013 14.486931476205203 12.822989448181351 -2.8421709430404007e-14
10.298424143483215 1.1631531537025392 0.4234699247194556 108.01720922184963 4.654780870434668 0.91950967192976218 2.2542777920251647 2.1972972797783932 0.082562116769259203 0.11533312128588417 0.018658903884166841 0.02195907794682549 0.16786597720520421 0.054505206611369018 0.34053453269346984 0.95134857662278915 2.2465552358955541 2.0549870832557757 0.077575235559448757 -0.056418016967412679 -0.032873848914812827 -0.1655285538893107 0.0011257971835267569 0.073465961400041219 0.35193724066958709 1.8318679906315083e-15
33.122204541403015 0.97786007565373811 0.30170537958762611 492.24944495375308 33.29609900595991 3.6116128311212332 5.7905946843412126 -9.3780757746059447 2.1615954855859547 0.58721921351569639 0.58246073849458757 0.060966834369607696 0.18487537081174005 0.010924855481570107 0.13544289017603706 3.8895419110935952 12.891854684228234 -7.767968330434746 7.6267469317273378 -62.767073464057439 -11.993125084351478 1.5744597871678949 15.274733687683424 139.27395764322088 13.49787847619686 1.1368683772161603e-13
0.0076938094831720703 4.4843893000645687e-09 0.0010700398288453789 0.11536055593024429 -0.0033704451087265669 3.4504051688135515 2433.195544105241 27.425025004911792 0.01677009529050481 0.30765151079799286 0.089970062095136791 0.085457021154186352 0.00093247686357430019 0.0059385675045834588 0.0010091641278743265 3.4204356921235251 2440.3504056873603 24.839593330946219 0.057612327981904438 -0.00017405675831866943 -1.5416247915839092e-07 -1.1594082134779236e-08 0.00014411486960704516 0.00037565896295618117 3.0298013886441332e-07 -2.8189256484623115e-18
0.11176831598058189 3.8079244525990018e-05 0.027189620995841341 0.6730031478927716 -0.029820059988521934 3.6550730167649998 -105.31130626510088 24.737048247730613 0.69054118790777108 0.57955019165846433 0.54657366690035525 0.048579708174548979 0.018248126921836555 0.061603414441640164 0.012991309667261737 1.4814888125208012 54.48729177752773 14.969713355804917 1.6880641286670059 -0.22234586650241228 3.9510049583119863e-05 -0.00037193273371687285 0.70975031805701738 0.018476457471593488 0.0073841221951235665 -1.1102230246251565e-16
25.58200618910379 7.9316594650778187 0.93877507449317654 149.98681722440358 12.961542567142699 -3.0457717767461165 -2.7826793487430468 0.88961534748776627 0.014603534140060354 0.38749952913117319 0.052258595995719588 0.085024558464248182 0.3952166433492148 0.011570561971226101 0.89505663845840522 -3.0338982631841809 -2.786947527621749 0.88675544009584262 -0.0443923344942121 0.11446396804072827 0.073602178722315031 -0.022683811534397687 0.04870688820019721 0.20496833638540546 0.020147430080377431 -1.6764367671839864e-14
0.0038337329979233003 1.2237651377392887e-08 0.0029853536905311254 0.0083967402883923722 0.00015341421963655175 -0.48950722111073297 457.34092243915876 -375.07753004034419 0.035587782343535129 0.72725720187518428 0.60949498531926694 0.091262299083718634 0.0010417799172334602 0.015497631397563339 0.0025651834410715096 -0.44057585424019324 410.58903106412197 -374.10680255966508 -0.016549797023497272 0.00018213012394825026 -2.841051019564162e-08 1.1879424491006078e-08 0.00032065474151357122 1.2329166396553855e-05 4.4499393544831025e-06 4.3368086899420177e-19
0.067508237228189313 2.3383510256097916e-05 0.022987043913711137 0.28900482890339269 -0.056494711974732777 0.98844988759051056 83.830523733677083 183.831410936228 0.053949208062569684 0.59701574506485511 0.52047412433677998 0.057872760653913641 0.020428630003719403 0.095319997734504586 0.0043267128856900134 1.0635099105048926 75.064794308506222 183.55641734855831 0.055350803041738693 0.0081150148040172402 -1.8433322255301936e-05 -6.4303153776351496e-06 0.0064943402658417656 0.0014644843011651283 0.0011812098008878833 -5.2041704279304213e-17
23.74821425683087 0.029584725849336604 0.055479499695463584 175.33481092723542 29.277352759015837 2.7601809427759658 64.464687283987217 -13.988983744671787 0.060167808937403158 0.5030652016183913 0.30726729274954767 0.025240960672247126 0.039125564823969616 0.010584581479006617 0.039309090884955232 2.9708525293555419 58.033792980853761 -13.840618735752361 0.1724118634825354 3.241519808920847 -0.010418347672400487 0.0043893381145155867 1.7263052909375864 0.63811587836990147 0.061076767439571397 -2.7533531010703882e-14
17.836215253147127 0.0013373581814043758 0.015463833610317133 56.841734351043065 -2.0793557436229042 0.72058983888764416 185.92642770112352 98.429021934818422 0.37626204935776109 0.26881552891818716 0.15906383964104745 0.0069177271676522881 0.0072488716020598911 0.026952328275293782 0.013222740562314724 0.86745829040715727 145.78772027922329 92.729639981398449 0.29876112180361042 3.4019599686378248 -0.0010724858576997807 -0.007622115084354647 6.0240618823854586 0.17787936625392708 0.72851666024832329 -1.7763568394002505e-15
0.0027483400382767478 9.9010354938746043e-06 0.072055885362154515 0.010214673759846258 -0.00056089649971580028 -1.4008621054457548 -46.502900431642168 -29.019756597626646 0.11236153770578007 0.63691274302832568 0.41823061246879256 0.0064147519420847182 0.06139029522718175 0.062282881132328043 0.065147541071520293 -1.5984510880380356 -42.963862314693827 -28.549398874042634 -0.16850372124053625 -0.00048001851877887541 4.5198264923879656e-07 4.6570285160233596e-06 0.00082738238543943567 2.0218712222453908e-05 0.0001340505993374728 1.3010426069826053e-18
4.9036120798484246 0.068212654375218326 0.17794897706359722 8.4449685125572529 -1.6684685575458846 -4.6864321573896826 3.1718856847519068 -10.607803122924352 0.66393575357960111 0.59106279771864267 0.40430478326357594 0.032242761880037787 0.02510615452564835 0.035177367747242776 0.14239042296812698 -4.4500457496078072 -2.7459160011971 -10.196081893968545 -3.0330171721228778 2.2669031737892733 -0.00027586018670078651 0.028084597889702606 10.434986515436947 0.0067442366799669671 0.29213437262152336 -1.2434497875801753e-14
0.0066552769596079763 0.0036230465330030436 0.95646541971717736 0.092846780744428523 0.0027749123156997351 -4.2862182305279415 2.7931849784664222 1.5606570891200426 0.013203402719787304 0.36190263434611353 0.22969313896631835 0.056480808492325021 0.91547695807146745 0.024818001926038037 0.19007515892413629 -4.2384039023755227 2.7013539752428577 1.5590609491089742 -0.056277009527368325 0.00028157931167564559 -6.3387123325806755e-05 -5.7828895332887385e-06 0.0019400756343027261 0.00017414150913860966 9.0204923950439652e-06 -1.2576745200831851e-17
30.530177617868453 0.0012793983930188425 0.0095381893468760269 291.60950201488379 12.846129625242467 1.7546724520065125 154.16089453029019 -335.23957574091861 0.28247085872177768 0.097361270752151272 0.045326777312703175 0.052520588540600391 0.0076979493782973838 0.056383485366000734 0.0046076194565440008 1.7512344386473384 155.96583611124834 -318.51334658465731 0.49515826500079541 -3.7336204250016949 -0.033302739204859155 0.021399510703785631 1.0227495458351903 5.1640348155053806 6.9949963294686457 3.3750779948604759e-14
34.373199977466896 0.75572409501275029 0.18796016653572939 377.47782899211848 43.164230791370372 -0.64251788791510833 10.394287208034589 20.659973457953651 0.6523057032651175 0.37796724469029758 0.061197987152406035 0.092491672233292743 0.086978562595188963 0.090910793815958291 0.074886011269366504 0.61500576122296691 4.0252721182509168 18.441800001887092 -0.0089731585751181564 15.068837945954284 -1.9808768750278307 -1.6763271276672058 20.627844519770687 14.28168580876542 32.773681795314303 1.4210854715202004e-14
0.0020256355284640638 3.7792004453671343e-08 0.0052116489881685341 0.01027655379514807 -8.9229728344796891e-05 -4.2382715662600816 151.05645278150175 559.20660503803822 0.013246785783087382 0.6104252435634856 0.26730781498500505 0.051847947021473065 0.0037469325756630187 0.021264791761746817 0.0015065530236339629 -4.2208908703960759 145.338501761749 559.09120561385839 -0.056028356351361802 3.6388962148425424e-05 -2.6446332643026485e-08 -4.3611755525536636e-09 0.0001820152033990617 3.9192797807827616e-06 2.4385465361457348e-06 1.2739375526704677e-18
0.31768329777491994 4.8231715977507118e-06 0.0046718449330649349 1.6001152228795783 0.11466852881544884 -3.0128495279083953 790.80116663421347 45.727852148054183 1.5640159296209462 0.60030687570733776 0.093649358033105909 0.086320733402358102 0.0034956261498972933 0.007715594850498453 0.003188498078991216 -1.7105751382839764 407.22015964363044 32.963014667761328 -3.6937557101446852 0.23436741701014596 -0.00075514878871923042 -6.156700158485226e-05 1.2093821041515667 0.45234217669925986 0.0024223803609813555 4.4408920985006262e-16
0.63579908690591036 1.3748224032363654e-05 0.0064978816607075872 5.7177296178784784 -0.15358019921188151 -2.4820265623886772 -100.9630333376581 -9.408805557383209 0.22528956858042345 0.60318152245835854 0.47007876690210038 0.063048997049213601 0.0024634721671218077 0.057401826307125627 0.0014176369034515702 -1.8675607716681988 -287.41070847154066 -1.7843503456239436 -0.46806117989473073 0.42527680549793873 0.00020007394711538877 0.00010482271837598905 0.37906703380973411 0.044695355393855149 0.00058664851447972905 2.2204460492503131e-16
13.584488991066332 0.00031836098500720623 0.0063613872862565701 81.609130345952892 -7.5979547347385799 4.8893276623560435 147.75929728941338 -752.78403349739631 0.2213963246826757 0.41464948598277956 0.25100419794647538 0.0787097842858865 0.0024968979955881454 0.077331404307993123 0.00084993486013555588 4.4316517463090319 227.22519990260778 -749.05384433220513 1.031815291760674 -4.5351341896403667 -0.0035509019450224301 0.0011875466968934807 15.726842641717639 0.66576659021620299 0.89175130554301008 -3.1974423109204508e-14
39.856547480524057 0.00084947141400856135 0.0064366605623546822 432.91027525200269 -37.64797647438651 0.57752213175699207 47.396690903904194 341.26781628986237 0.063698082672008952 0.29704510044399385 0.22839951573433115 0.038605368794908661 0.0046485120411477593 0.075501440266207975 0.00076172921128250587 0.43250877352373979 67.194590942592427 339.40087211360765 0.030867002272778676 -3.3816278798345434 -0.0049486406704254337 -0.0015859157092781343 0.47911784123214562 0.31407208016641852 0.53974158287640817 -1.4432899320127035e-14
76.123682303486959 38.808469181243993 0.91311659371743836 120.19417053311172 -2.2012797662940971 0.29895249524517187 5.083318369452166 4.9196736558710379 1.5352222065068402 0.29336873263528129 0.053258649736137573 0.070465967238561841 0.45330446164016769 0.052976379687477398 0.48391936477436998 0.38365788217838132 4.7002092498653045 4.7977793513582085 0.52397930490632716 9.8275395442464575 -5.8941890272744653 -4.7305313600553198 40.542978970044928 28.832980570908855 22.98435809528085 -1.5631940186722204e-13
0.0037109934678295786 6.0262653099366335e-08 0.0048290754135809667 0.018307302522176341 0.00011952161606855583 -2.2167095498632761 -971.53794727888931 -333.77403552967007 0.61498588786218644 0.60936864453713047 0.19572521357869568 0.094629813024196374 0.0045512904949494464 0.079815436502262971 0.00061274122931354806 -2.7907104940395095 -714.48926951568967 -324.63700119100855 -1.5397463307992316 -0.0022036178615426581 4.8489984615909816e-06 5.5062193070775755e-07 0.0034536559412400112 0.0040877716902187186 0.000181267778119218 -1.7347234759768071e-18
1.6750553553532042 0.042364921172606984 0.22538966204959454 15.261184949329856 -1.4627745698621777 1.3043705278054327 6.4800127365342837 6.4217840442961833 1.0542404889858816 0.34065176116473578 0.16618702762274723 0.033807713574926089 0.13346716572929468 0.0061182320060477746 0.19122104075694932 0.61326538508349593 2.720911773444842 5.9774770359141343 1.0371832636679317 0.3844768073790944 -0.072596918300074045 -0.018823031386542347 0.0076382861478737308 0.31780391640275729 0.11669584024136584 -1.1102230246251565e-16
1.002882844204996 2.5232241838364938e-05 0.0066252071214815836 7.5920180453315353 0.041050025732155153 2.2621406515407747 -347.33764744087466 218.56511413750769 1.9272441868962411 0.7878685485514344 0.12298188800085771 0.002620469167532358 0.0043860867164399655 0.035586647099939493 0.0052579547141748846 0.65685965911665067 99.145528143089706 110.06203810914218 2.7134029073472603 -1.6890221908947611 7.5649615639345391e-05 -0.002737775854554216 3.8351028058049557 0.023982396968380105 0.44985374128589517 0
19.447227464980791 0.015078777913425998 0.036204932696207344 211.86373559645213 37.59629932005366 -4.7591348059589933 -46.691363935882478 -22.799983982019388 1.1434637128387191 0.12697608830197032 0.039564909941121662 0.057596549608623183 0.033031233093271023 0.033028291813824606 0.028583286300799846 -2.0556677132476651 -39.139610051326159 -7.632583983237538 -3.8962396954373508 9.5849354865431469 0.46089316386986079 0.22870585610572927 17.767105517777637 19.779454579498154 3.4800532549949383 7.1054273576010019e-15
0.058432835823337831 0.0016072932945570646 0.23814131010241696 0.070142453312661751 -0.0045925807790539062 -1.6906539751664553 2.8330839412471538 15.57715017463228 0.013289203396014941 0.54143120505866471 0.52694231497949151 0.044399813406478576 0.14864810931257547 0.054018499012827542 0.23330889445758229 -1.6832925172506608 2.7564812907372911 15.569841164303366 -0.02241853059250112 0.00049118260189951629 -6.1520581939358234e-06 -1.1747723291510733e-05 0.0011555200577542868 1.7193665292984348e-05 0.00018295311780647299 3.4043948216044839e-17
5.2312374688187235 0.0031076782660223539 0.034821815665027608 66.60665435080513 2.9689767375226008 -0.23024572012827171 100.88142019571896 142.37324398583004 0.55013148539425794 0.17095881915083289 0.14185336143388494 0.033685242687584709 0.0054164710024312756 0.00070934193302527601 0.0047964820083355912 1.0755978292333692 40.487724270692766 142.33312716356275 0.23252740573157804 5.197850121121542 -0.0066855974588309244 -0.00012467017666197054 10.596800333975493 0.47256859650087202 0.01774719679399046 7.1054273576010019e-15
0.18804516430243023 4.65482117042373e-05 0.019422414225440939 2.3415411826057726 -0.25400569196703449 2.7121336301362806 -69.891863196008629 -201.14597194967604 1.6520215861934175 0.16316690436374975 0.074663466909729193 0.018216280136271835 0.018612210368583688 0.077083491038388005 0.018600975286221091 -0.18836695727284197 -9.6984316721092672 -81.991153762077332 1.615276744117204 -0.12580222337310701 0.00035851370094504704 0.0055464437025762496 0.36314798707577201 0.026327270833923392 0.78520206393474723 2.2204460492503131e-16
0.0026356222095320452 1.1024485523390098e-08 0.0024523109408508565 0.011220948140094346 -0.0018338459841982459 0.69447240000383736 1220.8512035159265 -905.41410785063294 0.18360165815347051 0.75557047394039778 0.18852444053670281 0.043508034509547426 0.0011085504351669336 0.0092009770159554357 0.002376711716598505 0.71408750317682324 1125.4426540529792 -901.32754412407689 0.12930696691623059 0.00038839516506186515 -9.9364459707125802e-08 4.5052262643828892e-08 0.00084384329752576872 0.00011656911073574113 4.0698899717154602e-05 2.8189256484623115e-18
0.0037422153120002691 5.9793249004865795e-08 0.0058243543043606941 0.010200896253559509 -0.00088369025574817515 -4.9819176279060056 -461.24264616956191 359.5690006248812 0.29779294960863434 0.56226192289519339 0.10955049262596471 0.041120621798875823 0.0033130985150214435 0.0092174169640045992 0.0053700749800761 -4.9633107810601969 -486.73748090812398 357.05427751361287 -1.4808094512188155 0.00033278755497408684 4.1385362639024739e-07 -1.5036346517035773e-07 0.00073610215671905644 0.00019616250666849397 5.3876979661322304e-05 -5.2041704279304213e-18
0.044507912488019309 8.1097726799042365e-08 0.0019517084501023949 0.49883100047807821 0.031953778692126032 1.7219160559224891 -1496.1206330466796 -1888.8729142678033 0.81401761601962008 0.59214001667373029 0.58420598389144318 0.036085435717644165 0.00043675481832163054 0.01203822854469503 0.0015385804014688385 0.59118676314207785 302.90731339051263 -1796.1341428540129 0.51484476436041526 -0.076337339164493451 -3.0911530016687599e-06 7.5209035477944031e-06 0.15935329771051829 0.0023461750127273433 0.013857291324777447 5.5511151231257827e-17
0.086595978543091978 4.9053808795808362e-07 0.0037688813409544838 0.71830690555171028 0.050775222225137528 -4.9300625715493869 -808.31259560480032 -383.65126466103794 0.19482270905703872 0.58168021500837919 0.15163184115240422 0.042780498877355723 0.0035299079801705898 0.027556857455343687 0.0012913662249687274 -4.5707860163626028 -928.26615302475943 -373.49916204494019 -0.92549053011887739 0.021219738517116265 2.1132887856535718e-05 4.9799930060548539e-06 0.031361599494317993 0.018349461974415806 0.0018853019147636082 -2.6367796834847468e-16
0.001445289574776353 5.4789611650142573e-06 0.086856144905214511 0.018967297620098428 -0.00077812732629102966 4.1300852222323332 23.551378231707158 38.757500630499798 0.33100694465990604 0.48263162448468083 0.45637093346389962 0.04800939273694909 0.037335187773384411 0.084188336883697007 0.052137765283244382 3.2546588874949554 37.471832200781435 33.727724157709176 1.1473957352898361 -0.0010076790062486303 -1.1253487088747055e-05 -2.7557949963122211e-05 0.0010501938860773032 0.00040163103623546342 0.00099877209888956449 -1.7347234759768071e-18
2.4142757353893951 7.101582497688483e-05 0.0081180072871324324 24.018511007941406 2.5558011270986514 2.1073471808186515 -397.51466015237611 68.177174806889639 0.010056959177782831 0.28112572963256849 0.044103763147784004 0.031098851463757182 0.0059030374743327405 0.020750709487998231 0.0023598985132731341 2.1135810102585766 -395.67242020697165 68.010609745904063 0.021224851255008205 -0.010653404446395339 4.4343774599661437e-05 -1.1828755218216056e-05 0.056782787866272638 0.01758645455340923 0.00080546598359302951 4.3021142204224816e-16
0.0012913770570784208 7.0051159792786312e-07 0.03292681221364268 0.003628038251931909 0.00014476591823222191 0.46073479193120992 -122.97104172757685 71.472844455850449 2.8253645282186093 0.503835093402066 0.09531155179854163 0.079587711891700871 0.011604573402749696 0.049466909877335402 0.030771763846931872 0.020911671843536983 -63.533771633392014 49.198845852851669 0.68041341694554969 -0.00097699397672218339 9.4671998447560892e-06 -1.5603194353629666e-05 0.0032351472326312561 0.00088283917004861392 0.00094143191843384412 0
0.0049218241144474107 0.00040807321388560092 0.34958164440447753 0.071442590504845416 0.010528758424070974 0.72752953088914829 -14.126921013546351 3.5280387687398322 0.11728164470385637 0.74922335077997348 0.69730080706872843 0.057495556223384585 0.19709322647533389 0.019273010802005976 0.092873300602218239 -0.20866539801662431 -8.8890833853845681 3.4912860392681 0.030426619440564934 -0.0058426168815764378 9.4949617648060032e-05 -1.4997804434597899e-05 0.025020530032764023 0.0010926804087322793 5.263723036671212e-05 -3.4694469519536142e-18
0.085692496340449495 3.0521610915924492e-05 0.027148734084429329 0.26691811641111429 0.046799945967504405 0.96913820686385321 -161.20323561686143 105.77997030900455 0.01307845096776925 0.28919212085577051 0.12244011018659116 0.051324348529036251 0.010268643271387967 0.021331862547304448 0.0082820564460852689 0.97129297683679328 -160.76276740562588 105.75976367985569 0.012688917046179677 -0.00042742318060957793 1.839801092274579e-06 -6.167388728039459e-07 0.0022827391054858768 0.00029617670201802628 6.5232388546759005e-05 7.6761513811973714e-17
0.30050205159629034 2.8433180493358732e-06 0.0045314013509875108 0.44105677214726691 0.056364891716507541 4.4830463018803819 -136.59951762203337 -150.62496764729013 0.037879085383139915 0.56932509400168585 0.53277050976655815 0.065246094505733862 0.0043107175711383653 0.021293807395213016 0.0019041884331267474 4.4605311335969331 -120.76151023586448 -150.3867182661624 0.16938726665458437 -0.0089009048071531319 4.6989201984639689e-06 6.7741876560358039e-07 0.044993110476612343 0.00060465946604946227 0.00010195548235187323 1.8735013540549517e-16
0.2624990308750127 8.1933774940066656e-07 0.0025871344245683796 2.6732853914683945 0.45556416639839603 -2.5320116301322546 1928.6579502176 387.04159714104185 0.027029707951572678 0.69128461590082035 0.62905459621336801 0.078767271337644273 0.001356286499296848 0.051146772496284493 0.0016597993572612958 -2.3119419757089887 1775.7102763293351 379.5547745932908 -0.065465325648428094 0.045454304640155957 -7.7194066203124586e-06 -6.1342363364365084e-06 0.32789944839819718 0.014297762306040764 0.0023512416594365596 4.4408920985006262e-16
0.44087395845379063 0.00035929791881012966 0.034818303296329754 6.3868804166801727 0.89271280669061026 -3.4499601693493709 25.813438302025254 34.62090816770035 3.8255517582836118 0.31167907038175829 0.27945213572230415 0.092469024054880819 0.022636231762322479 0.018002794545687973 0.028089862096590642 1.9107805804281734 54.878624158276878 0.23205461380205605 1.3764463737808277 -1.0517080526785936 -0.026175629169374794 -0.012355843512181988 1.3772220719108661 1.249070158555226 0.21531887703207342 -1.7763568394002505e-15
59.091095336300327 0.0078734883710032798 0.01614362636538734 68.389180096439873 1.6924247928173213 3.5300340495891209 -17.80041034481825 202.14070288315133 0.015733290358888589 0.071702315878642467 0.022750468263657522 0.00061773860789686723 0.016039700180148803 0.076869716713087732 0.0088407511513539563 3.5300704037383261 -17.748864657263514 202.04783100867124 0.055539336664141556 -0.024479204179424653 1.0661245542923249e-05 -0.00073122562371221952 0.093437106031617173 0.00018949977483504854 0.14777650639619527 -9.6089802781307299e-14
3.5756927096161877 0.004933415419973379 0.045260448775740321 36.279980327413291 -2.1912942833911715 3.7228810216849535 8.3993782531480399 93.064719338814143 0.014487162114298038 0.28242111067791359 0.19816877101328711 0.06995492005335649 0.022145394548040223 0.090490772369812331 0.019626844190004 3.6848738563681191 9.1898898256114627 92.875503518091847 0.053658672910668476 -0.10415630841295967 -0.00081423928033651758 -0.00093348024765426102 0.34432287776470261 0.0071609364910476103 0.086785762640681385 9.4368957093138306e-16
0.3331981885255873 3.1923460428137826e-07 0.0014969363278455499 3.142644047173563 0.086202945486798452 1.0063798734806984 636.39551745961967 2903.8866858954771 0.46814158041088566 0.18859642538274701 0.071490166896840096 0.043227706280900995 0.00073433573482495405 0.094846447968152003 0.00035641855988021934 1.0095371289731279 674.4021841103247 2748.0951601430588 0.46838366609532556 -0.039303191325473254 -4.6701331707072941e-05 -4.9734046073965398e-05 0.00021273217311650828 0.031150972811167733 0.14054796277004813 0
0.25870301172011795 9.4606568393502142e-08 0.0010884746430748322 3.8647162950980056 -0.49285621021364534 4.4714555261864497 -1627.5971062484261 685.63233372918114 0.16790511022801111 0.73539812623415968 0.5116992005556541 0.048599832001443348 0.00051037473118246827 0.095157703061690871 0.00062860574186901779 2.8680819966459228 2161.3207850708709 275.35026496836434 0.61617292839689652 -0.33204448470196785 -2.9654823484780296e-06 -3.8815378598847761e-05 1.107226257332925 0.015641853851495878 0.018650451697674906 -2.2204460492503131e-16
0.002885807549464426 0.00020166189955028195 0.34453588716145517 0.01361877060639684 0.00051788084537851 3.1286401972018609 0.43733648688290983 -8.7067009222295049 4.1787937032773046 0.14344408966883199 0.10201669011180985 0.0162783944430684 0.08704750943868754 0.030436843282607252 0.15886830071352137 2.4461355628441526 7.0997990456008822 -7.342112000886468 10.854104735397872 -0.0041336942420895787 -8.0641157678834063e-05 0.0002751855939833072 0.0056683641222925194 0.00037942874054876057 0.0022082010584873225 6.9388939039072284e-18
0.0086570163113003206 1.2699699392901958e-06 0.015821147552741915 0.021840089170159054 -0.00079820146099602923 -4.3805784711918285 -143.02013723997513 -249.71194373374317 0.049009710954095467 0.60264822280134311 0.12197976787940316 0.016264939270434677 0.015671714169042048 0.015767045709656015 0.012956513135911625 -4.3700154035427206 -144.43185428348545 -249.53976418170291 -0.21443203823870927 0.00013056427182225129 2.7283840157439795e-07 2.1866285525159505e-07 0.00027436603099468946 3.9213970948319188e-05 5.4583901971012699e-05 3.1062392241709702e-17
0.030335756554992075 2.7811562436609649e-07 0.0036680630193430663 0.39520061167053189 0.067343464908870027 -4.7392164537251205 1159.3636730421968 -1129.9298443521145 0.51943576423926285 0.53298804250216081 0.43912045797118709 0.0064718719173274099 0.0008280227683258658 0.0094128768381156816 0.00071198627193304884 -0.61458431059626129 -33.267491840494436 -1124.9831159677299 -1.3904777958000132 0.090143232411393409 -1.0383038075351254e-06 1.3757624531926215e-06 0.42744121177622563 0.00062030293237828286 0.0015511122930127331 5.5511151231257827e-17
0.022455717939346101 0.00049905207335890775 0.20714949112220385 0.17595800822175292 -0.033212971316045531 -2.377632547229358 11.221746196881869 -6.7104680679441255 0.8738253771204727 0.31863797533103172 0.059967645030053002 0.018454274569841101 0.033871371273277787 0.058568729730399088 0.023678499934360411 -3.2594532779141407 7.2018969733257006 -6.2831927393829341 -2.4629143235082442 0.0092204195842093637 -9.6108864803729125e-05 0.0002132326386135712 0.043582775627504726 0.00088533771531881312 0.0013853362895980461 2.0816681711721685e-17
0.0057762311444400673 0.00054128225991829514 0.42744022239680635 0.012613361350833326 -0.0024753114220047502 -2.7604744943993054 2.3933255799792681 -11.470295561937833 0.24089616121833049 0.49516802448633285 0.2395585836943305 0.048757844868953217 0.060690466327153331 0.076619312524408373 0.043666176552012534 -2.7376900509797291 1.8019047000823636 -11.451514491534738 -0.66224336636426828 0.00072790123106972128 -8.9913663421122218e-06 1.0165860231472388e-05 0.0026537003135430103 1.8860426168778095e-05 0.00011650995862798215 -3.0357660829594124e-18
0.43369894410377735 0.012063773464392349 0.22395196827928948 6.2034817286157686 -0.4870456476889054 3.9096355332491619 6.5727633306484892 -15.356116227883442 0.014533861732108968 0.60408891797574849 0.31713294267961883 0.08745741583164636 0.15440569080165634 0.05263250415104568 0.092124340886867301 3.8273860056504163 7.0026379916928638 -15.319878431087538 0.056224400632357709 -0.028592879171874429 -0.0012175210403913969 0.00043716457139447587 0.067147284309184554 0.008264168370853895 0.006705229028594004 1.2351231148954867e-15
0.0062021651669009244 1.7717974331466835e-06 0.021046500864589285 0.029879204439376948 -0.0037879601945415647 0.47530666994653004 94.622455757522886 -90.791845966954227 0.65327065765614956 0.75909334084906788 0.52045124740665105 0.057923825912902217 0.01372939386100868 0.095401750818848399 0.011927701101197589 0.754902440872112 35.868311113997791 -78.255781814068712 0.52171340388802268 0.0042086623987109386 -1.552282585289255e-05 2.2211366287844719e-05 0.0029462669271993944 0.00080292447603406785 0.0018773893903677671 1.7347234759768071e-18
0.15738371220001857 0.038561218557858976 0.72940356963190689 0.39069538305618406 0.0034555109478020653 4.1955966804220459 -0.6687862772686074 -0.7888191851707238 0.13418945659983786 0.48036446992741683 0.27562613662529056 0.0091469176500915024 0.34334249785446336 0.077266883385806007 0.43432339593170605 4.1067271679754995 -0.39118212456777307 -0.74319316971234772 0.5570421628661707 -0.014450306906603554 0.00016464896491289819 0.0017593947540146928 0.065571653182866313 8.7261350101369489e-05 0.0013477072501334856 -6.9388939039072284e-17
0.0019006570190485349 0.00030367553718526979 0.61691632443710309 0.011831422015656571 0.0022141926638373707 1.3198467420501467 -5.5797659085906863 6.417353829598774 2.8223997450645348 0.36056385468780128 0.089411521461893628 0.041889662718090498 0.27875767706959487 0.07115467169695909 0.27978489437671583 3.03694647085254 1.1513670390748449 4.2282148013975762 6.1483060266977194 -0.0029857191579837541 0.00020214152500301882 -0.00066478797036223817 0.010150119877488165 0.00087996230080052184 0.0035385229817759874 0
0.0055740821853307787 2.6675507086361777e-06 0.031690415125177812 0.020934832122211765 0.0020326238906282382 -4.6575199476338174 127.88786542299584 -41.129141147629802 0.053057647048314692 0.6679531697879455 0.43673462100989596 0.082995236222633439 0.011256599623378244 0.08665287089657564 0.0087376425061427791 -4.5511436003149788 121.73582872529668 -40.813871607744154 -0.2442950101568743 0.00048510426155957097 -1.0377144246875314e-06 8.4099748453336199e-07 0.0041523328894927276 0.00012951905408073585 3.4456933801177412e-05 -2.6020852139652106e-18
11.663379527717742 1.0987736621177471 0.43295550504890778 153.41861742212458 17.94140834854387 -2.6772018002528464 -5.0034205470112649 4.0021268103991146 0.28370684103113714 0.50778253619650904 0.40330094869240696 0.011222506591187342 0.18949801716362302 0.091798375312732217 0.090895379405010732 -2.2036580635452419 -5.0898026190850976 3.6715925863466863 -0.67065230607336623 0.43302003797938138 0.0925640635657759 -0.36318229981733469 0.46765096011605511 0.49969447709783715 1.3934795293315145 -6.6613381477509392e-15
21.518249776525295 0.012019871076804085 0.031697973733084021 215.26515419754472 22.859577494026972 -4.8407974951722945 8.433569971774288 4.1322038778170853 0.025550125068224218 0.076666506065983672 0.073593269182933019 0.039382702185103917 0.028429435891163819 0.09078335482949125 0.022631125002638211 -4.7948443227213291 6.8538276910250975 3.1920924615186284 -0.12309592677989672 0.40476677884446577 -0.0061580118253448113 -0.011300018021739145 2.0481646980014325 0.047069987793133629 0.041382340315525817 -4.4408920985006262e-16
0.0010417530141842472 0.00016959622418069492 0.57066986889461158 0.012281660669715347 0.0012723318550631403 2.1067467481279767 -0.39585982784763202 6.1623855532564935 0.035768820854996136 0.59112640582779941 0.53142455339593286 0.030484955840355168 0.2623556431709162 0.013974308557229887 0.45033728216971697 1.9263342414642022 0.38931332967016841 6.1460845711977949 0.07212927570520658 -0.00023345508280538108 -6.3378654274562305e-08 -2.7645850075925712e-06 0.00047051793275031952 6.8956915646497308e-07 1.701390598623319e-05 -1.0842021724855044e-19
0.026015064947147986 0.0012732659905175371 0.26686535294260594 0.052478866941373915 -0.0027148010595900449 -0.73196502238847749 -1.579157361746824 -13.784486138880618 0.11274985231040509 0.16217008658177551 0.12539194079289026 0.054258430315761857 0.17254694107702157 0.023166394747313968 0.22786273615384425 -0.71521131633039081 -1.6911552511045198 -13.75995526313416 -0.08158445922883259 0.00074194216972745962 5.5395555458421115e-05 3.1234329805576559e-05 0.0002131018204567146 9.0580391855790332e-05 0.00043016608353045615 -1.6479873021779667e-17
0.010923536037227311 0.00017412882621714961 0.22576711772970592 0.11874586782790503 -0.023060644827599196 3.0044609721715414 -15.701564452320751 20.624990454968621 0.29306639874762613 0.36835939318939431 0.063350884528132034 0.068667526752203945 0.15731856588688478 0.053626940359984498 0.18472144990141948 2.183944819273878 -10.684173389302977 18.645222870624323 0.76027370027011798 -0.0022046376328821731 0.0003759377324614517 -0.00034473460564463419 0.012285825774783904 0.0049596972267511707 0.0067689007521894787 -3.4694469519536142e-18
0.42191990157265064 0.026810405136791393 0.39138420983084621 5.7364738465456373 -0.050742028312590018 -4.2165329343662261 -5.4019444634110494 -1.768477022198744 0.51659173446801709 0.10076429509085637 0.027099074142196661 0.024815475918333774 0.28817478858855089 0.0091438430870286035 0.35483870243688193 -4.0883263968702375 -5.7838285082054623 -1.4098451845956905 -2.1451108432181702 0.080305802097703993 0.021191956942627387 0.0096150648610898448 0.15767740747760009 0.11852420959225116 0.015279887083885347 -4.4408920985006262e-16
