checks (3.12)	Build pinned Float64 3D contact backend	﻿2026-10-06T00:50:46.5796915Z ##[group]Run cmake -S spatial_backend -B build/spatial -G Ninja -DCMAKE_BUILD_TYPE=Release
checks (3.12)	Build pinned Float64 3D contact backend	2026-10-06T00:50:46.5797612Z ^[[36;1mcmake -S spatial_backend -B build/spatial -G Ninja -DCMAKE_BUILD_TYPE=Release^[[0m
checks (3.12)	Build pinned Float64 3D contact backend	2026-10-06T00:50:46.5799250Z ^[[36;1mcmake --build build/spatial --target spatial_runner spatial_qp_checks spatial_friction_checks spatial_coulomb_replay shared_contact_checks translation_split_checks active_contact_checks normal_null_checks coulomb_restart_checks support_restart_checks translation_combined_checks coulomb_early_checks projection_tail_checks spatial_position_replay spatial_null_traction_replay -j 2^[[0m
checks (3.12)	Build pinned Float64 3D contact backend	2026-10-06T00:50:46.5800782Z ^[[36;1mbuild/spatial/spatial_qp_checks^[[0m
checks (3.12)	Build pinned Float64 3D contact backend	2026-10-06T00:50:46.5801088Z ^[[36;1mbuild/spatial/spatial_friction_checks^[[0m
checks (3.12)	Build pinned Float64 3D contact backend	2026-10-06T00:50:46.5801402Z ^[[36;1mbuild/spatial/shared_contact_checks^[[0m
checks (3.12)	Build pinned Float64 3D contact backend	2026-10-06T00:50:46.5802326Z ^[[36;1mbuild/spatial/translation_split_checks^[[0m
checks (3.12)	Build pinned Float64 3D contact backend	2026-10-06T00:50:46.5802676Z ^[[36;1mbuild/spatial/active_contact_checks^[[0m
checks (3.12)	Build pinned Float64 3D contact backend	2026-10-06T00:50:46.5803009Z ^[[36;1mbuild/spatial/normal_null_checks^[[0m
checks (3.12)	Build pinned Float64 3D contact backend	2026-10-06T00:50:46.5803311Z ^[[36;1mbuild/spatial/coulomb_restart_checks^[[0m
checks (3.12)	Build pinned Float64 3D contact backend	2026-10-06T00:50:46.5803617Z ^[[36;1mbuild/spatial/support_restart_checks^[[0m
checks (3.12)	Build pinned Float64 3D contact backend	2026-10-06T00:50:46.5803937Z ^[[36;1mbuild/spatial/translation_combined_checks^[[0m
checks (3.12)	Build pinned Float64 3D contact backend	2026-10-06T00:50:46.5804255Z ^[[36;1mbuild/spatial/coulomb_early_checks^[[0m
checks (3.12)	Build pinned Float64 3D contact backend	2026-10-06T00:50:46.5804556Z ^[[36;1mbuild/spatial/projection_tail_checks^[[0m
checks (3.12)	Build pinned Float64 3D contact backend	2026-10-06T00:50:46.5805188Z ^[[36;1mbuild/spatial/spatial_position_replay research/rapid-friction/results-large-irregular/3d_hull_125/reference_4.rejection.json^[[0m
checks (3.12)	Build pinned Float64 3D contact backend	2026-10-06T00:50:46.5806151Z ^[[36;1mbuild/spatial/spatial_null_traction_replay research/rapid-friction/results-large-irregular/3d_hull_64/reference_0.rejection.json^[[0m
checks (3.12)	Build pinned Float64 3D contact backend	2026-10-06T00:50:46.5807091Z ^[[36;1mbuild/spatial/spatial_null_traction_replay research/rapid-friction/results-large-irregular/3d_hull_64/reference_3.rejection.json^[[0m
checks (3.12)	Build pinned Float64 3D contact backend	2026-10-06T00:50:46.5808097Z ^[[36;1mbuild/spatial/spatial_null_traction_replay research/large-velocity-world/results/trial_1/rejection.json^[[0m
checks (3.12)	Build pinned Float64 3D contact backend	2026-10-06T00:50:46.5808919Z ^[[36;1mbuild/spatial/spatial_null_traction_replay research/large-velocity-cap128-world/results/trial_0/rejection.json^[[0m
checks (3.12)	Build pinned Float64 3D contact backend	2026-10-06T00:50:46.5809569Z ^[[36;1mpython research/component-recovery-integration/audit.py^[[0m
checks (3.12)	Build pinned Float64 3D contact backend	2026-10-06T00:50:46.5810017Z ^[[36;1mpython research/component-recovery-integration/checks.py^[[0m
checks (3.12)	Build pinned Float64 3D contact backend	2026-10-06T00:50:46.5810440Z ^[[36;1mpython -m research.verify_native_contact_replays^[[0m
checks (3.12)	Build pinned Float64 3D contact backend	2026-10-06T00:50:46.5876741Z shell: /usr/bin/bash -e {0}
checks (3.12)	Build pinned Float64 3D contact backend	2026-10-06T00:50:46.5877028Z env:
checks (3.12)	Build pinned Float64 3D contact backend	2026-10-06T00:50:46.5877314Z   pythonLocation: /opt/hostedtoolcache/Python/3.12.14/x64
checks (3.12)	Build pinned Float64 3D contact backend	2026-10-06T00:50:46.5877762Z   PKG_CONFIG_PATH: /opt/hostedtoolcache/Python/3.12.14/x64/lib/pkgconfig
checks (3.12)	Build pinned Float64 3D contact backend	2026-10-06T00:50:46.5878207Z   Python_ROOT_DIR: /opt/hostedtoolcache/Python/3.12.14/x64
checks (3.12)	Build pinned Float64 3D contact backend	2026-10-06T00:50:46.5878609Z   Python2_ROOT_DIR: /opt/hostedtoolcache/Python/3.12.14/x64
checks (3.12)	Build pinned Float64 3D contact backend	2026-10-06T00:50:46.5879013Z   Python3_ROOT_DIR: /opt/hostedtoolcache/Python/3.12.14/x64
checks (3.12)	Build pinned Float64 3D contact backend	2026-10-06T00:50:46.5879417Z   LD_LIBRARY_PATH: /opt/hostedtoolcache/Python/3.12.14/x64/lib
checks (3.12)	Build pinned Float64 3D contact backend	2026-10-06T00:50:46.5879741Z ##[endgroup]
checks (3.12)	Build pinned Float64 3D contact backend	2026-10-06T00:50:46.8063278Z -- The C compiler identification is GNU 13.3.0
checks (3.12)	Build pinned Float64 3D contact backend	2026-10-06T00:50:46.8789313Z -- The CXX compiler identification is GNU 13.3.0
checks (3.12)	Build pinned Float64 3D contact backend	2026-10-06T00:50:46.8877192Z -- Detecting C compiler ABI info
checks (3.12)	Build pinned Float64 3D contact backend	2026-10-06T00:50:47.0143213Z -- Detecting C compiler ABI info - done
checks (3.12)	Build pinned Float64 3D contact backend	2026-10-06T00:50:47.0294788Z -- Check for working C compiler: /usr/bin/cc - skipped
checks (3.12)	Build pinned Float64 3D contact backend	2026-10-06T00:50:47.0298931Z -- Detecting C compile features
checks (3.12)	Build pinned Float64 3D contact backend	2026-10-06T00:50:47.0304125Z -- Detecting C compile features - done
checks (3.12)	Build pinned Float64 3D contact backend	2026-10-06T00:50:47.0442052Z -- Detecting CXX compiler ABI info
checks (3.12)	Build pinned Float64 3D contact backend	2026-10-06T00:50:47.1028361Z -- Detecting CXX compiler ABI info - done
checks (3.12)	Build pinned Float64 3D contact backend	2026-10-06T00:50:47.1183608Z -- Check for working CXX compiler: /usr/bin/c++ - skipped
checks (3.12)	Build pinned Float64 3D contact backend	2026-10-06T00:50:47.1188254Z -- Detecting CXX compile features
checks (3.12)	Build pinned Float64 3D contact backend	2026-10-06T00:50:47.1195786Z -- Detecting CXX compile features - done
checks (3.12)	Build pinned Float64 3D contact backend	2026-10-06T00:50:47.1840890Z -- Performing Test CMAKE_HAVE_LIBC_PTHREAD
checks (3.12)	Build pinned Float64 3D contact backend	2026-10-06T00:50:47.2362582Z -- Performing Test CMAKE_HAVE_LIBC_PTHREAD - Success
checks (3.12)	Build pinned Float64 3D contact backend	2026-10-06T00:50:47.2372896Z -- Found Threads: TRUE
checks (3.12)	Build pinned Float64 3D contact backend	2026-10-06T00:50:47.5219461Z -- Difficult friction recovery LAPACK: /usr/lib/x86_64-linux-gnu/liblapack.so;/usr/lib/x86_64-linux-gnu/libblas.so
checks (3.12)	Build pinned Float64 3D contact backend	2026-10-06T00:50:51.4757257Z CMake Warning (deprecated) at /home/runner/work/rigid-body-collisions/rigid-body-collisions/build/spatial/_deps/bullet-src/CMakeLists.txt:1 (cmake_minimum_required):
checks (3.12)	Build pinned Float64 3D contact backend	2026-10-06T00:50:51.4758705Z   Compatibility with CMake < 3.10 will be removed from a future version of
checks (3.12)	Build pinned Float64 3D contact backend	2026-10-06T00:50:51.4759287Z   CMake.
checks (3.12)	Build pinned Float64 3D contact backend	2026-10-06T00:50:51.4759451Z 
checks (3.12)	Build pinned Float64 3D contact backend	2026-10-06T00:50:51.4759785Z   Update the VERSION argument <min> value.  Or, use the <min>...<max> syntax
checks (3.12)	Build pinned Float64 3D contact backend	2026-10-06T00:50:51.4760363Z   to tell CMake that the project requires at least <min> but has been updated
checks (3.12)	Build pinned Float64 3D contact backend	2026-10-06T00:50:51.4760862Z   to work with policies introduced by <max> or earlier.
checks (3.12)	Build pinned Float64 3D contact backend	2026-10-06T00:50:51.4761385Z This warning is for project developers.  Use -Wno-author or -Wno-deprecated
checks (3.12)	Build pinned Float64 3D contact backend	2026-10-06T00:50:51.4762144Z to suppress it.
checks (3.12)	Build pinned Float64 3D contact backend	2026-10-06T00:50:51.4762281Z 
checks (3.12)	Build pinned Float64 3D contact backend	2026-10-06T00:50:51.4762384Z Linux
checks (3.12)	Build pinned Float64 3D contact backend	2026-10-06T00:50:51.4922500Z -- Could NOT find OpenGL (missing: OPENGL_opengl_LIBRARY OPENGL_glx_LIBRARY OPENGL_INCLUDE_DIR) 
checks (3.12)	Build pinned Float64 3D contact backend	2026-10-06T00:50:51.4923495Z OPENGL NOT FOUND
checks (3.12)	Build pinned Float64 3D contact backend	2026-10-06T00:50:52.2773580Z -- Using the multi-header code from /home/runner/work/rigid-body-collisions/rigid-body-collisions/build/spatial/_deps/json-src/include/
checks (3.12)	Build pinned Float64 3D contact backend	2026-10-06T00:50:52.2808954Z -- Configuring done (5.5s)
checks (3.12)	Build pinned Float64 3D contact backend	2026-10-06T00:50:52.3324055Z -- Generating done (0.1s)
checks (3.12)	Build pinned Float64 3D contact backend	2026-10-06T00:50:52.3330876Z -- Build files have been written to: /home/runner/work/rigid-body-collisions/rigid-body-collisions/build/spatial
checks (3.12)	Build pinned Float64 3D contact backend	2026-10-06T00:50:52.6555928Z [1/186] Building CXX object _deps/bullet-build/src/BulletCollision/CMakeFiles/BulletCollision.dir/BroadphaseCollision/btBroadphaseProxy.cpp.o
checks (3.12)	Build pinned Float64 3D contact backend	2026-10-06T00:50:52.7939010Z [2/186] Building CXX object _deps/bullet-build/src/BulletCollision/CMakeFiles/BulletCollision.dir/BroadphaseCollision/btCollisionAlgorithm.cpp.o
checks (3.12)	Build pinned Float64 3D contact backend	2026-10-06T00:50:53.3570728Z [3/186] Building CXX object _deps/bullet-build/src/BulletCollision/CMakeFiles/BulletCollision.dir/BroadphaseCollision/btAxisSweep3.cpp.o
checks (3.12)	Build pinned Float64 3D contact backend	2026-10-06T00:50:53.5308721Z [4/186] Building CXX object _deps/bullet-build/src/BulletCollision/CMakeFiles/BulletCollision.dir/BroadphaseCollision/btDbvt.cpp.o
checks (3.12)	Build pinned Float64 3D contact backend	2026-10-06T00:50:53.6674754Z [5/186] Building CXX object _deps/bullet-build/src/BulletCollision/CMakeFiles/BulletCollision.dir/BroadphaseCollision/btDispatcher.cpp.o
checks (3.12)	Build pinned Float64 3D contact backend	2026-10-06T00:50:54.2157747Z [6/186] Building CXX object _deps/bullet-build/src/BulletCollision/CMakeFiles/BulletCollision.dir/BroadphaseCollision/btDbvtBroadphase.cpp.o
checks (3.12)	Build pinned Float64 3D contact backend	2026-10-06T00:50:54.3040870Z [7/186] Building CXX object _deps/bullet-build/src/BulletCollision/CMakeFiles/BulletCollision.dir/BroadphaseCollision/btOverlappingPairCache.cpp.o
checks (3.12)	Build pinned Float64 3D contact backend	2026-10-06T00:50:54.6550468Z [8/186] Building CXX object _deps/bullet-build/src/BulletCollision/CMakeFiles/BulletCollision.dir/BroadphaseCollision/btSimpleBroadphase.cpp.o
checks (3.12)	Build pinned Float64 3D contact backend	2026-10-06T00:50:54.8403901Z [9/186] Building CXX object _deps/bullet-build/src/BulletCollision/CMakeFiles/BulletCollision.dir/CollisionDispatch/btActivatingCollisionAlgorithm.cpp.o
checks (3.12)	Build pinned Float64 3D contact backend	2026-10-06T00:50:55.0675923Z [10/186] Building CXX object _deps/bullet-build/src/BulletCollision/CMakeFiles/BulletCollision.dir/CollisionDispatch/btBoxBoxCollisionAlgorithm.cpp.o
checks (3.12)	Build pinned Float64 3D contact backend	2026-10-06T00:50:55.3984982Z [11/186] Building CXX object _deps/bullet-build/src/BulletCollision/CMakeFiles/BulletCollision.dir/CollisionDispatch/btBox2dBox2dCollisionAlgorithm.cpp.o
checks (3.12)	Build pinned Float64 3D contact backend	2026-10-06T00:50:55.4142726Z [12/186] Building CXX object _deps/bullet-build/src/BulletCollision/CMakeFiles/BulletCollision.dir/BroadphaseCollision/btQuantizedBvh.cpp.o
checks (3.12)	Build pinned Float64 3D contact backend	2026-10-06T00:50:55.7269451Z [13/186] Building CXX object _deps/bullet-build/src/BulletCollision/CMakeFiles/BulletCollision.dir/CollisionDispatch/btCollisionDispatcher.cpp.o
checks (3.12)	Build pinned Float64 3D contact backend	2026-10-06T00:50:55.8552148Z [14/186] Building CXX object _deps/bullet-build/src/BulletCollision/CMakeFiles/BulletCollision.dir/CollisionDispatch/btBoxBoxDetector.cpp.o
checks (3.12)	Build pinned Float64 3D contact backend	2026-10-06T00:50:56.1353275Z [15/186] Building CXX object _deps/bullet-build/src/BulletCollision/CMakeFiles/BulletCollision.dir/CollisionDispatch/btCollisionDispatcherMt.cpp.o
checks (3.12)	Build pinned Float64 3D contact backend	2026-10-06T00:50:56.3631148Z [16/186] Building CXX object _deps/bullet-build/src/BulletCollision/CMakeFiles/BulletCollision.dir/CollisionDispatch/btCollisionObject.cpp.o
checks (3.12)	Build pinned Float64 3D contact backend	2026-10-06T00:50:57.6769114Z [17/186] Building CXX object _deps/bullet-build/src/BulletCollision/CMakeFiles/BulletCollision.dir/CollisionDispatch/btCollisionWorld.cpp.o
checks (3.12)	Build pinned Float64 3D contact backend	2026-10-06T00:50:58.2117164Z [18/186] Building CXX object _deps/bullet-build/src/BulletCollision/CMakeFiles/BulletCollision.dir/CollisionDispatch/btCompoundCollisionAlgorithm.cpp.o
checks (3.12)	Build pinned Float64 3D contact backend	2026-10-06T00:50:58.2362306Z [19/186] Building CXX object _deps/bullet-build/src/BulletCollision/CMakeFiles/BulletCollision.dir/CollisionDispatch/btCollisionWorldImporter.cpp.o
checks (3.12)	Build pinned Float64 3D contact backend	2026-10-06T00:50:58.6809897Z [20/186] Building CXX object _deps/bullet-build/src/BulletCollision/CMakeFiles/BulletCollision.dir/CollisionDispatch/btCompoundCompoundCollisionAlgorithm.cpp.o
checks (3.12)	Build pinned Float64 3D contact backend	2026-10-06T00:50:58.7383396Z [21/186] Building CXX object _deps/bullet-build/src/BulletCollision/CMakeFiles/BulletCollision.dir/CollisionDispatch/btConvexConcaveCollisionAlgorithm.cpp.o
checks (3.12)	Build pinned Float64 3D contact backend	2026-10-06T00:50:59.0700790Z [22/186] Building CXX object _deps/bullet-build/src/BulletCollision/CMakeFiles/BulletCollision.dir/CollisionDispatch/btConvexPlaneCollisionAlgorithm.cpp.o
checks (3.12)	Build pinned Float64 3D contact backend	2026-10-06T00:50:59.3538447Z [23/186] Building CXX object _deps/bullet-build/src/BulletCollision/CMakeFiles/BulletCollision.dir/CollisionDispatch/btConvex2dConvex2dAlgorithm.cpp.o
checks (3.12)	Build pinned Float64 3D contact backend	2026-10-06T00:50:59.3970546Z [24/186] Building CXX object _deps/bullet-build/src/BulletCollision/CMakeFiles/BulletCollision.dir/CollisionDispatch/btConvexConvexAlgorithm.cpp.o
checks (3.12)	Build pinned Float64 3D contact backend	2026-10-06T00:50:59.5837016Z [25/186] Building CXX object _deps/bullet-build/src/BulletCollision/CMakeFiles/BulletCollision.dir/CollisionDispatch/btEmptyCollisionAlgorithm.cpp.o
checks (3.12)	Build pinned Float64 3D contact backend	2026-10-06T00:50:59.6569158Z [26/186] Building CXX object _deps/bullet-build/src/BulletCollision/CMakeFiles/BulletCollision.dir/CollisionDispatch/btDefaultCollisionConfiguration.cpp.o
checks (3.12)	Build pinned Float64 3D contact backend	2026-10-06T00:50:59.9049050Z [27/186] Building CXX object _deps/bullet-build/src/BulletCollision/CMakeFiles/BulletCollision.dir/CollisionDispatch/btHashedSimplePairCache.cpp.o
checks (3.12)	Build pinned Float64 3D contact backend	2026-10-06T00:50:59.9895993Z [28/186] Building CXX object _deps/bullet-build/src/BulletCollision/CMakeFiles/BulletCollision.dir/CollisionDispatch/btGhostObject.cpp.o
checks (3.12)	Build pinned Float64 3D contact backend	2026-10-06T00:51:00.2352376Z [29/186] Building CXX object _deps/bullet-build/src/BulletCollision/CMakeFiles/BulletCollision.dir/CollisionDispatch/btManifoldResult.cpp.o
checks (3.12)	Build pinned Float64 3D contact backend	2026-10-06T00:51:00.7140679Z [30/186] Building CXX object _deps/bullet-build/src/BulletCollision/CMakeFiles/BulletCollision.dir/CollisionDispatch/btSimulationIslandManager.cpp.o
checks (3.12)	Build pinned Float64 3D contact backend	2026-10-06T00:51:00.8849128Z [31/186] Building CXX object _deps/bullet-build/src/BulletCollision/CMakeFiles/BulletCollision.dir/CollisionDispatch/btInternalEdgeUtility.cpp.o
checks (3.12)	Build pinned Float64 3D contact backend	2026-10-06T00:51:00.9828246Z [32/186] Building CXX object _deps/bullet-build/src/BulletCollision/CMakeFiles/BulletCollision.dir/CollisionDispatch/btSphereBoxCollisionAlgorithm.cpp.o
checks (3.12)	Build pinned Float64 3D contact backend	2026-10-06T00:51:01.1169559Z [33/186] Building CXX object _deps/bullet-build/src/BulletCollision/CMakeFiles/BulletCollision.dir/CollisionDispatch/btSphereSphereCollisionAlgorithm.cpp.o
checks (3.12)	Build pinned Float64 3D contact backend	2026-10-06T00:51:01.2070693Z [34/186] Building CXX object _deps/bullet-build/src/BulletCollision/CMakeFiles/BulletCollision.dir/CollisionDispatch/btSphereTriangleCollisionAlgorithm.cpp.o
checks (3.12)	Build pinned Float64 3D contact backend	2026-10-06T00:51:01.3653873Z [35/186] Building CXX object _deps/bullet-build/src/BulletCollision/CMakeFiles/BulletCollision.dir/CollisionDispatch/btUnionFind.cpp.o
checks (3.12)	Build pinned Float64 3D contact backend	2026-10-06T00:51:01.5034590Z [36/186] Building CXX object _deps/bullet-build/src/BulletCollision/CMakeFiles/BulletCollision.dir/CollisionDispatch/SphereTriangleDetector.cpp.o
checks (3.12)	Build pinned Float64 3D contact backend	2026-10-06T00:51:01.6798447Z [37/186] Building CXX object _deps/bullet-build/src/BulletCollision/CMakeFiles/BulletCollision.dir/CollisionShapes/btBoxShape.cpp.o
checks (3.12)	Build pinned Float64 3D contact backend	2026-10-06T00:51:01.7992789Z [38/186] Building CXX object _deps/bullet-build/src/BulletCollision/CMakeFiles/BulletCollision.dir/CollisionShapes/btBox2dShape.cpp.o
checks (3.12)	Build pinned Float64 3D contact backend	2026-10-06T00:51:02.0510811Z [39/186] Building CXX object _deps/bullet-build/src/BulletCollision/CMakeFiles/BulletCollision.dir/CollisionShapes/btCapsuleShape.cpp.o
checks (3.12)	Build pinned Float64 3D contact backend	2026-10-06T00:51:02.3344848Z [40/186] Building CXX object _deps/bullet-build/src/BulletCollision/CMakeFiles/BulletCollision.dir/CollisionShapes/btBvhTriangleMeshShape.cpp.o
checks (3.12)	Build pinned Float64 3D contact backend	2026-10-06T00:51:02.5459066Z [41/186] Building CXX object _deps/bullet-build/src/BulletCollision/CMakeFiles/BulletCollision.dir/CollisionShapes/btCollisionShape.cpp.o
checks (3.12)	Build pinned Float64 3D contact backend	2026-10-06T00:51:02.7254614Z [42/186] Building CXX object _deps/bullet-build/src/BulletCollision/CMakeFiles/BulletCollision.dir/CollisionShapes/btConcaveShape.cpp.o
checks (3.12)	Build pinned Float64 3D contact backend	2026-10-06T00:51:02.9880782Z [43/186] Building CXX object _deps/bullet-build/src/BulletCollision/CMakeFiles/BulletCollision.dir/CollisionShapes/btCompoundShape.cpp.o
checks (3.12)	Build pinned Float64 3D contact backend	2026-10-06T00:51:02.9942427Z [44/186] Building CXX object _deps/bullet-build/src/BulletCollision/CMakeFiles/BulletCollision.dir/CollisionShapes/btConeShape.cpp.o
checks (3.12)	Build pinned Float64 3D contact backend	2026-10-06T00:51:03.2470737Z [45/186] Building CXX object _deps/bullet-build/src/BulletCollision/CMakeFiles/BulletCollision.dir/CollisionShapes/btConvexInternalShape.cpp.o
checks (3.12)	Build pinned Float64 3D contact backend	2026-10-06T00:51:03.4758276Z [46/186] Building CXX object _deps/bullet-build/src/BulletCollision/CMakeFiles/BulletCollision.dir/CollisionShapes/btConvexPointCloudShape.cpp.o
checks (3.12)	Build pinned Float64 3D contact backend	2026-10-06T00:51:03.5111624Z [47/186] Building CXX object _deps/bullet-build/src/BulletCollision/CMakeFiles/BulletCollision.dir/CollisionShapes/btConvexHullShape.cpp.o
checks (3.12)	Build pinned Float64 3D contact backend	2026-10-06T00:51:03.8340225Z [48/186] Building CXX object _deps/bullet-build/src/BulletCollision/CMakeFiles/BulletCollision.dir/CollisionShapes/btConvexShape.cpp.o
checks (3.12)	Build pinned Float64 3D contact backend	2026-10-06T00:51:03.9571591Z [49/186] Building CXX object _deps/bullet-build/src/BulletCollision/CMakeFiles/BulletCollision.dir/CollisionShapes/btConvexPolyhedron.cpp.o
checks (3.12)	Build pinned Float64 3D contact backend	2026-10-06T00:51:04.0757740Z [50/186] Building CXX object _deps/bullet-build/src/BulletCollision/CMakeFiles/BulletCollision.dir/CollisionShapes/btConvex2dShape.cpp.o
checks (3.12)	Build pinned Float64 3D contact backend	2026-10-06T00:51:04.2742961Z [51/186] Building CXX object _deps/bullet-build/src/BulletCollision/CMakeFiles/BulletCollision.dir/CollisionShapes/btConvexTriangleMeshShape.cpp.o
checks (3.12)	Build pinned Float64 3D contact backend	2026-10-06T00:51:04.3899386Z [52/186] Building CXX object _deps/bullet-build/src/BulletCollision/CMakeFiles/BulletCollision.dir/CollisionShapes/btCylinderShape.cpp.o
checks (3.12)	Build pinned Float64 3D contact backend	2026-10-06T00:51:04.4633890Z [53/186] Building CXX object _deps/bullet-build/src/BulletCollision/CMakeFiles/BulletCollision.dir/CollisionShapes/btEmptyShape.cpp.o
checks (3.12)	Build pinned Float64 3D contact backend	2026-10-06T00:51:04.9655998Z [54/186] Building CXX object _deps/bullet-build/src/BulletCollision/CMakeFiles/BulletCollision.dir/CollisionShapes/btHeightfieldTerrainShape.cpp.o
checks (3.12)	Build pinned Float64 3D contact backend	2026-10-06T00:51:05.0395015Z [55/186] Building CXX object _deps/bullet-build/src/BulletCollision/CMakeFiles/BulletCollision.dir/CollisionShapes/btMiniSDF.cpp.o
checks (3.12)	Build pinned Float64 3D contact backend	2026-10-06T00:51:05.1951236Z [56/186] Building CXX object _deps/bullet-build/src/BulletCollision/CMakeFiles/BulletCollision.dir/CollisionShapes/btMinkowskiSumShape.cpp.o
checks (3.12)	Build pinned Float64 3D contact backend	2026-10-06T00:51:05.5031473Z [57/186] Building CXX object _deps/bullet-build/src/BulletCollision/CMakeFiles/BulletCollision.dir/CollisionShapes/btMultimaterialTriangleMeshShape.cpp.o
checks (3.12)	Build pinned Float64 3D contact backend	2026-10-06T00:51:05.7480724Z [58/186] Building CXX object _deps/bullet-build/src/BulletCollision/CMakeFiles/BulletCollision.dir/CollisionShapes/btMultiSphereShape.cpp.o
checks (3.12)	Build pinned Float64 3D contact backend	2026-10-06T00:51:05.8703374Z [59/186] Building CXX object _deps/bullet-build/src/BulletCollision/CMakeFiles/BulletCollision.dir/CollisionShapes/btOptimizedBvh.cpp.o
checks (3.12)	Build pinned Float64 3D contact backend	2026-10-06T00:51:06.3407521Z [60/186] Building CXX object _deps/bullet-build/src/BulletCollision/CMakeFiles/BulletCollision.dir/CollisionShapes/btPolyhedralConvexShape.cpp.o
checks (3.12)	Build pinned Float64 3D contact backend	2026-10-06T00:51:06.4058562Z [61/186] Building CXX object _deps/bullet-build/src/BulletCollision/CMakeFiles/BulletCollision.dir/CollisionShapes/btScaledBvhTriangleMeshShape.cpp.o
checks (3.12)	Build pinned Float64 3D contact backend	2026-10-06T00:51:06.5767923Z [62/186] Building CXX object _deps/bullet-build/src/BulletCollision/CMakeFiles/BulletCollision.dir/CollisionShapes/btSdfCollisionShape.cpp.o
checks (3.12)	Build pinned Float64 3D contact backend	2026-10-06T00:51:06.7905868Z [63/186] Building CXX object _deps/bullet-build/src/BulletCollision/CMakeFiles/BulletCollision.dir/CollisionShapes/btSphereShape.cpp.o
checks (3.12)	Build pinned Float64 3D contact backend	2026-10-06T00:51:07.0048677Z [64/186] Building CXX object _deps/bullet-build/src/BulletCollision/CMakeFiles/BulletCollision.dir/CollisionShapes/btStaticPlaneShape.cpp.o
checks (3.12)	Build pinned Float64 3D contact backend	2026-10-06T00:51:07.2286738Z [65/186] Building CXX object _deps/bullet-build/src/BulletCollision/CMakeFiles/BulletCollision.dir/CollisionShapes/btShapeHull.cpp.o
checks (3.12)	Build pinned Float64 3D contact backend	2026-10-06T00:51:07.4501621Z [66/186] Building CXX object _deps/bullet-build/src/BulletCollision/CMakeFiles/BulletCollision.dir/CollisionShapes/btTetrahedronShape.cpp.o
checks (3.12)	Build pinned Float64 3D contact backend	2026-10-06T00:51:07.6181923Z [67/186] Building CXX object _deps/bullet-build/src/BulletCollision/CMakeFiles/BulletCollision.dir/CollisionShapes/btTriangleBuffer.cpp.o
checks (3.12)	Build pinned Float64 3D contact backend	2026-10-06T00:51:07.6406786Z [68/186] Building CXX object _deps/bullet-build/src/BulletCollision/CMakeFiles/BulletCollision.dir/CollisionShapes/btStridingMeshInterface.cpp.o
checks (3.12)	Build pinned Float64 3D contact backend	2026-10-06T00:51:07.7644801Z [69/186] Building CXX object _deps/bullet-build/src/BulletCollision/CMakeFiles/BulletCollision.dir/CollisionShapes/btTriangleCallback.cpp.o
checks (3.12)	Build pinned Float64 3D contact backend	2026-10-06T00:51:07.8490108Z [70/186] Building CXX object _deps/bullet-build/src/BulletCollision/CMakeFiles/BulletCollision.dir/CollisionShapes/btTriangleIndexVertexArray.cpp.o
checks (3.12)	Build pinned Float64 3D contact backend	2026-10-06T00:51:07.9693364Z [71/186] Building CXX object _deps/bullet-build/src/BulletCollision/CMakeFiles/BulletCollision.dir/CollisionShapes/btTriangleIndexVertexMaterialArray.cpp.o
checks (3.12)	Build pinned Float64 3D contact backend	2026-10-06T00:51:08.2100590Z [72/186] Building CXX object _deps/bullet-build/src/BulletCollision/CMakeFiles/BulletCollision.dir/CollisionShapes/btTriangleMesh.cpp.o
checks (3.12)	Build pinned Float64 3D contact backend	2026-10-06T00:51:08.2403185Z [73/186] Building CXX object _deps/bullet-build/src/BulletCollision/CMakeFiles/BulletCollision.dir/CollisionShapes/btTriangleMeshShape.cpp.o
checks (3.12)	Build pinned Float64 3D contact backend	2026-10-06T00:51:08.5967236Z [74/186] Building CXX object _deps/bullet-build/src/BulletCollision/CMakeFiles/BulletCollision.dir/Gimpact/btContactProcessing.cpp.o
checks (3.12)	Build pinned Float64 3D contact backend	2026-10-06T00:51:08.7393284Z [75/186] Building CXX object _deps/bullet-build/src/BulletCollision/CMakeFiles/BulletCollision.dir/CollisionShapes/btUniformScalingShape.cpp.o
checks (3.12)	Build pinned Float64 3D contact backend	2026-10-06T00:51:08.8598681Z [76/186] Building CXX object _deps/bullet-build/src/BulletCollision/CMakeFiles/BulletCollision.dir/Gimpact/btGenericPoolAllocator.cpp.o
checks (3.12)	Build pinned Float64 3D contact backend	2026-10-06T00:51:09.2330202Z [77/186] Building CXX object _deps/bullet-build/src/BulletCollision/CMakeFiles/BulletCollision.dir/Gimpact/btGImpactBvh.cpp.o
checks (3.12)	Build pinned Float64 3D contact backend	2026-10-06T00:51:09.7675791Z [78/186] Building CXX object _deps/bullet-build/src/BulletCollision/CMakeFiles/BulletCollision.dir/Gimpact/btGImpactCollisionAlgorithm.cpp.o
checks (3.12)	Build pinned Float64 3D contact backend	2026-10-06T00:51:09.7799926Z [79/186] Building CXX object _deps/bullet-build/src/BulletCollision/CMakeFiles/BulletCollision.dir/Gimpact/btGImpactQuantizedBvh.cpp.o
checks (3.12)	Build pinned Float64 3D contact backend	2026-10-06T00:51:10.1125821Z [80/186] Building CXX object _deps/bullet-build/src/BulletCollision/CMakeFiles/BulletCollision.dir/Gimpact/btTriangleShapeEx.cpp.o
checks (3.12)	Build pinned Float64 3D contact backend	2026-10-06T00:51:10.3442364Z [81/186] Building CXX object _deps/bullet-build/src/BulletCollision/CMakeFiles/BulletCollision.dir/Gimpact/btGImpactShape.cpp.o
checks (3.12)	Build pinned Float64 3D contact backend	2026-10-06T00:51:10.3663262Z [82/186] Building CXX object _deps/bullet-build/src/BulletCollision/CMakeFiles/BulletCollision.dir/Gimpact/gim_box_set.cpp.o
checks (3.12)	Build pinned Float64 3D contact backend	2026-10-06T00:51:10.5184932Z [83/186] Building CXX object _deps/bullet-build/src/BulletCollision/CMakeFiles/BulletCollision.dir/Gimpact/gim_memory.cpp.o
checks (3.12)	Build pinned Float64 3D contact backend	2026-10-06T00:51:10.6255505Z [84/186] Building CXX object _deps/bullet-build/src/BulletCollision/CMakeFiles/BulletCollision.dir/Gimpact/gim_contact.cpp.o
checks (3.12)	Build pinned Float64 3D contact backend	2026-10-06T00:51:10.8884002Z [85/186] Building CXX object _deps/bullet-build/src/BulletCollision/CMakeFiles/BulletCollision.dir/Gimpact/gim_tri_collision.cpp.o
checks (3.12)	Build pinned Float64 3D contact backend	2026-10-06T00:51:11.0682953Z [86/186] Building CXX object _deps/bullet-build/src/BulletCollision/CMakeFiles/BulletCollision.dir/NarrowPhaseCollision/btConvexCast.cpp.o
checks (3.12)	Build pinned Float64 3D contact backend	2026-10-06T00:51:11.2122837Z [87/186] Building CXX object _deps/bullet-build/src/BulletCollision/CMakeFiles/BulletCollision.dir/NarrowPhaseCollision/btContinuousConvexCollision.cpp.o
checks (3.12)	Build pinned Float64 3D contact backend	2026-10-06T00:51:11.3009417Z [88/186] Building CXX object _deps/bullet-build/src/BulletCollision/CMakeFiles/BulletCollision.dir/NarrowPhaseCollision/btGjkConvexCast.cpp.o
checks (3.12)	Build pinned Float64 3D contact backend	2026-10-06T00:51:11.4946917Z [89/186] Building CXX object _deps/bullet-build/src/BulletCollision/CMakeFiles/BulletCollision.dir/NarrowPhaseCollision/btGjkEpaPenetrationDepthSolver.cpp.o
checks (3.12)	Build pinned Float64 3D contact backend	2026-10-06T00:51:12.0126463Z [90/186] Building CXX object _deps/bullet-build/src/BulletCollision/CMakeFiles/BulletCollision.dir/NarrowPhaseCollision/btGjkPairDetector.cpp.o
checks (3.12)	Build pinned Float64 3D contact backend	2026-10-06T00:51:12.0547146Z [91/186] Building CXX object _deps/bullet-build/src/BulletCollision/CMakeFiles/BulletCollision.dir/NarrowPhaseCollision/btGjkEpa2.cpp.o
checks (3.12)	Build pinned Float64 3D contact backend	2026-10-06T00:51:12.3274259Z [92/186] Building CXX object _deps/bullet-build/src/BulletCollision/CMakeFiles/BulletCollision.dir/NarrowPhaseCollision/btMinkowskiPenetrationDepthSolver.cpp.o
checks (3.12)	Build pinned Float64 3D contact backend	2026-10-06T00:51:12.6443522Z [93/186] Building CXX object _deps/bullet-build/src/BulletCollision/CMakeFiles/BulletCollision.dir/NarrowPhaseCollision/btRaycastCallback.cpp.o
checks (3.12)	Build pinned Float64 3D contact backend	2026-10-06T00:51:12.6568624Z [94/186] Building CXX object _deps/bullet-build/src/BulletCollision/CMakeFiles/BulletCollision.dir/NarrowPhaseCollision/btPersistentManifold.cpp.o
checks (3.12)	Build pinned Float64 3D contact backend	2026-10-06T00:51:12.9005062Z [95/186] Building CXX object _deps/bullet-build/src/BulletCollision/CMakeFiles/BulletCollision.dir/NarrowPhaseCollision/btSubSimplexConvexCast.cpp.o
checks (3.12)	Build pinned Float64 3D contact backend	2026-10-06T00:51:12.9513670Z [96/186] Building CXX object _deps/bullet-build/src/BulletCollision/CMakeFiles/BulletCollision.dir/NarrowPhaseCollision/btVoronoiSimplexSolver.cpp.o
checks (3.12)	Build pinned Float64 3D contact backend	2026-10-06T00:51:13.3167148Z [97/186] Building CXX object _deps/bullet-build/src/BulletCollision/CMakeFiles/BulletCollision.dir/NarrowPhaseCollision/btPolyhedralContactClipping.cpp.o
checks (3.12)	Build pinned Float64 3D contact backend	2026-10-06T00:51:13.6169706Z [98/186] Building CXX object _deps/bullet-build/src/BulletDynamics/CMakeFiles/BulletDynamics.dir/Character/btKinematicCharacterController.cpp.o
checks (3.12)	Build pinned Float64 3D contact backend	2026-10-06T00:51:13.8816213Z [99/186] Building CXX object _deps/bullet-build/src/BulletDynamics/CMakeFiles/BulletDynamics.dir/ConstraintSolver/btContactConstraint.cpp.o
checks (3.12)	Build pinned Float64 3D contact backend	2026-10-06T00:51:14.1533966Z [100/186] Building CXX object _deps/bullet-build/src/BulletDynamics/CMakeFiles/BulletDynamics.dir/ConstraintSolver/btFixedConstraint.cpp.o
checks (3.12)	Build pinned Float64 3D contact backend	2026-10-06T00:51:14.3613728Z [101/186] Building CXX object _deps/bullet-build/src/BulletDynamics/CMakeFiles/BulletDynamics.dir/ConstraintSolver/btGearConstraint.cpp.o
checks (3.12)	Build pinned Float64 3D contact backend	2026-10-06T00:51:14.3645886Z [102/186] Building CXX object _deps/bullet-build/src/BulletDynamics/CMakeFiles/BulletDynamics.dir/ConstraintSolver/btConeTwistConstraint.cpp.o
checks (3.12)	Build pinned Float64 3D contact backend	2026-10-06T00:51:14.6606052Z [103/186] Building CXX object _deps/bullet-build/src/BulletDynamics/CMakeFiles/BulletDynamics.dir/ConstraintSolver/btGeneric6DofSpringConstraint.cpp.o
checks (3.12)	Build pinned Float64 3D contact backend	2026-10-06T00:51:15.0450355Z [104/186] Building CXX object _deps/bullet-build/src/BulletDynamics/CMakeFiles/BulletDynamics.dir/ConstraintSolver/btGeneric6DofConstraint.cpp.o
checks (3.12)	Build pinned Float64 3D contact backend	2026-10-06T00:51:15.3647210Z [105/186] Building CXX object _deps/bullet-build/src/BulletDynamics/CMakeFiles/BulletDynamics.dir/ConstraintSolver/btHinge2Constraint.cpp.o
checks (3.12)	Build pinned Float64 3D contact backend	2026-10-06T00:51:15.3938985Z [106/186] Building CXX object _deps/bullet-build/src/BulletDynamics/CMakeFiles/BulletDynamics.dir/ConstraintSolver/btGeneric6DofSpring2Constraint.cpp.o
checks (3.12)	Build pinned Float64 3D contact backend	2026-10-06T00:51:15.6845574Z [107/186] Building CXX object _deps/bullet-build/src/BulletDynamics/CMakeFiles/BulletDynamics.dir/ConstraintSolver/btPoint2PointConstraint.cpp.o
checks (3.12)	Build pinned Float64 3D contact backend	2026-10-06T00:51:16.0352822Z [108/186] Building CXX object _deps/bullet-build/src/BulletDynamics/CMakeFiles/BulletDynamics.dir/ConstraintSolver/btHingeConstraint.cpp.o
checks (3.12)	Build pinned Float64 3D contact backend	2026-10-06T00:51:16.7506641Z [109/186] Building CXX object _deps/bullet-build/src/BulletDynamics/CMakeFiles/BulletDynamics.dir/ConstraintSolver/btSequentialImpulseConstraintSolver.cpp.o
checks (3.12)	Build pinned Float64 3D contact backend	2026-10-06T00:51:16.8926338Z [110/186] Building CXX object _deps/bullet-build/src/BulletDynamics/CMakeFiles/BulletDynamics.dir/ConstraintSolver/btSequentialImpulseConstraintSolverMt.cpp.o
checks (3.12)	Build pinned Float64 3D contact backend	2026-10-06T00:51:17.3274450Z [111/186] Building CXX object _deps/bullet-build/src/BulletDynamics/CMakeFiles/BulletDynamics.dir/ConstraintSolver/btNNCGConstraintSolver.cpp.o
checks (3.12)	Build pinned Float64 3D contact backend	2026-10-06T00:51:17.5417434Z [112/186] Building CXX object _deps/bullet-build/src/BulletDynamics/CMakeFiles/BulletDynamics.dir/ConstraintSolver/btBatchedConstraints.cpp.o
checks (3.12)	Build pinned Float64 3D contact backend	2026-10-06T00:51:17.8146601Z [113/186] Building CXX object _deps/bullet-build/src/BulletDynamics/CMakeFiles/BulletDynamics.dir/ConstraintSolver/btSolve2LinearConstraint.cpp.o
checks (3.12)	Build pinned Float64 3D contact backend	2026-10-06T00:51:17.8222511Z [114/186] Building CXX object _deps/bullet-build/src/BulletDynamics/CMakeFiles/BulletDynamics.dir/ConstraintSolver/btSliderConstraint.cpp.o
checks (3.12)	Build pinned Float64 3D contact backend	2026-10-06T00:51:18.1223264Z [115/186] Building CXX object _deps/bullet-build/src/BulletDynamics/CMakeFiles/BulletDynamics.dir/ConstraintSolver/btUniversalConstraint.cpp.o
checks (3.12)	Build pinned Float64 3D contact backend	2026-10-06T00:51:18.3344671Z [116/186] Building CXX object _deps/bullet-build/src/BulletDynamics/CMakeFiles/BulletDynamics.dir/ConstraintSolver/btTypedConstraint.cpp.o
checks (3.12)	Build pinned Float64 3D contact backend	2026-10-06T00:51:18.8535502Z [117/186] Building CXX object _deps/bullet-build/src/BulletDynamics/CMakeFiles/BulletDynamics.dir/Dynamics/btDiscreteDynamicsWorldMt.cpp.o
checks (3.12)	Build pinned Float64 3D contact backend	2026-10-06T00:51:19.5714982Z [118/186] Building CXX object _deps/bullet-build/src/BulletDynamics/CMakeFiles/BulletDynamics.dir/Dynamics/btSimulationIslandManagerMt.cpp.o
checks (3.12)	Build pinned Float64 3D contact backend	2026-10-06T00:51:19.7565647Z [119/186] Building CXX object _deps/bullet-build/src/BulletDynamics/CMakeFiles/BulletDynamics.dir/Dynamics/btDiscreteDynamicsWorld.cpp.o
checks (3.12)	Build pinned Float64 3D contact backend	2026-10-06T00:51:20.0569509Z [120/186] Building CXX object _deps/bullet-build/src/BulletDynamics/CMakeFiles/BulletDynamics.dir/Dynamics/btSimpleDynamicsWorld.cpp.o
checks (3.12)	Build pinned Float64 3D contact backend	2026-10-06T00:51:20.3791362Z [121/186] Building CXX object _deps/bullet-build/src/BulletDynamics/CMakeFiles/BulletDynamics.dir/Dynamics/btRigidBody.cpp.o
checks (3.12)	Build pinned Float64 3D contact backend	2026-10-06T00:51:20.5678805Z [122/186] Building CXX object _deps/bullet-build/src/BulletDynamics/CMakeFiles/BulletDynamics.dir/Vehicle/btWheelInfo.cpp.o
checks (3.12)	Build pinned Float64 3D contact backend	2026-10-06T00:51:20.6359112Z [123/186] Building CXX object _deps/bullet-build/src/BulletDynamics/CMakeFiles/BulletDynamics.dir/Vehicle/btRaycastVehicle.cpp.o
checks (3.12)	Build pinned Float64 3D contact backend	2026-10-06T00:51:21.0487580Z [124/186] Building CXX object _deps/bullet-build/src/BulletDynamics/CMakeFiles/BulletDynamics.dir/Featherstone/btMultiBodyConstraint.cpp.o
checks (3.12)	Build pinned Float64 3D contact backend	2026-10-06T00:51:22.2688291Z [125/186] Building CXX object _deps/bullet-build/src/BulletDynamics/CMakeFiles/BulletDynamics.dir/Featherstone/btMultiBodyConstraintSolver.cpp.o
checks (3.12)	Build pinned Float64 3D contact backend	2026-10-06T00:51:23.4434787Z [126/186] Building CXX object _deps/bullet-build/src/BulletDynamics/CMakeFiles/BulletDynamics.dir/Featherstone/btMultiBody.cpp.o
checks (3.12)	Build pinned Float64 3D contact backend	2026-10-06T00:51:24.0864464Z [127/186] Building CXX object _deps/bullet-build/src/BulletDynamics/CMakeFiles/BulletDynamics.dir/Featherstone/btMultiBodyFixedConstraint.cpp.o
checks (3.12)	Build pinned Float64 3D contact backend	2026-10-06T00:51:24.2618474Z [128/186] Building CXX object _deps/bullet-build/src/BulletDynamics/CMakeFiles/BulletDynamics.dir/Featherstone/btMultiBodyDynamicsWorld.cpp.o
checks (3.12)	Build pinned Float64 3D contact backend	2026-10-06T00:51:24.5528040Z [129/186] Building CXX object _deps/bullet-build/src/BulletDynamics/CMakeFiles/BulletDynamics.dir/Featherstone/btMultiBodyGearConstraint.cpp.o
checks (3.12)	Build pinned Float64 3D contact backend	2026-10-06T00:51:24.7270588Z [130/186] Building CXX object _deps/bullet-build/src/BulletDynamics/CMakeFiles/BulletDynamics.dir/Featherstone/btMultiBodyJointLimitConstraint.cpp.o
checks (3.12)	Build pinned Float64 3D contact backend	2026-10-06T00:51:25.0170452Z [131/186] Building CXX object _deps/bullet-build/src/BulletDynamics/CMakeFiles/BulletDynamics.dir/Featherstone/btMultiBodyJointMotor.cpp.o
checks (3.12)	Build pinned Float64 3D contact backend	2026-10-06T00:51:25.5401338Z [132/186] Building CXX object _deps/bullet-build/src/BulletDynamics/CMakeFiles/BulletDynamics.dir/Featherstone/btMultiBodyPoint2Point.cpp.o
checks (3.12)	Build pinned Float64 3D contact backend	2026-10-06T00:51:26.0076770Z [133/186] Building CXX object _deps/bullet-build/src/BulletDynamics/CMakeFiles/BulletDynamics.dir/Featherstone/btMultiBodyMLCPConstraintSolver.cpp.o
checks (3.12)	Build pinned Float64 3D contact backend	2026-10-06T00:51:26.1571426Z [134/186] Building CXX object _deps/bullet-build/src/BulletDynamics/CMakeFiles/BulletDynamics.dir/Featherstone/btMultiBodySliderConstraint.cpp.o
checks (3.12)	Build pinned Float64 3D contact backend	2026-10-06T00:51:26.4633327Z [135/186] Building CXX object _deps/bullet-build/src/BulletDynamics/CMakeFiles/BulletDynamics.dir/Featherstone/btMultiBodySphericalJointMotor.cpp.o
checks (3.12)	Build pinned Float64 3D contact backend	2026-10-06T00:51:26.6924224Z [136/186] Building CXX object _deps/bullet-build/src/BulletDynamics/CMakeFiles/BulletDynamics.dir/Featherstone/btMultiBodySphericalJointLimit.cpp.o
checks (3.12)	Build pinned Float64 3D contact backend	2026-10-06T00:51:27.4468509Z [137/186] Building CXX object _deps/bullet-build/src/BulletDynamics/CMakeFiles/BulletDynamics.dir/MLCPSolvers/btDantzigLCP.cpp.o
checks (3.12)	Build pinned Float64 3D contact backend	2026-10-06T00:51:27.9055830Z [138/186] Building CXX object _deps/bullet-build/src/BulletDynamics/CMakeFiles/BulletDynamics.dir/MLCPSolvers/btLemkeAlgorithm.cpp.o
checks (3.12)	Build pinned Float64 3D contact backend	2026-10-06T00:51:27.9066195Z [139/186] Building CXX object _deps/bullet-build/src/BulletDynamics/CMakeFiles/BulletDynamics.dir/MLCPSolvers/btMLCPSolver.cpp.o
checks (3.12)	Build pinned Float64 3D contact backend	2026-10-06T00:51:28.0583119Z [140/186] Building CXX object _deps/bullet-build/src/LinearMath/CMakeFiles/LinearMath.dir/btAlignedAllocator.cpp.o
checks (3.12)	Build pinned Float64 3D contact backend	2026-10-06T00:51:28.7168461Z [141/186] Building CXX object _deps/bullet-build/src/LinearMath/CMakeFiles/LinearMath.dir/btConvexHull.cpp.o
checks (3.12)	Build pinned Float64 3D contact backend	2026-10-06T00:51:28.9560040Z [142/186] Building CXX object _deps/bullet-build/src/LinearMath/CMakeFiles/LinearMath.dir/btGeometryUtil.cpp.o
checks (3.12)	Build pinned Float64 3D contact backend	2026-10-06T00:51:29.2082721Z [143/186] Building CXX object _deps/bullet-build/src/LinearMath/CMakeFiles/LinearMath.dir/btPolarDecomposition.cpp.o
checks (3.12)	Build pinned Float64 3D contact backend	2026-10-06T00:51:29.3695111Z [144/186] Building CXX object _deps/bullet-build/src/LinearMath/CMakeFiles/LinearMath.dir/btQuickprof.cpp.o
checks (3.12)	Build pinned Float64 3D contact backend	2026-10-06T00:51:29.4060324Z [145/186] Building CXX object _deps/bullet-build/src/LinearMath/CMakeFiles/LinearMath.dir/btConvexHullComputer.cpp.o
checks (3.12)	Build pinned Float64 3D contact backend	2026-10-06T00:51:29.4339607Z [146/186] Building CXX object _deps/bullet-build/src/LinearMath/CMakeFiles/LinearMath.dir/btSerializer.cpp.o
checks (3.12)	Build pinned Float64 3D contact backend	2026-10-06T00:51:29.4604392Z [147/186] Building CXX object _deps/bullet-build/src/LinearMath/CMakeFiles/LinearMath.dir/btSerializer64.cpp.o
checks (3.12)	Build pinned Float64 3D contact backend	2026-10-06T00:51:29.6500776Z [148/186] Building CXX object _deps/bullet-build/src/LinearMath/CMakeFiles/LinearMath.dir/btThreads.cpp.o
checks (3.12)	Build pinned Float64 3D contact backend	2026-10-06T00:51:29.7950130Z [149/186] Building CXX object _deps/bullet-build/src/LinearMath/CMakeFiles/LinearMath.dir/btVector3.cpp.o
checks (3.12)	Build pinned Float64 3D contact backend	2026-10-06T00:51:29.9569712Z [150/186] Building CXX object _deps/bullet-build/src/LinearMath/CMakeFiles/LinearMath.dir/TaskScheduler/btTaskScheduler.cpp.o
checks (3.12)	Build pinned Float64 3D contact backend	2026-10-06T00:51:29.9674150Z [151/186] Building CXX object _deps/bullet-build/src/LinearMath/CMakeFiles/LinearMath.dir/TaskScheduler/btThreadSupportPosix.cpp.o
checks (3.12)	Build pinned Float64 3D contact backend	2026-10-06T00:51:29.9775087Z [152/186] Building CXX object _deps/bullet-build/src/LinearMath/CMakeFiles/LinearMath.dir/TaskScheduler/btThreadSupportWin32.cpp.o
checks (3.12)	Build pinned Float64 3D contact backend	2026-10-06T00:51:30.2991261Z [153/186] Building CXX object _deps/bullet-build/src/LinearMath/CMakeFiles/LinearMath.dir/btReducedVector.cpp.o
checks (3.12)	Build pinned Float64 3D contact backend	2026-10-06T00:51:31.0653386Z [154/186] Building CXX object CMakeFiles/spatial_qp_checks.dir/qp_checks.cpp.o
checks (3.12)	Build pinned Float64 3D contact backend	2026-10-06T00:51:40.9240423Z [155/186] Building CXX object CMakeFiles/spatial_friction_checks.dir/friction_checks.cpp.o
checks (3.12)	Build pinned Float64 3D contact backend	2026-10-06T00:51:49.8737977Z [156/186] Building CXX object CMakeFiles/spatial_runner.dir/runner.cpp.o
checks (3.12)	Build pinned Float64 3D contact backend	2026-10-06T00:51:49.8739231Z In file included from /home/runner/work/rigid-body-collisions/rigid-body-collisions/spatial_backend/runner.cpp:5:
checks (3.12)	Build pinned Float64 3D contact backend	2026-10-06T00:51:49.8744194Z /home/runner/work/rigid-body-collisions/rigid-body-collisions/build/spatial/_deps/bullet-src/src/BulletDynamics/MLCPSolvers/btDantzigSolver.h: In member function ‘virtual bool btDantzigSolver::solveMLCP(const btMatrixXd&, const btVectorXd&, btVectorXd&, const btVectorXd&, const btVectorXd&, const btAlignedObjectArray<int>&, int, bool)’:
checks (3.12)	Build pinned Float64 3D contact backend	2026-10-06T00:51:49.8748302Z /home/runner/work/rigid-body-collisions/rigid-body-collisions/build/spatial/_deps/bullet-src/src/BulletDynamics/MLCPSolvers/btDantzigSolver.h:44:187: warning: unused parameter ‘numIterations’ [-Wunused-parameter]
checks (3.12)	Build pinned Float64 3D contact backend	2026-10-06T00:51:49.8751452Z    44 |         virtual bool solveMLCP(const btMatrixXu& A, const btVectorXu& b, btVectorXu& x, const btVectorXu& lo, const btVectorXu& hi, const btAlignedObjectArray<int>& limitDependency, int numIterations, bool useSparsity = true)
checks (3.12)	Build pinned Float64 3D contact backend	2026-10-06T00:51:49.8753866Z       |                                                                                                                                                                                       ~~~~^~~~~~~~~~~~~
checks (3.12)	Build pinned Float64 3D contact backend	2026-10-06T00:51:49.8756226Z /home/runner/work/rigid-body-collisions/rigid-body-collisions/build/spatial/_deps/bullet-src/src/BulletDynamics/MLCPSolvers/btDantzigSolver.h:44:207: warning: unused parameter ‘useSparsity’ [-Wunused-parameter]
checks (3.12)	Build pinned Float64 3D contact backend	2026-10-06T00:51:49.8759005Z    44 |         virtual bool solveMLCP(const btMatrixXu& A, const btVectorXu& b, btVectorXu& x, const btVectorXu& lo, const btVectorXu& hi, const btAlignedObjectArray<int>& limitDependency, int numIterations, bool useSparsity = true)
checks (3.12)	Build pinned Float64 3D contact backend	2026-10-06T00:51:49.8761046Z       |                                                                                                                                                                                                          ~~~~~^~~~~~~~~~~~~~~~~~
checks (3.12)	Build pinned Float64 3D contact backend	2026-10-06T00:51:49.8763822Z In file included from /home/runner/work/rigid-body-collisions/rigid-body-collisions/spatial_backend/translation_split.h:9,
checks (3.12)	Build pinned Float64 3D contact backend	2026-10-06T00:51:49.8765289Z                  from /home/runner/work/rigid-body-collisions/rigid-body-collisions/spatial_backend/coulomb.h:9,
checks (3.12)	Build pinned Float64 3D contact backend	2026-10-06T00:51:49.8766792Z                  from /home/runner/work/rigid-body-collisions/rigid-body-collisions/spatial_backend/runner.cpp:13:
checks (3.12)	Build pinned Float64 3D contact backend	2026-10-06T00:51:49.8769478Z /home/runner/work/rigid-body-collisions/rigid-body-collisions/spatial_backend/normal_null.h: In function ‘bool normal_null::solve(const btMatrixXd&, const btVectorXd&, const btVectorXd&, const btVectorXd&, btVectorXd&, double, Stats&, int, int)’:
checks (3.12)	Build pinned Float64 3D contact backend	2026-10-06T00:51:49.8772672Z /home/runner/work/rigid-body-collisions/rigid-body-collisions/spatial_backend/normal_null.h:21:3: warning: this ‘for’ clause does not guard... [-Wmisleading-indentation]
checks (3.12)	Build pinned Float64 3D contact backend	2026-10-06T00:51:49.8774370Z    21 |   for(double v:delta)magnitude=std::max(magnitude,std::abs(v));const bool nullStep=magnitude>1e-12;
checks (3.12)	Build pinned Float64 3D contact backend	2026-10-06T00:51:49.8775188Z       |   ^~~
checks (3.12)	Build pinned Float64 3D contact backend	2026-10-06T00:51:49.8776745Z /home/runner/work/rigid-body-collisions/rigid-body-collisions/spatial_backend/normal_null.h:21:64: note: ...this statement, but the latter is misleadingly indented as if it were guarded by the ‘for’
checks (3.12)	Build pinned Float64 3D contact backend	2026-10-06T00:51:49.8778593Z    21 |   for(double v:delta)magnitude=std::max(magnitude,std::abs(v));const bool nullStep=magnitude>1e-12;
checks (3.12)	Build pinned Float64 3D contact backend	2026-10-06T00:51:49.8779493Z       |                                                                ^~~~~
checks (3.12)	Build pinned Float64 3D contact backend	2026-10-06T00:51:49.8780498Z In file included from /home/runner/work/rigid-body-collisions/rigid-body-collisions/spatial_backend/coulomb.h:10:
checks (3.12)	Build pinned Float64 3D contact backend	2026-10-06T00:51:49.8784517Z /home/runner/work/rigid-body-collisions/rigid-body-collisions/spatial_backend/translation_combined.h: In function ‘bool combined_translation_review::targets(const btAlignedObjectArray<btSolverConstraint*>&, const std::vector<int>&, const std::vector<double>&, const btAlignedObjectArray<btSolverBody>&, const btVectorXd&, double, double, btVectorXd&, btVectorXd*, btVectorXd*)’:
checks (3.12)	Build pinned Float64 3D contact backend	2026-10-06T00:51:49.8788288Z /home/runner/work/rigid-body-collisions/rigid-body-collisions/spatial_backend/translation_combined.h:109:2: warning: this ‘if’ clause does not guard... [-Wmisleading-indentation]
checks (3.12)	Build pinned Float64 3D contact backend	2026-10-06T00:51:49.8790093Z   109 |  if(desired_rates)*desired_rates=desired_values;return true;
checks (3.12)	Build pinned Float64 3D contact backend	2026-10-06T00:51:49.8790676Z       |  ^~
checks (3.12)	Build pinned Float64 3D contact backend	2026-10-06T00:51:49.8792713Z /home/runner/work/rigid-body-collisions/rigid-body-collisions/spatial_backend/translation_combined.h:109:49: note: ...this statement, but the latter is misleadingly indented as if it were guarded by the ‘if’
checks (3.12)	Build pinned Float64 3D contact backend	2026-10-06T00:51:49.8794366Z   109 |  if(desired_rates)*desired_rates=desired_values;return true;
checks (3.12)	Build pinned Float64 3D contact backend	2026-10-06T00:51:49.8794993Z       |                                                 ^~~~~~
checks (3.12)	Build pinned Float64 3D contact backend	2026-10-06T00:51:49.8796166Z In file included from /home/runner/work/rigid-body-collisions/rigid-body-collisions/spatial_backend/coulomb.h:12:
checks (3.12)	Build pinned Float64 3D contact backend	2026-10-06T00:51:49.8797588Z /home/runner/work/rigid-body-collisions/rigid-body-collisions/spatial_backend/projection_more.h: In lambda function:
checks (3.12)	Build pinned Float64 3D contact backend	2026-10-06T00:51:49.8799728Z /home/runner/work/rigid-body-collisions/rigid-body-collisions/spatial_backend/projection_more.h:88:4: warning: this ‘if’ clause does not guard... [-Wmisleading-indentation]
checks (3.12)	Build pinned Float64 3D contact backend	2026-10-06T00:51:49.8801987Z    88 |    if(!(radius>0&&std::isfinite(radius)))return false;alphaParameter*=oldRadius/radius;if(!std::isfinite(alphaParameter))return false;
checks (3.12)	Build pinned Float64 3D contact backend	2026-10-06T00:51:49.8803074Z       |    ^~
checks (3.12)	Build pinned Float64 3D contact backend	2026-10-06T00:51:49.8804763Z /home/runner/work/rigid-body-collisions/rigid-body-collisions/spatial_backend/projection_more.h:88:55: note: ...this statement, but the latter is misleadingly indented as if it were guarded by the ‘if’
checks (3.12)	Build pinned Float64 3D contact backend	2026-10-06T00:51:49.8806933Z    88 |    if(!(radius>0&&std::isfinite(radius)))return false;alphaParameter*=oldRadius/radius;if(!std::isfinite(alphaParameter))return false;
checks (3.12)	Build pinned Float64 3D contact backend	2026-10-06T00:51:49.8808070Z       |                                                       ^~~~~~~~~~~~~~
checks (3.12)	Build pinned Float64 3D contact backend	2026-10-06T00:51:49.8809106Z In file included from /home/runner/work/rigid-body-collisions/rigid-body-collisions/spatial_backend/coulomb.h:13:
checks (3.12)	Build pinned Float64 3D contact backend	2026-10-06T00:51:49.8812527Z /home/runner/work/rigid-body-collisions/rigid-body-collisions/spatial_backend/null_traction_seed.h: In function ‘bool null_traction_seed::solve(const btMatrixXd&, const btVectorXd&, const btVectorXd&, const btVectorXd&, const btAlignedObjectArray<int>&, btVectorXd&, double, Stats&)’:
checks (3.12)	Build pinned Float64 3D contact backend	2026-10-06T00:51:49.8815737Z /home/runner/work/rigid-body-collisions/rigid-body-collisions/spatial_backend/null_traction_seed.h:34:5: warning: this ‘if’ clause does not guard... [-Wmisleading-indentation]
checks (3.12)	Build pinned Float64 3D contact backend	2026-10-06T00:51:49.8817602Z    34 |     if(found||tries++>=6)break;stats.seed_attempts++;const int rows[3]={c.k,c.t,c.s};std::vector<double>gram(9,0),target(3);
checks (3.12)	Build pinned Float64 3D contact backend	2026-10-06T00:51:49.8818558Z       |     ^~
checks (3.12)	Build pinned Float64 3D contact backend	2026-10-06T00:51:49.8820176Z /home/runner/work/rigid-body-collisions/rigid-body-collisions/spatial_backend/null_traction_seed.h:34:32: note: ...this statement, but the latter is misleadingly indented as if it were guarded by the ‘if’
checks (3.12)	Build pinned Float64 3D contact backend	2026-10-06T00:51:49.8822527Z    34 |     if(found||tries++>=6)break;stats.seed_attempts++;const int rows[3]={c.k,c.t,c.s};std::vector<double>gram(9,0),target(3);
checks (3.12)	Build pinned Float64 3D contact backend	2026-10-06T00:51:49.8823519Z       |                                ^~~~~
checks (3.12)	Build pinned Float64 3D contact backend	2026-10-06T00:51:49.8825140Z /home/runner/work/rigid-body-collisions/rigid-body-collisions/spatial_backend/null_traction_seed.h:44:3: warning: this ‘if’ clause does not guard... [-Wmisleading-indentation]
checks (3.12)	Build pinned Float64 3D contact backend	2026-10-06T00:51:49.8826653Z    44 |   if(!found)return false;for(int i=0;i<m;i++)candidate[ids[i]]=p[i];
checks (3.12)	Build pinned Float64 3D contact backend	2026-10-06T00:51:49.8827284Z       |   ^~
checks (3.12)	Build pinned Float64 3D contact backend	2026-10-06T00:51:49.8828925Z /home/runner/work/rigid-body-collisions/rigid-body-collisions/spatial_backend/null_traction_seed.h:44:26: note: ...this statement, but the latter is misleadingly indented as if it were guarded by the ‘if’
checks (3.12)	Build pinned Float64 3D contact backend	2026-10-06T00:51:49.8830589Z    44 |   if(!found)return false;for(int i=0;i<m;i++)candidate[ids[i]]=p[i];
checks (3.12)	Build pinned Float64 3D contact backend	2026-10-06T00:51:49.8831224Z       |                          ^~~
checks (3.12)	Build pinned Float64 3D contact backend	2026-10-06T00:51:49.8832742Z In file included from /home/runner/work/rigid-body-collisions/rigid-body-collisions/build/spatial/_deps/bullet-src/src/LinearMath/btTransform.h:18,
checks (3.12)	Build pinned Float64 3D contact backend	2026-10-06T00:51:49.8835063Z                  from /home/runner/work/rigid-body-collisions/rigid-body-collisions/build/spatial/_deps/bullet-src/src/BulletCollision/CollisionDispatch/btCollisionWorld.h:78,
checks (3.12)	Build pinned Float64 3D contact backend	2026-10-06T00:51:49.8837107Z                  from /home/runner/work/rigid-body-collisions/rigid-body-collisions/build/spatial/_deps/bullet-src/src/btBulletCollisionCommon.h:22,
checks (3.12)	Build pinned Float64 3D contact backend	2026-10-06T00:51:49.8838880Z                  from /home/runner/work/rigid-body-collisions/rigid-body-collisions/build/spatial/_deps/bullet-src/src/btBulletDynamicsCommon.h:20,
checks (3.12)	Build pinned Float64 3D contact backend	2026-10-06T00:51:49.8840649Z                  from /home/runner/work/rigid-body-collisions/rigid-body-collisions/spatial_backend/runner.cpp:3:
checks (3.12)	Build pinned Float64 3D contact backend	2026-10-06T00:51:49.8842203Z In copy constructor ‘btMatrix3x3::btMatrix3x3(const btMatrix3x3&)’,
checks (3.12)	Build pinned Float64 3D contact backend	2026-10-06T00:51:49.8844249Z     inlined from ‘btTransform::btTransform(const btTransform&)’ at /home/runner/work/rigid-body-collisions/rigid-body-collisions/build/spatial/_deps/bullet-src/src/LinearMath/btTransform.h:61:5,
checks (3.12)	Build pinned Float64 3D contact backend	2026-10-06T00:51:49.8847346Z     inlined from ‘btSolverBody::btSolverBody(const btSolverBody&)’ at /home/runner/work/rigid-body-collisions/rigid-body-collisions/build/spatial/_deps/bullet-src/src/BulletDynamics/ConstraintSolver/btSolverBody.h:104:1,
checks (3.12)	Build pinned Float64 3D contact backend	2026-10-06T00:51:49.8850658Z     inlined from ‘void btAlignedObjectArray<T>::resize(int, const T&) [with T = btSolverBody]’ at /home/runner/work/rigid-body-collisions/rigid-body-collisions/build/spatial/_deps/bullet-src/src/LinearMath/btAlignedObjectArray.h:223:5,
checks (3.12)	Build pinned Float64 3D contact backend	2026-10-06T00:51:49.8854637Z     inlined from ‘btAlignedObjectArray<T>::btAlignedObjectArray(const btAlignedObjectArray<T>&) [with T = btSolverBody]’ at /home/runner/work/rigid-body-collisions/rigid-body-collisions/build/spatial/_deps/bullet-src/src/LinearMath/btAlignedObjectArray.h:137:9,
checks (3.12)	Build pinned Float64 3D contact backend	2026-10-06T00:51:49.8859210Z     inlined from ‘bool combined_translation_review::acceptedPhysicalBodies(const btAlignedObjectArray<btSolverConstraint*>&, const btAlignedObjectArray<btSolverBody>&, const btVectorXd&, btAlignedObjectArray<btSolverBody>&)’ at /home/runner/work/rigid-body-collisions/rigid-body-collisions/spatial_backend/translation_combined.h:33:43:
checks (3.12)	Build pinned Float64 3D contact backend	2026-10-06T00:51:49.8864105Z /home/runner/work/rigid-body-collisions/rigid-body-collisions/build/spatial/_deps/bullet-src/src/LinearMath/btMatrix3x3.h:117:25: warning: ‘<unnamed>.btSolverBody::m_worldTransform.btTransform::m_basis.btMatrix3x3::m_el[0]’ may be used uninitialized [-Wmaybe-uninitialized]
checks (3.12)	Build pinned Float64 3D contact backend	2026-10-06T00:51:49.8866183Z   117 |                 m_el[0] = other.m_el[0];
checks (3.12)	Build pinned Float64 3D contact backend	2026-10-06T00:51:49.8866774Z       |                 ~~~~~~~~^~~~~~~~~~~~~~~
checks (3.12)	Build pinned Float64 3D contact backend	2026-10-06T00:51:49.8868186Z In file included from /home/runner/work/rigid-body-collisions/rigid-body-collisions/build/spatial/_deps/bullet-src/src/BulletCollision/CollisionDispatch/btCollisionObject.h:34,
checks (3.12)	Build pinned Float64 3D contact backend	2026-10-06T00:51:49.8870461Z                  from /home/runner/work/rigid-body-collisions/rigid-body-collisions/build/spatial/_deps/bullet-src/src/BulletCollision/CollisionDispatch/btCollisionWorld.h:79:
checks (3.12)	Build pinned Float64 3D contact backend	2026-10-06T00:51:49.8874956Z /home/runner/work/rigid-body-collisions/rigid-body-collisions/build/spatial/_deps/bullet-src/src/LinearMath/btAlignedObjectArray.h: In function ‘bool combined_translation_review::acceptedPhysicalBodies(const btAlignedObjectArray<btSolverConstraint*>&, const btAlignedObjectArray<btSolverBody>&, const btVectorXd&, btAlignedObjectArray<btSolverBody>&)’:
checks (3.12)	Build pinned Float64 3D contact backend	2026-10-06T00:51:49.8878955Z /home/runner/work/rigid-body-collisions/rigid-body-collisions/build/spatial/_deps/bullet-src/src/LinearMath/btAlignedObjectArray.h:137:23: note: ‘<anonymous>’ declared here
checks (3.12)	Build pinned Float64 3D contact backend	2026-10-06T00:51:49.8880388Z   137 |                 resize(otherSize);
checks (3.12)	Build pinned Float64 3D contact backend	2026-10-06T00:51:49.8880850Z       |                 ~~~~~~^~~~~~~~~~~
checks (3.12)	Build pinned Float64 3D contact backend	2026-10-06T00:51:49.8881930Z In copy constructor ‘btMatrix3x3::btMatrix3x3(const btMatrix3x3&)’,
checks (3.12)	Build pinned Float64 3D contact backend	2026-10-06T00:51:49.8883928Z     inlined from ‘btTransform::btTransform(const btTransform&)’ at /home/runner/work/rigid-body-collisions/rigid-body-collisions/build/spatial/_deps/bullet-src/src/LinearMath/btTransform.h:61:5,
checks (3.12)	Build pinned Float64 3D contact backend	2026-10-06T00:51:49.8887263Z     inlined from ‘btSolverBody::btSolverBody(const btSolverBody&)’ at /home/runner/work/rigid-body-collisions/rigid-body-collisions/build/spatial/_deps/bullet-src/src/BulletDynamics/ConstraintSolver/btSolverBody.h:104:1,
checks (3.12)	Build pinned Float64 3D contact backend	2026-10-06T00:51:49.8890586Z     inlined from ‘void btAlignedObjectArray<T>::resize(int, const T&) [with T = btSolverBody]’ at /home/runner/work/rigid-body-collisions/rigid-body-collisions/build/spatial/_deps/bullet-src/src/LinearMath/btAlignedObjectArray.h:223:5,
checks (3.12)	Build pinned Float64 3D contact backend	2026-10-06T00:51:49.8894719Z     inlined from ‘btAlignedObjectArray<T>::btAlignedObjectArray(const btAlignedObjectArray<T>&) [with T = btSolverBody]’ at /home/runner/work/rigid-body-collisions/rigid-body-collisions/build/spatial/_deps/bullet-src/src/LinearMath/btAlignedObjectArray.h:137:9,
checks (3.12)	Build pinned Float64 3D contact backend	2026-10-06T00:51:49.8899154Z     inlined from ‘bool combined_translation_review::acceptedPhysicalBodies(const btAlignedObjectArray<btSolverConstraint*>&, const btAlignedObjectArray<btSolverBody>&, const btVectorXd&, btAlignedObjectArray<btSolverBody>&)’ at /home/runner/work/rigid-body-collisions/rigid-body-collisions/spatial_backend/translation_combined.h:33:43:
checks (3.12)	Build pinned Float64 3D contact backend	2026-10-06T00:51:49.8904013Z /home/runner/work/rigid-body-collisions/rigid-body-collisions/build/spatial/_deps/bullet-src/src/LinearMath/btMatrix3x3.h:118:25: warning: ‘<unnamed>.btSolverBody::m_worldTransform.btTransform::m_basis.btMatrix3x3::m_el[1]’ may be used uninitialized [-Wmaybe-uninitialized]
checks (3.12)	Build pinned Float64 3D contact backend	2026-10-06T00:51:49.8906105Z   118 |                 m_el[1] = other.m_el[1];
checks (3.12)	Build pinned Float64 3D contact backend	2026-10-06T00:51:49.8906627Z       |                 ~~~~~~~~^~~~~~~~~~~~~~~
checks (3.12)	Build pinned Float64 3D contact backend	2026-10-06T00:51:49.8909846Z /home/runner/work/rigid-body-collisions/rigid-body-collisions/build/spatial/_deps/bullet-src/src/LinearMath/btAlignedObjectArray.h: In function ‘bool combined_translation_review::acceptedPhysicalBodies(const btAlignedObjectArray<btSolverConstraint*>&, const btAlignedObjectArray<btSolverBody>&, const btVectorXd&, btAlignedObjectArray<btSolverBody>&)’:
checks (3.12)	Build pinned Float64 3D contact backend	2026-10-06T00:51:49.8914066Z /home/runner/work/rigid-body-collisions/rigid-body-collisions/build/spatial/_deps/bullet-src/src/LinearMath/btAlignedObjectArray.h:137:23: note: ‘<anonymous>’ declared here
checks (3.12)	Build pinned Float64 3D contact backend	2026-10-06T00:51:49.8915526Z   137 |                 resize(otherSize);
checks (3.12)	Build pinned Float64 3D contact backend	2026-10-06T00:51:49.8916005Z       |                 ~~~~~~^~~~~~~~~~~
checks (3.12)	Build pinned Float64 3D contact backend	2026-10-06T00:51:49.8916789Z In copy constructor ‘btMatrix3x3::btMatrix3x3(const btMatrix3x3&)’,
checks (3.12)	Build pinned Float64 3D contact backend	2026-10-06T00:51:49.8918755Z     inlined from ‘btTransform::btTransform(const btTransform&)’ at /home/runner/work/rigid-body-collisions/rigid-body-collisions/build/spatial/_deps/bullet-src/src/LinearMath/btTransform.h:61:5,
checks (3.12)	Build pinned Float64 3D contact backend	2026-10-06T00:51:49.8922058Z     inlined from ‘btSolverBody::btSolverBody(const btSolverBody&)’ at /home/runner/work/rigid-body-collisions/rigid-body-collisions/build/spatial/_deps/bullet-src/src/BulletDynamics/ConstraintSolver/btSolverBody.h:104:1,
checks (3.12)	Build pinned Float64 3D contact backend	2026-10-06T00:51:49.8925453Z     inlined from ‘void btAlignedObjectArray<T>::resize(int, const T&) [with T = btSolverBody]’ at /home/runner/work/rigid-body-collisions/rigid-body-collisions/build/spatial/_deps/bullet-src/src/LinearMath/btAlignedObjectArray.h:223:5,
checks (3.12)	Build pinned Float64 3D contact backend	2026-10-06T00:51:49.8929055Z     inlined from ‘btAlignedObjectArray<T>::btAlignedObjectArray(const btAlignedObjectArray<T>&) [with T = btSolverBody]’ at /home/runner/work/rigid-body-collisions/rigid-body-collisions/build/spatial/_deps/bullet-src/src/LinearMath/btAlignedObjectArray.h:137:9,
checks (3.12)	Build pinned Float64 3D contact backend	2026-10-06T00:51:49.8933772Z     inlined from ‘bool combined_translation_review::acceptedPhysicalBodies(const btAlignedObjectArray<btSolverConstraint*>&, const btAlignedObjectArray<btSolverBody>&, const btVectorXd&, btAlignedObjectArray<btSolverBody>&)’ at /home/runner/work/rigid-body-collisions/rigid-body-collisions/spatial_backend/translation_combined.h:33:43:
checks (3.12)	Build pinned Float64 3D contact backend	2026-10-06T00:51:49.8938256Z /home/runner/work/rigid-body-collisions/rigid-body-collisions/build/spatial/_deps/bullet-src/src/LinearMath/btMatrix3x3.h:119:25: warning: ‘<unnamed>.btSolverBody::m_worldTransform.btTransform::m_basis.btMatrix3x3::m_el[2]’ may be used uninitialized [-Wmaybe-uninitialized]
checks (3.12)	Build pinned Float64 3D contact backend	2026-10-06T00:51:49.8940557Z   119 |                 m_el[2] = other.m_el[2];
checks (3.12)	Build pinned Float64 3D contact backend	2026-10-06T00:51:49.8941067Z       |                 ~~~~~~~~^~~~~~~~~~~~~~~
checks (3.12)	Build pinned Float64 3D contact backend	2026-10-06T00:51:49.8944595Z /home/runner/work/rigid-body-collisions/rigid-body-collisions/build/spatial/_deps/bullet-src/src/LinearMath/btAlignedObjectArray.h: In function ‘bool combined_translation_review::acceptedPhysicalBodies(const btAlignedObjectArray<btSolverConstraint*>&, const btAlignedObjectArray<btSolverBody>&, const btVectorXd&, btAlignedObjectArray<btSolverBody>&)’:
checks (3.12)	Build pinned Float64 3D contact backend	2026-10-06T00:51:49.8948637Z /home/runner/work/rigid-body-collisions/rigid-body-collisions/build/spatial/_deps/bullet-src/src/LinearMath/btAlignedObjectArray.h:137:23: note: ‘<anonymous>’ declared here
checks (3.12)	Build pinned Float64 3D contact backend	2026-10-06T00:51:49.8950068Z   137 |                 resize(otherSize);
checks (3.12)	Build pinned Float64 3D contact backend	2026-10-06T00:51:49.8950543Z       |                 ~~~~~~^~~~~~~~~~~
checks (3.12)	Build pinned Float64 3D contact backend	2026-10-06T00:51:49.8951335Z In copy constructor ‘btTransform::btTransform(const btTransform&)’,
checks (3.12)	Build pinned Float64 3D contact backend	2026-10-06T00:51:49.8953731Z     inlined from ‘btSolverBody::btSolverBody(const btSolverBody&)’ at /home/runner/work/rigid-body-collisions/rigid-body-collisions/build/spatial/_deps/bullet-src/src/BulletDynamics/ConstraintSolver/btSolverBody.h:104:1,
checks (3.12)	Build pinned Float64 3D contact backend	2026-10-06T00:51:49.8957048Z     inlined from ‘void btAlignedObjectArray<T>::resize(int, const T&) [with T = btSolverBody]’ at /home/runner/work/rigid-body-collisions/rigid-body-collisions/build/spatial/_deps/bullet-src/src/LinearMath/btAlignedObjectArray.h:223:5,
checks (3.12)	Build pinned Float64 3D contact backend	2026-10-06T00:51:49.8960663Z     inlined from ‘btAlignedObjectArray<T>::btAlignedObjectArray(const btAlignedObjectArray<T>&) [with T = btSolverBody]’ at /home/runner/work/rigid-body-collisions/rigid-body-collisions/build/spatial/_deps/bullet-src/src/LinearMath/btAlignedObjectArray.h:137:9,
checks (3.12)	Build pinned Float64 3D contact backend	2026-10-06T00:51:49.8965333Z     inlined from ‘bool combined_translation_review::acceptedPhysicalBodies(const btAlignedObjectArray<btSolverConstraint*>&, const btAlignedObjectArray<btSolverBody>&, const btVectorXd&, btAlignedObjectArray<btSolverBody>&)’ at /home/runner/work/rigid-body-collisions/rigid-body-collisions/spatial_backend/translation_combined.h:33:43:
checks (3.12)	Build pinned Float64 3D contact backend	2026-10-06T00:51:49.8969815Z /home/runner/work/rigid-body-collisions/rigid-body-collisions/build/spatial/_deps/bullet-src/src/LinearMath/btTransform.h:62:19: warning: ‘<unnamed>.btSolverBody::m_worldTransform.btTransform::m_origin’ may be used uninitialized [-Wmaybe-uninitialized]
checks (3.12)	Build pinned Float64 3D contact backend	2026-10-06T00:51:49.8972022Z    62 |                   m_origin(other.m_origin)
checks (3.12)	Build pinned Float64 3D contact backend	2026-10-06T00:51:49.8972560Z       |                   ^~~~~~~~~~~~~~~~~~~~~~~~
checks (3.12)	Build pinned Float64 3D contact backend	2026-10-06T00:51:49.8975800Z /home/runner/work/rigid-body-collisions/rigid-body-collisions/build/spatial/_deps/bullet-src/src/LinearMath/btAlignedObjectArray.h: In function ‘bool combined_translation_review::acceptedPhysicalBodies(const btAlignedObjectArray<btSolverConstraint*>&, const btAlignedObjectArray<btSolverBody>&, const btVectorXd&, btAlignedObjectArray<btSolverBody>&)’:
checks (3.12)	Build pinned Float64 3D contact backend	2026-10-06T00:51:49.8979666Z /home/runner/work/rigid-body-collisions/rigid-body-collisions/build/spatial/_deps/bullet-src/src/LinearMath/btAlignedObjectArray.h:137:23: note: ‘<anonymous>’ declared here
checks (3.12)	Build pinned Float64 3D contact backend	2026-10-06T00:51:49.8981108Z   137 |                 resize(otherSize);
checks (3.12)	Build pinned Float64 3D contact backend	2026-10-06T00:51:49.8981577Z       |                 ~~~~~~^~~~~~~~~~~
checks (3.12)	Build pinned Float64 3D contact backend	2026-10-06T00:51:49.8983250Z In file included from /home/runner/work/rigid-body-collisions/rigid-body-collisions/build/spatial/_deps/bullet-src/src/BulletDynamics/ConstraintSolver/btSolverConstraint.h:26,
checks (3.12)	Build pinned Float64 3D contact backend	2026-10-06T00:51:49.8985573Z                  from /home/runner/work/rigid-body-collisions/rigid-body-collisions/build/spatial/_deps/bullet-src/src/BulletDynamics/ConstraintSolver/btTypedConstraint.h:20,
checks (3.12)	Build pinned Float64 3D contact backend	2026-10-06T00:51:49.8987855Z                  from /home/runner/work/rigid-body-collisions/rigid-body-collisions/build/spatial/_deps/bullet-src/src/BulletDynamics/ConstraintSolver/btPoint2PointConstraint.h:21,
checks (3.12)	Build pinned Float64 3D contact backend	2026-10-06T00:51:49.8990160Z                  from /home/runner/work/rigid-body-collisions/rigid-body-collisions/build/spatial/_deps/bullet-src/src/btBulletDynamicsCommon.h:27:
checks (3.12)	Build pinned Float64 3D contact backend	2026-10-06T00:51:49.8991943Z In copy constructor ‘btSolverBody::btSolverBody(const btSolverBody&)’,
checks (3.12)	Build pinned Float64 3D contact backend	2026-10-06T00:51:49.8994260Z     inlined from ‘void btAlignedObjectArray<T>::resize(int, const T&) [with T = btSolverBody]’ at /home/runner/work/rigid-body-collisions/rigid-body-collisions/build/spatial/_deps/bullet-src/src/LinearMath/btAlignedObjectArray.h:223:5,
checks (3.12)	Build pinned Float64 3D contact backend	2026-10-06T00:51:49.8997902Z     inlined from ‘btAlignedObjectArray<T>::btAlignedObjectArray(const btAlignedObjectArray<T>&) [with T = btSolverBody]’ at /home/runner/work/rigid-body-collisions/rigid-body-collisions/build/spatial/_deps/bullet-src/src/LinearMath/btAlignedObjectArray.h:137:9,
checks (3.12)	Build pinned Float64 3D contact backend	2026-10-06T00:51:49.9002822Z     inlined from ‘bool combined_translation_review::acceptedPhysicalBodies(const btAlignedObjectArray<btSolverConstraint*>&, const btAlignedObjectArray<btSolverBody>&, const btVectorXd&, btAlignedObjectArray<btSolverBody>&)’ at /home/runner/work/rigid-body-collisions/rigid-body-collisions/spatial_backend/translation_combined.h:33:43:
checks (3.12)	Build pinned Float64 3D contact backend	2026-10-06T00:51:49.9007355Z /home/runner/work/rigid-body-collisions/rigid-body-collisions/build/spatial/_deps/bullet-src/src/BulletDynamics/ConstraintSolver/btSolverBody.h:104:1: warning: ‘<unnamed>.btSolverBody::m_deltaLinearVelocity’ may be used uninitialized [-Wmaybe-uninitialized]
checks (3.12)	Build pinned Float64 3D contact backend	2026-10-06T00:51:49.9009362Z   104 | btSolverBody
checks (3.12)	Build pinned Float64 3D contact backend	2026-10-06T00:51:49.9009723Z       | ^~~~~~~~~~~~
checks (3.12)	Build pinned Float64 3D contact backend	2026-10-06T00:51:49.9013029Z /home/runner/work/rigid-body-collisions/rigid-body-collisions/build/spatial/_deps/bullet-src/src/LinearMath/btAlignedObjectArray.h: In function ‘bool combined_translation_review::acceptedPhysicalBodies(const btAlignedObjectArray<btSolverConstraint*>&, const btAlignedObjectArray<btSolverBody>&, const btVectorXd&, btAlignedObjectArray<btSolverBody>&)’:
checks (3.12)	Build pinned Float64 3D contact backend	2026-10-06T00:51:49.9016882Z /home/runner/work/rigid-body-collisions/rigid-body-collisions/build/spatial/_deps/bullet-src/src/LinearMath/btAlignedObjectArray.h:137:23: note: ‘<anonymous>’ declared here
checks (3.12)	Build pinned Float64 3D contact backend	2026-10-06T00:51:49.9018335Z   137 |                 resize(otherSize);
checks (3.12)	Build pinned Float64 3D contact backend	2026-10-06T00:51:49.9018808Z       |                 ~~~~~~^~~~~~~~~~~
checks (3.12)	Build pinned Float64 3D contact backend	2026-10-06T00:51:49.9019621Z In copy constructor ‘btSolverBody::btSolverBody(const btSolverBody&)’,
checks (3.12)	Build pinned Float64 3D contact backend	2026-10-06T00:51:49.9022161Z     inlined from ‘void btAlignedObjectArray<T>::resize(int, const T&) [with T = btSolverBody]’ at /home/runner/work/rigid-body-collisions/rigid-body-collisions/build/spatial/_deps/bullet-src/src/LinearMath/btAlignedObjectArray.h:223:5,
checks (3.12)	Build pinned Float64 3D contact backend	2026-10-06T00:51:49.9025807Z     inlined from ‘btAlignedObjectArray<T>::btAlignedObjectArray(const btAlignedObjectArray<T>&) [with T = btSolverBody]’ at /home/runner/work/rigid-body-collisions/rigid-body-collisions/build/spatial/_deps/bullet-src/src/LinearMath/btAlignedObjectArray.h:137:9,
checks (3.12)	Build pinned Float64 3D contact backend	2026-10-06T00:51:49.9030258Z     inlined from ‘bool combined_translation_review::acceptedPhysicalBodies(const btAlignedObjectArray<btSolverConstraint*>&, const btAlignedObjectArray<btSolverBody>&, const btVectorXd&, btAlignedObjectArray<btSolverBody>&)’ at /home/runner/work/rigid-body-collisions/rigid-body-collisions/spatial_backend/translation_combined.h:33:43:
checks (3.12)	Build pinned Float64 3D contact backend	2026-10-06T00:51:49.9034958Z /home/runner/work/rigid-body-collisions/rigid-body-collisions/build/spatial/_deps/bullet-src/src/BulletDynamics/ConstraintSolver/btSolverBody.h:104:1: warning: ‘<unnamed>.btSolverBody::m_deltaAngularVelocity’ may be used uninitialized [-Wmaybe-uninitialized]
checks (3.12)	Build pinned Float64 3D contact backend	2026-10-06T00:51:49.9036970Z   104 | btSolverBody
checks (3.12)	Build pinned Float64 3D contact backend	2026-10-06T00:51:49.9037324Z       | ^~~~~~~~~~~~
checks (3.12)	Build pinned Float64 3D contact backend	2026-10-06T00:51:49.9040442Z /home/runner/work/rigid-body-collisions/rigid-body-collisions/build/spatial/_deps/bullet-src/src/LinearMath/btAlignedObjectArray.h: In function ‘bool combined_translation_review::acceptedPhysicalBodies(const btAlignedObjectArray<btSolverConstraint*>&, const btAlignedObjectArray<btSolverBody>&, const btVectorXd&, btAlignedObjectArray<btSolverBody>&)’:
checks (3.12)	Build pinned Float64 3D contact backend	2026-10-06T00:51:49.9044751Z /home/runner/work/rigid-body-collisions/rigid-body-collisions/build/spatial/_deps/bullet-src/src/LinearMath/btAlignedObjectArray.h:137:23: note: ‘<anonymous>’ declared here
checks (3.12)	Build pinned Float64 3D contact backend	2026-10-06T00:51:49.9046201Z   137 |                 resize(otherSize);
checks (3.12)	Build pinned Float64 3D contact backend	2026-10-06T00:51:49.9046668Z       |                 ~~~~~~^~~~~~~~~~~
checks (3.12)	Build pinned Float64 3D contact backend	2026-10-06T00:51:49.9047482Z In copy constructor ‘btSolverBody::btSolverBody(const btSolverBody&)’,
checks (3.12)	Build pinned Float64 3D contact backend	2026-10-06T00:51:49.9049761Z     inlined from ‘void btAlignedObjectArray<T>::resize(int, const T&) [with T = btSolverBody]’ at /home/runner/work/rigid-body-collisions/rigid-body-collisions/build/spatial/_deps/bullet-src/src/LinearMath/btAlignedObjectArray.h:223:5,
checks (3.12)	Build pinned Float64 3D contact backend	2026-10-06T00:51:49.9053821Z     inlined from ‘btAlignedObjectArray<T>::btAlignedObjectArray(const btAlignedObjectArray<T>&) [with T = btSolverBody]’ at /home/runner/work/rigid-body-collisions/rigid-body-collisions/build/spatial/_deps/bullet-src/src/LinearMath/btAlignedObjectArray.h:137:9,
checks (3.12)	Build pinned Float64 3D contact backend	2026-10-06T00:51:49.9058262Z     inlined from ‘bool combined_translation_review::acceptedPhysicalBodies(const btAlignedObjectArray<btSolverConstraint*>&, const btAlignedObjectArray<btSolverBody>&, const btVectorXd&, btAlignedObjectArray<btSolverBody>&)’ at /home/runner/work/rigid-body-collisions/rigid-body-collisions/spatial_backend/translation_combined.h:33:43:
checks (3.12)	Build pinned Float64 3D contact backend	2026-10-06T00:51:49.9063043Z /home/runner/work/rigid-body-collisions/rigid-body-collisions/build/spatial/_deps/bullet-src/src/BulletDynamics/ConstraintSolver/btSolverBody.h:104:1: warning: ‘<unnamed>.btSolverBody::m_angularFactor’ may be used uninitialized [-Wmaybe-uninitialized]
checks (3.12)	Build pinned Float64 3D contact backend	2026-10-06T00:51:49.9065044Z   104 | btSolverBody
checks (3.12)	Build pinned Float64 3D contact backend	2026-10-06T00:51:49.9065405Z       | ^~~~~~~~~~~~
checks (3.12)	Build pinned Float64 3D contact backend	2026-10-06T00:51:49.9068597Z /home/runner/work/rigid-body-collisions/rigid-body-collisions/build/spatial/_deps/bullet-src/src/LinearMath/btAlignedObjectArray.h: In function ‘bool combined_translation_review::acceptedPhysicalBodies(const btAlignedObjectArray<btSolverConstraint*>&, const btAlignedObjectArray<btSolverBody>&, const btVectorXd&, btAlignedObjectArray<btSolverBody>&)’:
checks (3.12)	Build pinned Float64 3D contact backend	2026-10-06T00:51:49.9072701Z /home/runner/work/rigid-body-collisions/rigid-body-collisions/build/spatial/_deps/bullet-src/src/LinearMath/btAlignedObjectArray.h:137:23: note: ‘<anonymous>’ declared here
checks (3.12)	Build pinned Float64 3D contact backend	2026-10-06T00:51:49.9074120Z   137 |                 resize(otherSize);
checks (3.12)	Build pinned Float64 3D contact backend	2026-10-06T00:51:49.9074597Z       |                 ~~~~~~^~~~~~~~~~~
checks (3.12)	Build pinned Float64 3D contact backend	2026-10-06T00:51:49.9075425Z In copy constructor ‘btSolverBody::btSolverBody(const btSolverBody&)’,
checks (3.12)	Build pinned Float64 3D contact backend	2026-10-06T00:51:49.9077680Z     inlined from ‘void btAlignedObjectArray<T>::resize(int, const T&) [with T = btSolverBody]’ at /home/runner/work/rigid-body-collisions/rigid-body-collisions/build/spatial/_deps/bullet-src/src/LinearMath/btAlignedObjectArray.h:223:5,
checks (3.12)	Build pinned Float64 3D contact backend	2026-10-06T00:51:49.9082077Z     inlined from ‘btAlignedObjectArray<T>::btAlignedObjectArray(const btAlignedObjectArray<T>&) [with T = btSolverBody]’ at /home/runner/work/rigid-body-collisions/rigid-body-collisions/build/spatial/_deps/bullet-src/src/LinearMath/btAlignedObjectArray.h:137:9,
checks (3.12)	Build pinned Float64 3D contact backend	2026-10-06T00:51:49.9086750Z     inlined from ‘bool combined_translation_review::acceptedPhysicalBodies(const btAlignedObjectArray<btSolverConstraint*>&, const btAlignedObjectArray<btSolverBody>&, const btVectorXd&, btAlignedObjectArray<btSolverBody>&)’ at /home/runner/work/rigid-body-collisions/rigid-body-collisions/spatial_backend/translation_combined.h:33:43:
checks (3.12)	Build pinned Float64 3D contact backend	2026-10-06T00:51:49.9091394Z /home/runner/work/rigid-body-collisions/rigid-body-collisions/build/spatial/_deps/bullet-src/src/BulletDynamics/ConstraintSolver/btSolverBody.h:104:1: warning: ‘<unnamed>.btSolverBody::m_linearFactor’ may be used uninitialized [-Wmaybe-uninitialized]
checks (3.12)	Build pinned Float64 3D contact backend	2026-10-06T00:51:49.9093854Z   104 | btSolverBody
checks (3.12)	Build pinned Float64 3D contact backend	2026-10-06T00:51:49.9094351Z       | ^~~~~~~~~~~~
checks (3.12)	Build pinned Float64 3D contact backend	2026-10-06T00:51:49.9097712Z /home/runner/work/rigid-body-collisions/rigid-body-collisions/build/spatial/_deps/bullet-src/src/LinearMath/btAlignedObjectArray.h: In function ‘bool combined_translation_review::acceptedPhysicalBodies(const btAlignedObjectArray<btSolverConstraint*>&, const btAlignedObjectArray<btSolverBody>&, const btVectorXd&, btAlignedObjectArray<btSolverBody>&)’:
checks (3.12)	Build pinned Float64 3D contact backend	2026-10-06T00:51:49.9102267Z /home/runner/work/rigid-body-collisions/rigid-body-collisions/build/spatial/_deps/bullet-src/src/LinearMath/btAlignedObjectArray.h:137:23: note: ‘<anonymous>’ declared here
checks (3.12)	Build pinned Float64 3D contact backend	2026-10-06T00:51:49.9103908Z   137 |                 resize(otherSize);
checks (3.12)	Build pinned Float64 3D contact backend	2026-10-06T00:51:49.9119715Z       |                 ~~~~~~^~~~~~~~~~~
checks (3.12)	Build pinned Float64 3D contact backend	2026-10-06T00:51:49.9120741Z In copy constructor ‘btSolverBody::btSolverBody(const btSolverBody&)’,
checks (3.12)	Build pinned Float64 3D contact backend	2026-10-06T00:51:49.9123676Z     inlined from ‘void btAlignedObjectArray<T>::resize(int, const T&) [with T = btSolverBody]’ at /home/runner/work/rigid-body-collisions/rigid-body-collisions/build/spatial/_deps/bullet-src/src/LinearMath/btAlignedObjectArray.h:223:5,
checks (3.12)	Build pinned Float64 3D contact backend	2026-10-06T00:51:49.9127143Z     inlined from ‘btAlignedObjectArray<T>::btAlignedObjectArray(const btAlignedObjectArray<T>&) [with T = btSolverBody]’ at /home/runner/work/rigid-body-collisions/rigid-body-collisions/build/spatial/_deps/bullet-src/src/LinearMath/btAlignedObjectArray.h:137:9,
checks (3.12)	Build pinned Float64 3D contact backend	2026-10-06T00:51:49.9131559Z     inlined from ‘bool combined_translation_review::acceptedPhysicalBodies(const btAlignedObjectArray<btSolverConstraint*>&, const btAlignedObjectArray<btSolverBody>&, const btVectorXd&, btAlignedObjectArray<btSolverBody>&)’ at /home/runner/work/rigid-body-collisions/rigid-body-collisions/spatial_backend/translation_combined.h:33:43:
checks (3.12)	Build pinned Float64 3D contact backend	2026-10-06T00:51:49.9136249Z /home/runner/work/rigid-body-collisions/rigid-body-collisions/build/spatial/_deps/bullet-src/src/BulletDynamics/ConstraintSolver/btSolverBody.h:104:1: warning: ‘<unnamed>.btSolverBody::m_invMass’ may be used uninitialized [-Wmaybe-uninitialized]
checks (3.12)	Build pinned Float64 3D contact backend	2026-10-06T00:51:49.9138173Z   104 | btSolverBody
checks (3.12)	Build pinned Float64 3D contact backend	2026-10-06T00:51:49.9138534Z       | ^~~~~~~~~~~~
checks (3.12)	Build pinned Float64 3D contact backend	2026-10-06T00:51:49.9142912Z /home/runner/work/rigid-body-collisions/rigid-body-collisions/build/spatial/_deps/bullet-src/src/LinearMath/btAlignedObjectArray.h: In function ‘bool combined_translation_review::acceptedPhysicalBodies(const btAlignedObjectArray<btSolverConstraint*>&, const btAlignedObjectArray<btSolverBody>&, const btVectorXd&, btAlignedObjectArray<btSolverBody>&)’:
checks (3.12)	Build pinned Float64 3D contact backend	2026-10-06T00:51:49.9146909Z /home/runner/work/rigid-body-collisions/rigid-body-collisions/build/spatial/_deps/bullet-src/src/LinearMath/btAlignedObjectArray.h:137:23: note: ‘<anonymous>’ declared here
checks (3.12)	Build pinned Float64 3D contact backend	2026-10-06T00:51:49.9148357Z   137 |                 resize(otherSize);
checks (3.12)	Build pinned Float64 3D contact backend	2026-10-06T00:51:49.9148837Z       |                 ~~~~~~^~~~~~~~~~~
checks (3.12)	Build pinned Float64 3D contact backend	2026-10-06T00:51:49.9149668Z In copy constructor ‘btSolverBody::btSolverBody(const btSolverBody&)’,
checks (3.12)	Build pinned Float64 3D contact backend	2026-10-06T00:51:49.9152209Z     inlined from ‘void btAlignedObjectArray<T>::resize(int, const T&) [with T = btSolverBody]’ at /home/runner/work/rigid-body-collisions/rigid-body-collisions/build/spatial/_deps/bullet-src/src/LinearMath/btAlignedObjectArray.h:223:5,
checks (3.12)	Build pinned Float64 3D contact backend	2026-10-06T00:51:49.9155809Z     inlined from ‘btAlignedObjectArray<T>::btAlignedObjectArray(const btAlignedObjectArray<T>&) [with T = btSolverBody]’ at /home/runner/work/rigid-body-collisions/rigid-body-collisions/build/spatial/_deps/bullet-src/src/LinearMath/btAlignedObjectArray.h:137:9,
checks (3.12)	Build pinned Float64 3D contact backend	2026-10-06T00:51:49.9160303Z     inlined from ‘bool combined_translation_review::acceptedPhysicalBodies(const btAlignedObjectArray<btSolverConstraint*>&, const btAlignedObjectArray<btSolverBody>&, const btVectorXd&, btAlignedObjectArray<btSolverBody>&)’ at /home/runner/work/rigid-body-collisions/rigid-body-collisions/spatial_backend/translation_combined.h:33:43:
checks (3.12)	Build pinned Float64 3D contact backend	2026-10-06T00:51:49.9165052Z /home/runner/work/rigid-body-collisions/rigid-body-collisions/build/spatial/_deps/bullet-src/src/BulletDynamics/ConstraintSolver/btSolverBody.h:104:1: warning: ‘<unnamed>.btSolverBody::m_pushVelocity’ may be used uninitialized [-Wmaybe-uninitialized]
checks (3.12)	Build pinned Float64 3D contact backend	2026-10-06T00:51:49.9167142Z   104 | btSolverBody
checks (3.12)	Build pinned Float64 3D contact backend	2026-10-06T00:51:49.9167502Z       | ^~~~~~~~~~~~
checks (3.12)	Build pinned Float64 3D contact backend	2026-10-06T00:51:49.9170653Z /home/runner/work/rigid-body-collisions/rigid-body-collisions/build/spatial/_deps/bullet-src/src/LinearMath/btAlignedObjectArray.h: In function ‘bool combined_translation_review::acceptedPhysicalBodies(const btAlignedObjectArray<btSolverConstraint*>&, const btAlignedObjectArray<btSolverBody>&, const btVectorXd&, btAlignedObjectArray<btSolverBody>&)’:
checks (3.12)	Build pinned Float64 3D contact backend	2026-10-06T00:51:49.9175063Z /home/runner/work/rigid-body-collisions/rigid-body-collisions/build/spatial/_deps/bullet-src/src/LinearMath/btAlignedObjectArray.h:137:23: note: ‘<anonymous>’ declared here
checks (3.12)	Build pinned Float64 3D contact backend	2026-10-06T00:51:49.9176503Z   137 |                 resize(otherSize);
checks (3.12)	Build pinned Float64 3D contact backend	2026-10-06T00:51:49.9176981Z       |                 ~~~~~~^~~~~~~~~~~
checks (3.12)	Build pinned Float64 3D contact backend	2026-10-06T00:51:49.9178108Z In copy constructor ‘btSolverBody::btSolverBody(const btSolverBody&)’,
checks (3.12)	Build pinned Float64 3D contact backend	2026-10-06T00:51:49.9180442Z     inlined from ‘void btAlignedObjectArray<T>::resize(int, const T&) [with T = btSolverBody]’ at /home/runner/work/rigid-body-collisions/rigid-body-collisions/build/spatial/_deps/bullet-src/src/LinearMath/btAlignedObjectArray.h:223:5,
checks (3.12)	Build pinned Float64 3D contact backend	2026-10-06T00:51:49.9184441Z     inlined from ‘btAlignedObjectArray<T>::btAlignedObjectArray(const btAlignedObjectArray<T>&) [with T = btSolverBody]’ at /home/runner/work/rigid-body-collisions/rigid-body-collisions/build/spatial/_deps/bullet-src/src/LinearMath/btAlignedObjectArray.h:137:9,
checks (3.12)	Build pinned Float64 3D contact backend	2026-10-06T00:51:49.9188886Z     inlined from ‘bool combined_translation_review::acceptedPhysicalBodies(const btAlignedObjectArray<btSolverConstraint*>&, const btAlignedObjectArray<btSolverBody>&, const btVectorXd&, btAlignedObjectArray<btSolverBody>&)’ at /home/runner/work/rigid-body-collisions/rigid-body-collisions/spatial_backend/translation_combined.h:33:43:
checks (3.12)	Build pinned Float64 3D contact backend	2026-10-06T00:51:49.9193637Z /home/runner/work/rigid-body-collisions/rigid-body-collisions/build/spatial/_deps/bullet-src/src/BulletDynamics/ConstraintSolver/btSolverBody.h:104:1: warning: ‘<unnamed>.btSolverBody::m_turnVelocity’ may be used uninitialized [-Wmaybe-uninitialized]
checks (3.12)	Build pinned Float64 3D contact backend	2026-10-06T00:51:49.9195644Z   104 | btSolverBody
checks (3.12)	Build pinned Float64 3D contact backend	2026-10-06T00:51:49.9196018Z       | ^~~~~~~~~~~~
checks (3.12)	Build pinned Float64 3D contact backend	2026-10-06T00:51:49.9199180Z /home/runner/work/rigid-body-collisions/rigid-body-collisions/build/spatial/_deps/bullet-src/src/LinearMath/btAlignedObjectArray.h: In function ‘bool combined_translation_review::acceptedPhysicalBodies(const btAlignedObjectArray<btSolverConstraint*>&, const btAlignedObjectArray<btSolverBody>&, const btVectorXd&, btAlignedObjectArray<btSolverBody>&)’:
checks (3.12)	Build pinned Float64 3D contact backend	2026-10-06T00:51:49.9203408Z /home/runner/work/rigid-body-collisions/rigid-body-collisions/build/spatial/_deps/bullet-src/src/LinearMath/btAlignedObjectArray.h:137:23: note: ‘<anonymous>’ declared here
checks (3.12)	Build pinned Float64 3D contact backend	2026-10-06T00:51:49.9204886Z   137 |                 resize(otherSize);
checks (3.12)	Build pinned Float64 3D contact backend	2026-10-06T00:51:49.9205360Z       |                 ~~~~~~^~~~~~~~~~~
checks (3.12)	Build pinned Float64 3D contact backend	2026-10-06T00:51:49.9206187Z In copy constructor ‘btSolverBody::btSolverBody(const btSolverBody&)’,
checks (3.12)	Build pinned Float64 3D contact backend	2026-10-06T00:51:49.9208475Z     inlined from ‘void btAlignedObjectArray<T>::resize(int, const T&) [with T = btSolverBody]’ at /home/runner/work/rigid-body-collisions/rigid-body-collisions/build/spatial/_deps/bullet-src/src/LinearMath/btAlignedObjectArray.h:223:5,
checks (3.12)	Build pinned Float64 3D contact backend	2026-10-06T00:51:49.9213169Z     inlined from ‘btAlignedObjectArray<T>::btAlignedObjectArray(const btAlignedObjectArray<T>&) [with T = btSolverBody]’ at /home/runner/work/rigid-body-collisions/rigid-body-collisions/build/spatial/_deps/bullet-src/src/LinearMath/btAlignedObjectArray.h:137:9,
checks (3.12)	Build pinned Float64 3D contact backend	2026-10-06T00:51:49.9217789Z     inlined from ‘bool combined_translation_review::acceptedPhysicalBodies(const btAlignedObjectArray<btSolverConstraint*>&, const btAlignedObjectArray<btSolverBody>&, const btVectorXd&, btAlignedObjectArray<btSolverBody>&)’ at /home/runner/work/rigid-body-collisions/rigid-body-collisions/spatial_backend/translation_combined.h:33:43:
checks (3.12)	Build pinned Float64 3D contact backend	2026-10-06T00:51:49.9222615Z /home/runner/work/rigid-body-collisions/rigid-body-collisions/build/spatial/_deps/bullet-src/src/BulletDynamics/ConstraintSolver/btSolverBody.h:104:1: warning: ‘<unnamed>.btSolverBody::m_linearVelocity’ may be used uninitialized [-Wmaybe-uninitialized]
checks (3.12)	Build pinned Float64 3D contact backend	2026-10-06T00:51:49.9224902Z   104 | btSolverBody
checks (3.12)	Build pinned Float64 3D contact backend	2026-10-06T00:51:49.9225268Z       | ^~~~~~~~~~~~
checks (3.12)	Build pinned Float64 3D contact backend	2026-10-06T00:51:49.9228363Z /home/runner/work/rigid-body-collisions/rigid-body-collisions/build/spatial/_deps/bullet-src/src/LinearMath/btAlignedObjectArray.h: In function ‘bool combined_translation_review::acceptedPhysicalBodies(const btAlignedObjectArray<btSolverConstraint*>&, const btAlignedObjectArray<btSolverBody>&, const btVectorXd&, btAlignedObjectArray<btSolverBody>&)’:
checks (3.12)	Build pinned Float64 3D contact backend	2026-10-06T00:51:49.9232587Z /home/runner/work/rigid-body-collisions/rigid-body-collisions/build/spatial/_deps/bullet-src/src/LinearMath/btAlignedObjectArray.h:137:23: note: ‘<anonymous>’ declared here
checks (3.12)	Build pinned Float64 3D contact backend	2026-10-06T00:51:49.9234342Z   137 |                 resize(otherSize);
checks (3.12)	Build pinned Float64 3D contact backend	2026-10-06T00:51:49.9234830Z       |                 ~~~~~~^~~~~~~~~~~
checks (3.12)	Build pinned Float64 3D contact backend	2026-10-06T00:51:49.9235663Z In copy constructor ‘btSolverBody::btSolverBody(const btSolverBody&)’,
checks (3.12)	Build pinned Float64 3D contact backend	2026-10-06T00:51:49.9237998Z     inlined from ‘void btAlignedObjectArray<T>::resize(int, const T&) [with T = btSolverBody]’ at /home/runner/work/rigid-body-collisions/rigid-body-collisions/build/spatial/_deps/bullet-src/src/LinearMath/btAlignedObjectArray.h:223:5,
checks (3.12)	Build pinned Float64 3D contact backend	2026-10-06T00:51:49.9241624Z     inlined from ‘btAlignedObjectArray<T>::btAlignedObjectArray(const btAlignedObjectArray<T>&) [with T = btSolverBody]’ at /home/runner/work/rigid-body-collisions/rigid-body-collisions/build/spatial/_deps/bullet-src/src/LinearMath/btAlignedObjectArray.h:137:9,
checks (3.12)	Build pinned Float64 3D contact backend	2026-10-06T00:51:49.9246073Z     inlined from ‘bool combined_translation_review::acceptedPhysicalBodies(const btAlignedObjectArray<btSolverConstraint*>&, const btAlignedObjectArray<btSolverBody>&, const btVectorXd&, btAlignedObjectArray<btSolverBody>&)’ at /home/runner/work/rigid-body-collisions/rigid-body-collisions/spatial_backend/translation_combined.h:33:43:
checks (3.12)	Build pinned Float64 3D contact backend	2026-10-06T00:51:49.9250459Z /home/runner/work/rigid-body-collisions/rigid-body-collisions/build/spatial/_deps/bullet-src/src/BulletDynamics/ConstraintSolver/btSolverBody.h:104:1: warning: ‘<unnamed>.btSolverBody::m_angularVelocity’ may be used uninitialized [-Wmaybe-uninitialized]
checks (3.12)	Build pinned Float64 3D contact backend	2026-10-06T00:51:49.9252707Z   104 | btSolverBody
checks (3.12)	Build pinned Float64 3D contact backend	2026-10-06T00:51:49.9253076Z       | ^~~~~~~~~~~~
checks (3.12)	Build pinned Float64 3D contact backend	2026-10-06T00:51:49.9256114Z /home/runner/work/rigid-body-collisions/rigid-body-collisions/build/spatial/_deps/bullet-src/src/LinearMath/btAlignedObjectArray.h: In function ‘bool combined_translation_review::acceptedPhysicalBodies(const btAlignedObjectArray<btSolverConstraint*>&, const btAlignedObjectArray<btSolverBody>&, const btVectorXd&, btAlignedObjectArray<btSolverBody>&)’:
checks (3.12)	Build pinned Float64 3D contact backend	2026-10-06T00:51:49.9260003Z /home/runner/work/rigid-body-collisions/rigid-body-collisions/build/spatial/_deps/bullet-src/src/LinearMath/btAlignedObjectArray.h:137:23: note: ‘<anonymous>’ declared here
checks (3.12)	Build pinned Float64 3D contact backend	2026-10-06T00:51:49.9261476Z   137 |                 resize(otherSize);
checks (3.12)	Build pinned Float64 3D contact backend	2026-10-06T00:51:49.9262241Z       |                 ~~~~~~^~~~~~~~~~~
checks (3.12)	Build pinned Float64 3D contact backend	2026-10-06T00:51:49.9263074Z In copy constructor ‘btSolverBody::btSolverBody(const btSolverBody&)’,
checks (3.12)	Build pinned Float64 3D contact backend	2026-10-06T00:51:49.9265402Z     inlined from ‘void btAlignedObjectArray<T>::resize(int, const T&) [with T = btSolverBody]’ at /home/runner/work/rigid-body-collisions/rigid-body-collisions/build/spatial/_deps/bullet-src/src/LinearMath/btAlignedObjectArray.h:223:5,
checks (3.12)	Build pinned Float64 3D contact backend	2026-10-06T00:51:49.9269133Z     inlined from ‘btAlignedObjectArray<T>::btAlignedObjectArray(const btAlignedObjectArray<T>&) [with T = btSolverBody]’ at /home/runner/work/rigid-body-collisions/rigid-body-collisions/build/spatial/_deps/bullet-src/src/LinearMath/btAlignedObjectArray.h:137:9,
checks (3.12)	Build pinned Float64 3D contact backend	2026-10-06T00:51:49.9273889Z     inlined from ‘bool combined_translation_review::acceptedPhysicalBodies(const btAlignedObjectArray<btSolverConstraint*>&, const btAlignedObjectArray<btSolverBody>&, const btVectorXd&, btAlignedObjectArray<btSolverBody>&)’ at /home/runner/work/rigid-body-collisions/rigid-body-collisions/spatial_backend/translation_combined.h:33:43:
checks (3.12)	Build pinned Float64 3D contact backend	2026-10-06T00:51:49.9278484Z /home/runner/work/rigid-body-collisions/rigid-body-collisions/build/spatial/_deps/bullet-src/src/BulletDynamics/ConstraintSolver/btSolverBody.h:104:1: warning: ‘<unnamed>.btSolverBody::m_externalForceImpulse’ may be used uninitialized [-Wmaybe-uninitialized]
checks (3.12)	Build pinned Float64 3D contact backend	2026-10-06T00:51:49.9280793Z   104 | btSolverBody
checks (3.12)	Build pinned Float64 3D contact backend	2026-10-06T00:51:49.9281147Z       | ^~~~~~~~~~~~
checks (3.12)	Build pinned Float64 3D contact backend	2026-10-06T00:51:49.9284569Z /home/runner/work/rigid-body-collisions/rigid-body-collisions/build/spatial/_deps/bullet-src/src/LinearMath/btAlignedObjectArray.h: In function ‘bool combined_translation_review::acceptedPhysicalBodies(const btAlignedObjectArray<btSolverConstraint*>&, const btAlignedObjectArray<btSolverBody>&, const btVectorXd&, btAlignedObjectArray<btSolverBody>&)’:
checks (3.12)	Build pinned Float64 3D contact backend	2026-10-06T00:51:49.9288652Z /home/runner/work/rigid-body-collisions/rigid-body-collisions/build/spatial/_deps/bullet-src/src/LinearMath/btAlignedObjectArray.h:137:23: note: ‘<anonymous>’ declared here
checks (3.12)	Build pinned Float64 3D contact backend	2026-10-06T00:51:49.9290075Z   137 |                 resize(otherSize);
checks (3.12)	Build pinned Float64 3D contact backend	2026-10-06T00:51:49.9290541Z       |                 ~~~~~~^~~~~~~~~~~
checks (3.12)	Build pinned Float64 3D contact backend	2026-10-06T00:51:49.9291357Z In copy constructor ‘btSolverBody::btSolverBody(const btSolverBody&)’,
checks (3.12)	Build pinned Float64 3D contact backend	2026-10-06T00:51:49.9293887Z     inlined from ‘void btAlignedObjectArray<T>::resize(int, const T&) [with T = btSolverBody]’ at /home/runner/work/rigid-body-collisions/rigid-body-collisions/build/spatial/_deps/bullet-src/src/LinearMath/btAlignedObjectArray.h:223:5,
checks (3.12)	Build pinned Float64 3D contact backend	2026-10-06T00:51:49.9297434Z     inlined from ‘btAlignedObjectArray<T>::btAlignedObjectArray(const btAlignedObjectArray<T>&) [with T = btSolverBody]’ at /home/runner/work/rigid-body-collisions/rigid-body-collisions/build/spatial/_deps/bullet-src/src/LinearMath/btAlignedObjectArray.h:137:9,
checks (3.12)	Build pinned Float64 3D contact backend	2026-10-06T00:51:49.9302192Z     inlined from ‘bool combined_translation_review::acceptedPhysicalBodies(const btAlignedObjectArray<btSolverConstraint*>&, const btAlignedObjectArray<btSolverBody>&, const btVectorXd&, btAlignedObjectArray<btSolverBody>&)’ at /home/runner/work/rigid-body-collisions/rigid-body-collisions/spatial_backend/translation_combined.h:33:43:
checks (3.12)	Build pinned Float64 3D contact backend	2026-10-06T00:51:49.9306811Z /home/runner/work/rigid-body-collisions/rigid-body-collisions/build/spatial/_deps/bullet-src/src/BulletDynamics/ConstraintSolver/btSolverBody.h:104:1: warning: ‘<unnamed>.btSolverBody::m_externalTorqueImpulse’ may be used uninitialized [-Wmaybe-uninitialized]
checks (3.12)	Build pinned Float64 3D contact backend	2026-10-06T00:51:49.9308864Z   104 | btSolverBody
checks (3.12)	Build pinned Float64 3D contact backend	2026-10-06T00:51:49.9309221Z       | ^~~~~~~~~~~~
checks (3.12)	Build pinned Float64 3D contact backend	2026-10-06T00:51:49.9312628Z /home/runner/work/rigid-body-collisions/rigid-body-collisions/build/spatial/_deps/bullet-src/src/LinearMath/btAlignedObjectArray.h: In function ‘bool combined_translation_review::acceptedPhysicalBodies(const btAlignedObjectArray<btSolverConstraint*>&, const btAlignedObjectArray<btSolverBody>&, const btVectorXd&, btAlignedObjectArray<btSolverBody>&)’:
checks (3.12)	Build pinned Float64 3D contact backend	2026-10-06T00:51:49.9316553Z /home/runner/work/rigid-body-collisions/rigid-body-collisions/build/spatial/_deps/bullet-src/src/LinearMath/btAlignedObjectArray.h:137:23: note: ‘<anonymous>’ declared here
checks (3.12)	Build pinned Float64 3D contact backend	2026-10-06T00:51:49.9318006Z   137 |                 resize(otherSize);
checks (3.12)	Build pinned Float64 3D contact backend	2026-10-06T00:51:49.9318703Z       |                 ~~~~~~^~~~~~~~~~~
checks (3.12)	Build pinned Float64 3D contact backend	2026-10-06T00:51:49.9319525Z In copy constructor ‘btMatrix3x3::btMatrix3x3(const btMatrix3x3&)’,
checks (3.12)	Build pinned Float64 3D contact backend	2026-10-06T00:51:49.9321538Z     inlined from ‘btTransform::btTransform(const btTransform&)’ at /home/runner/work/rigid-body-collisions/rigid-body-collisions/build/spatial/_deps/bullet-src/src/LinearMath/btTransform.h:61:5,
checks (3.12)	Build pinned Float64 3D contact backend	2026-10-06T00:51:49.9324922Z     inlined from ‘btSolverBody::btSolverBody(const btSolverBody&)’ at /home/runner/work/rigid-body-collisions/rigid-body-collisions/build/spatial/_deps/bullet-src/src/BulletDynamics/ConstraintSolver/btSolverBody.h:104:1,
checks (3.12)	Build pinned Float64 3D contact backend	2026-10-06T00:51:49.9328269Z     inlined from ‘void btAlignedObjectArray<T>::resize(int, const T&) [with T = btSolverBody]’ at /home/runner/work/rigid-body-collisions/rigid-body-collisions/build/spatial/_deps/bullet-src/src/LinearMath/btAlignedObjectArray.h:223:5,
checks (3.12)	Build pinned Float64 3D contact backend	2026-10-06T00:51:49.9332127Z     inlined from ‘void btAlignedObjectArray<T>::copyFromArray(const btAlignedObjectArray<T>&) [with T = btSolverBody]’ at /home/runner/work/rigid-body-collisions/rigid-body-collisions/build/spatial/_deps/bullet-src/src/LinearMath/btAlignedObjectArray.h:499:9,
checks (3.12)	Build pinned Float64 3D contact backend	2026-10-06T00:51:49.9335949Z     inlined from ‘btAlignedObjectArray<T>& btAlignedObjectArray<T>::operator=(const btAlignedObjectArray<T>&) [with T = btSolverBody]’ at /home/runner/work/rigid-body-collisions/rigid-body-collisions/build/spatial/_deps/bullet-src/src/LinearMath/btAlignedObjectArray.h:59:16,
checks (3.12)	Build pinned Float64 3D contact backend	2026-10-06T00:51:49.9340343Z     inlined from ‘bool combined_translation_review::acceptedPhysicalBodies(const btAlignedObjectArray<btSolverConstraint*>&, const btAlignedObjectArray<btSolverBody>&, const btVectorXd&, btAlignedObjectArray<btSolverBody>&)’ at /home/runner/work/rigid-body-collisions/rigid-body-collisions/spatial_backend/translation_combined.h:50:9:
checks (3.12)	Build pinned Float64 3D contact backend	2026-10-06T00:51:49.9346393Z /home/runner/work/rigid-body-collisions/rigid-body-collisions/build/spatial/_deps/bullet-src/src/LinearMath/btMatrix3x3.h:117:25: warning: ‘<unnamed>.btSolverBody::m_worldTransform.btTransform::m_basis.btMatrix3x3::m_el[0]’ may be used uninitialized [-Wmaybe-uninitialized]
checks (3.12)	Build pinned Float64 3D contact backend	2026-10-06T00:51:49.9348481Z   117 |                 m_el[0] = other.m_el[0];
checks (3.12)	Build pinned Float64 3D contact backend	2026-10-06T00:51:49.9348995Z       |                 ~~~~~~~~^~~~~~~~~~~~~~~
checks (3.12)	Build pinned Float64 3D contact backend	2026-10-06T00:51:49.9352446Z /home/runner/work/rigid-body-collisions/rigid-body-collisions/build/spatial/_deps/bullet-src/src/LinearMath/btAlignedObjectArray.h: In function ‘bool combined_translation_review::acceptedPhysicalBodies(const btAlignedObjectArray<btSolverConstraint*>&, const btAlignedObjectArray<btSolverBody>&, const btVectorXd&, btAlignedObjectArray<btSolverBody>&)’:
checks (3.12)	Build pinned Float64 3D contact backend	2026-10-06T00:51:49.9356292Z /home/runner/work/rigid-body-collisions/rigid-body-collisions/build/spatial/_deps/bullet-src/src/LinearMath/btAlignedObjectArray.h:499:23: note: ‘<anonymous>’ declared here
checks (3.12)	Build pinned Float64 3D contact backend	2026-10-06T00:51:49.9357840Z   499 |                 resize(otherSize);
checks (3.12)	Build pinned Float64 3D contact backend	2026-10-06T00:51:49.9358312Z       |                 ~~~~~~^~~~~~~~~~~
checks (3.12)	Build pinned Float64 3D contact backend	2026-10-06T00:51:49.9359134Z In copy constructor ‘btMatrix3x3::btMatrix3x3(const btMatrix3x3&)’,
checks (3.12)	Build pinned Float64 3D contact backend	2026-10-06T00:51:49.9361112Z     inlined from ‘btTransform::btTransform(const btTransform&)’ at /home/runner/work/rigid-body-collisions/rigid-body-collisions/build/spatial/_deps/bullet-src/src/LinearMath/btTransform.h:61:5,
checks (3.12)	Build pinned Float64 3D contact backend	2026-10-06T00:51:49.9364453Z     inlined from ‘btSolverBody::btSolverBody(const btSolverBody&)’ at /home/runner/work/rigid-body-collisions/rigid-body-collisions/build/spatial/_deps/bullet-src/src/BulletDynamics/ConstraintSolver/btSolverBody.h:104:1,
checks (3.12)	Build pinned Float64 3D contact backend	2026-10-06T00:51:49.9367902Z     inlined from ‘void btAlignedObjectArray<T>::resize(int, const T&) [with T = btSolverBody]’ at /home/runner/work/rigid-body-collisions/rigid-body-collisions/build/spatial/_deps/bullet-src/src/LinearMath/btAlignedObjectArray.h:223:5,
checks (3.12)	Build pinned Float64 3D contact backend	2026-10-06T00:51:49.9371848Z     inlined from ‘void btAlignedObjectArray<T>::copyFromArray(const btAlignedObjectArray<T>&) [with T = btSolverBody]’ at /home/runner/work/rigid-body-collisions/rigid-body-collisions/build/spatial/_deps/bullet-src/src/LinearMath/btAlignedObjectArray.h:499:9,
checks (3.12)	Build pinned Float64 3D contact backend	2026-10-06T00:51:49.9376179Z     inlined from ‘btAlignedObjectArray<T>& btAlignedObjectArray<T>::operator=(const btAlignedObjectArray<T>&) [with T = btSolverBody]’ at /home/runner/work/rigid-body-collisions/rigid-body-collisions/build/spatial/_deps/bullet-src/src/LinearMath/btAlignedObjectArray.h:59:16,
checks (3.12)	Build pinned Float64 3D contact backend	2026-10-06T00:51:49.9380659Z     inlined from ‘bool combined_translation_review::acceptedPhysicalBodies(const btAlignedObjectArray<btSolverConstraint*>&, const btAlignedObjectArray<btSolverBody>&, const btVectorXd&, btAlignedObjectArray<btSolverBody>&)’ at /home/runner/work/rigid-body-collisions/rigid-body-collisions/spatial_backend/translation_combined.h:50:9:
checks (3.12)	Build pinned Float64 3D contact backend	2026-10-06T00:51:49.9385532Z /home/runner/work/rigid-body-collisions/rigid-body-collisions/build/spatial/_deps/bullet-src/src/LinearMath/btMatrix3x3.h:118:25: warning: ‘<unnamed>.btSolverBody::m_worldTransform.btTransform::m_basis.btMatrix3x3::m_el[1]’ may be used uninitialized [-Wmaybe-uninitialized]
checks (3.12)	Build pinned Float64 3D contact backend	2026-10-06T00:51:49.9387659Z   118 |                 m_el[1] = other.m_el[1];
checks (3.12)	Build pinned Float64 3D contact backend	2026-10-06T00:51:49.9388154Z       |                 ~~~~~~~~^~~~~~~~~~~~~~~
checks (3.12)	Build pinned Float64 3D contact backend	2026-10-06T00:51:49.9391383Z /home/runner/work/rigid-body-collisions/rigid-body-collisions/build/spatial/_deps/bullet-src/src/LinearMath/btAlignedObjectArray.h: In function ‘bool combined_translation_review::acceptedPhysicalBodies(const btAlignedObjectArray<btSolverConstraint*>&, const btAlignedObjectArray<btSolverBody>&, const btVectorXd&, btAlignedObjectArray<btSolverBody>&)’:
checks (3.12)	Build pinned Float64 3D contact backend	2026-10-06T00:51:49.9395471Z /home/runner/work/rigid-body-collisions/rigid-body-collisions/build/spatial/_deps/bullet-src/src/LinearMath/btAlignedObjectArray.h:499:23: note: ‘<anonymous>’ declared here
checks (3.12)	Build pinned Float64 3D contact backend	2026-10-06T00:51:49.9397175Z   499 |                 resize(otherSize);
checks (3.12)	Build pinned Float64 3D contact backend	2026-10-06T00:51:49.9397653Z       |                 ~~~~~~^~~~~~~~~~~
checks (3.12)	Build pinned Float64 3D contact backend	2026-10-06T00:51:49.9398441Z In copy constructor ‘btMatrix3x3::btMatrix3x3(const btMatrix3x3&)’,
checks (3.12)	Build pinned Float64 3D contact backend	2026-10-06T00:51:49.9400447Z     inlined from ‘btTransform::btTransform(const btTransform&)’ at /home/runner/work/rigid-body-collisions/rigid-body-collisions/build/spatial/_deps/bullet-src/src/LinearMath/btTransform.h:61:5,
checks (3.12)	Build pinned Float64 3D contact backend	2026-10-06T00:51:49.9403783Z     inlined from ‘btSolverBody::btSolverBody(const btSolverBody&)’ at /home/runner/work/rigid-body-collisions/rigid-body-collisions/build/spatial/_deps/bullet-src/src/BulletDynamics/ConstraintSolver/btSolverBody.h:104:1,
checks (3.12)	Build pinned Float64 3D contact backend	2026-10-06T00:51:49.9407120Z     inlined from ‘void btAlignedObjectArray<T>::resize(int, const T&) [with T = btSolverBody]’ at /home/runner/work/rigid-body-collisions/rigid-body-collisions/build/spatial/_deps/bullet-src/src/LinearMath/btAlignedObjectArray.h:223:5,
checks (3.12)	Build pinned Float64 3D contact backend	2026-10-06T00:51:49.9410783Z     inlined from ‘void btAlignedObjectArray<T>::copyFromArray(const btAlignedObjectArray<T>&) [with T = btSolverBody]’ at /home/runner/work/rigid-body-collisions/rigid-body-collisions/build/spatial/_deps/bullet-src/src/LinearMath/btAlignedObjectArray.h:499:9,
checks (3.12)	Build pinned Float64 3D contact backend	2026-10-06T00:51:49.9414980Z     inlined from ‘btAlignedObjectArray<T>& btAlignedObjectArray<T>::operator=(const btAlignedObjectArray<T>&) [with T = btSolverBody]’ at /home/runner/work/rigid-body-collisions/rigid-body-collisions/build/spatial/_deps/bullet-src/src/LinearMath/btAlignedObjectArray.h:59:16,
checks (3.12)	Build pinned Float64 3D contact backend	2026-10-06T00:51:49.9419547Z     inlined from ‘bool combined_translation_review::acceptedPhysicalBodies(const btAlignedObjectArray<btSolverConstraint*>&, const btAlignedObjectArray<btSolverBody>&, const btVectorXd&, btAlignedObjectArray<btSolverBody>&)’ at /home/runner/work/rigid-body-collisions/rigid-body-collisions/spatial_backend/translation_combined.h:50:9:
checks (3.12)	Build pinned Float64 3D contact backend	2026-10-06T00:51:49.9424357Z /home/runner/work/rigid-body-collisions/rigid-body-collisions/build/spatial/_deps/bullet-src/src/LinearMath/btMatrix3x3.h:119:25: warning: ‘<unnamed>.btSolverBody::m_worldTransform.btTransform::m_basis.btMatrix3x3::m_el[2]’ may be used uninitialized [-Wmaybe-uninitialized]
checks (3.12)	Build pinned Float64 3D contact backend	2026-10-06T00:51:49.9426464Z   119 |                 m_el[2] = other.m_el[2];
checks (3.12)	Build pinned Float64 3D contact backend	2026-10-06T00:51:49.9427210Z       |                 ~~~~~~~~^~~~~~~~~~~~~~~
checks (3.12)	Build pinned Float64 3D contact backend	2026-10-06T00:51:49.9430464Z /home/runner/work/rigid-body-collisions/rigid-body-collisions/build/spatial/_deps/bullet-src/src/LinearMath/btAlignedObjectArray.h: In function ‘bool combined_translation_review::acceptedPhysicalBodies(const btAlignedObjectArray<btSolverConstraint*>&, const btAlignedObjectArray<btSolverBody>&, const btVectorXd&, btAlignedObjectArray<btSolverBody>&)’:
checks (3.12)	Build pinned Float64 3D contact backend	2026-10-06T00:51:49.9434584Z /home/runner/work/rigid-body-collisions/rigid-body-collisions/build/spatial/_deps/bullet-src/src/LinearMath/btAlignedObjectArray.h:499:23: note: ‘<anonymous>’ declared here
checks (3.12)	Build pinned Float64 3D contact backend	2026-10-06T00:51:49.9436030Z   499 |                 resize(otherSize);
checks (3.12)	Build pinned Float64 3D contact backend	2026-10-06T00:51:49.9436504Z       |                 ~~~~~~^~~~~~~~~~~
checks (3.12)	Build pinned Float64 3D contact backend	2026-10-06T00:51:49.9437297Z In copy constructor ‘btTransform::btTransform(const btTransform&)’,
checks (3.12)	Build pinned Float64 3D contact backend	2026-10-06T00:51:49.9439502Z     inlined from ‘btSolverBody::btSolverBody(const btSolverBody&)’ at /home/runner/work/rigid-body-collisions/rigid-body-collisions/build/spatial/_deps/bullet-src/src/BulletDynamics/ConstraintSolver/btSolverBody.h:104:1,
checks (3.12)	Build pinned Float64 3D contact backend	2026-10-06T00:51:49.9443067Z     inlined from ‘void btAlignedObjectArray<T>::resize(int, const T&) [with T = btSolverBody]’ at /home/runner/work/rigid-body-collisions/rigid-body-collisions/build/spatial/_deps/bullet-src/src/LinearMath/btAlignedObjectArray.h:223:5,
checks (3.12)	Build pinned Float64 3D contact backend	2026-10-06T00:51:49.9446681Z     inlined from ‘void btAlignedObjectArray<T>::copyFromArray(const btAlignedObjectArray<T>&) [with T = btSolverBody]’ at /home/runner/work/rigid-body-collisions/rigid-body-collisions/build/spatial/_deps/bullet-src/src/LinearMath/btAlignedObjectArray.h:499:9,
checks (3.12)	Build pinned Float64 3D contact backend	2026-10-06T00:51:49.9450773Z     inlined from ‘btAlignedObjectArray<T>& btAlignedObjectArray<T>::operator=(const btAlignedObjectArray<T>&) [with T = btSolverBody]’ at /home/runner/work/rigid-body-collisions/rigid-body-collisions/build/spatial/_deps/bullet-src/src/LinearMath/btAlignedObjectArray.h:59:16,
checks (3.12)	Build pinned Float64 3D contact backend	2026-10-06T00:51:49.9455505Z     inlined from ‘bool combined_translation_review::acceptedPhysicalBodies(const btAlignedObjectArray<btSolverConstraint*>&, const btAlignedObjectArray<btSolverBody>&, const btVectorXd&, btAlignedObjectArray<btSolverBody>&)’ at /home/runner/work/rigid-body-collisions/rigid-body-collisions/spatial_backend/translation_combined.h:50:9:
checks (3.12)	Build pinned Float64 3D contact backend	2026-10-06T00:51:49.9459848Z /home/runner/work/rigid-body-collisions/rigid-body-collisions/build/spatial/_deps/bullet-src/src/LinearMath/btTransform.h:62:19: warning: ‘<unnamed>.btSolverBody::m_worldTransform.btTransform::m_origin’ may be used uninitialized [-Wmaybe-uninitialized]
checks (3.12)	Build pinned Float64 3D contact backend	2026-10-06T00:51:49.9462085Z    62 |                   m_origin(other.m_origin)
checks (3.12)	Build pinned Float64 3D contact backend	2026-10-06T00:51:49.9462619Z       |                   ^~~~~~~~~~~~~~~~~~~~~~~~
checks (3.12)	Build pinned Float64 3D contact backend	2026-10-06T00:51:49.9465823Z /home/runner/work/rigid-body-collisions/rigid-body-collisions/build/spatial/_deps/bullet-src/src/LinearMath/btAlignedObjectArray.h: In function ‘bool combined_translation_review::acceptedPhysicalBodies(const btAlignedObjectArray<btSolverConstraint*>&, const btAlignedObjectArray<btSolverBody>&, const btVectorXd&, btAlignedObjectArray<btSolverBody>&)’:
checks (3.12)	Build pinned Float64 3D contact backend	2026-10-06T00:51:49.9469736Z /home/runner/work/rigid-body-collisions/rigid-body-collisions/build/spatial/_deps/bullet-src/src/LinearMath/btAlignedObjectArray.h:499:23: note: ‘<anonymous>’ declared here
checks (3.12)	Build pinned Float64 3D contact backend	2026-10-06T00:51:49.9471130Z   499 |                 resize(otherSize);
checks (3.12)	Build pinned Float64 3D contact backend	2026-10-06T00:51:49.9471591Z       |                 ~~~~~~^~~~~~~~~~~
checks (3.12)	Build pinned Float64 3D contact backend	2026-10-06T00:51:49.9472645Z In copy constructor ‘btSolverBody::btSolverBody(const btSolverBody&)’,
checks (3.12)	Build pinned Float64 3D contact backend	2026-10-06T00:51:49.9474929Z     inlined from ‘void btAlignedObjectArray<T>::resize(int, const T&) [with T = btSolverBody]’ at /home/runner/work/rigid-body-collisions/rigid-body-collisions/build/spatial/_deps/bullet-src/src/LinearMath/btAlignedObjectArray.h:223:5,
checks (3.12)	Build pinned Float64 3D contact backend	2026-10-06T00:51:49.9478526Z     inlined from ‘void btAlignedObjectArray<T>::copyFromArray(const btAlignedObjectArray<T>&) [with T = btSolverBody]’ at /home/runner/work/rigid-body-collisions/rigid-body-collisions/build/spatial/_deps/bullet-src/src/LinearMath/btAlignedObjectArray.h:499:9,
checks (3.12)	Build pinned Float64 3D contact backend	2026-10-06T00:51:49.9482936Z     inlined from ‘btAlignedObjectArray<T>& btAlignedObjectArray<T>::operator=(const btAlignedObjectArray<T>&) [with T = btSolverBody]’ at /home/runner/work/rigid-body-collisions/rigid-body-collisions/build/spatial/_deps/bullet-src/src/LinearMath/btAlignedObjectArray.h:59:16,
checks (3.12)	Build pinned Float64 3D contact backend	2026-10-06T00:51:49.9487540Z     inlined from ‘bool combined_translation_review::acceptedPhysicalBodies(const btAlignedObjectArray<btSolverConstraint*>&, const btAlignedObjectArray<btSolverBody>&, const btVectorXd&, btAlignedObjectArray<btSolverBody>&)’ at /home/runner/work/rigid-body-collisions/rigid-body-collisions/spatial_backend/translation_combined.h:50:9:
checks (3.12)	Build pinned Float64 3D contact backend	2026-10-06T00:51:49.9492254Z /home/runner/work/rigid-body-collisions/rigid-body-collisions/build/spatial/_deps/bullet-src/src/BulletDynamics/ConstraintSolver/btSolverBody.h:104:1: warning: ‘<unnamed>.btSolverBody::m_deltaLinearVelocity’ may be used uninitialized [-Wmaybe-uninitialized]
checks (3.12)	Build pinned Float64 3D contact backend	2026-10-06T00:51:49.9494249Z   104 | btSolverBody
checks (3.12)	Build pinned Float64 3D contact backend	2026-10-06T00:51:49.9494627Z       | ^~~~~~~~~~~~
checks (3.12)	Build pinned Float64 3D contact backend	2026-10-06T00:51:49.9497683Z /home/runner/work/rigid-body-collisions/rigid-body-collisions/build/spatial/_deps/bullet-src/src/LinearMath/btAlignedObjectArray.h: In function ‘bool combined_translation_review::acceptedPhysicalBodies(const btAlignedObjectArray<btSolverConstraint*>&, const btAlignedObjectArray<btSolverBody>&, const btVectorXd&, btAlignedObjectArray<btSolverBody>&)’:
checks (3.12)	Build pinned Float64 3D contact backend	2026-10-06T00:51:49.9501462Z /home/runner/work/rigid-body-collisions/rigid-body-collisions/build/spatial/_deps/bullet-src/src/LinearMath/btAlignedObjectArray.h:499:23: note: ‘<anonymous>’ declared here
checks (3.12)	Build pinned Float64 3D contact backend	2026-10-06T00:51:49.9503394Z   499 |                 resize(otherSize);
checks (3.12)	Build pinned Float64 3D contact backend	2026-10-06T00:51:49.9503858Z       |                 ~~~~~~^~~~~~~~~~~
checks (3.12)	Build pinned Float64 3D contact backend	2026-10-06T00:51:49.9504694Z In copy constructor ‘btSolverBody::btSolverBody(const btSolverBody&)’,
checks (3.12)	Build pinned Float64 3D contact backend	2026-10-06T00:51:49.9507023Z     inlined from ‘void btAlignedObjectArray<T>::resize(int, const T&) [with T = btSolverBody]’ at /home/runner/work/rigid-body-collisions/rigid-body-collisions/build/spatial/_deps/bullet-src/src/LinearMath/btAlignedObjectArray.h:223:5,
checks (3.12)	Build pinned Float64 3D contact backend	2026-10-06T00:51:49.9510715Z     inlined from ‘void btAlignedObjectArray<T>::copyFromArray(const btAlignedObjectArray<T>&) [with T = btSolverBody]’ at /home/runner/work/rigid-body-collisions/rigid-body-collisions/build/spatial/_deps/bullet-src/src/LinearMath/btAlignedObjectArray.h:499:9,
checks (3.12)	Build pinned Float64 3D contact backend	2026-10-06T00:51:49.9514907Z     inlined from ‘btAlignedObjectArray<T>& btAlignedObjectArray<T>::operator=(const btAlignedObjectArray<T>&) [with T = btSolverBody]’ at /home/runner/work/rigid-body-collisions/rigid-body-collisions/build/spatial/_deps/bullet-src/src/LinearMath/btAlignedObjectArray.h:59:16,
checks (3.12)	Build pinned Float64 3D contact backend	2026-10-06T00:51:49.9519532Z     inlined from ‘bool combined_translation_review::acceptedPhysicalBodies(const btAlignedObjectArray<btSolverConstraint*>&, const btAlignedObjectArray<btSolverBody>&, const btVectorXd&, btAlignedObjectArray<btSolverBody>&)’ at /home/runner/work/rigid-body-collisions/rigid-body-collisions/spatial_backend/translation_combined.h:50:9:
checks (3.12)	Build pinned Float64 3D contact backend	2026-10-06T00:51:49.9524268Z /home/runner/work/rigid-body-collisions/rigid-body-collisions/build/spatial/_deps/bullet-src/src/BulletDynamics/ConstraintSolver/btSolverBody.h:104:1: warning: ‘<unnamed>.btSolverBody::m_deltaAngularVelocity’ may be used uninitialized [-Wmaybe-uninitialized]
checks (3.12)	Build pinned Float64 3D contact backend	2026-10-06T00:51:49.9526250Z   104 | btSolverBody
checks (3.12)	Build pinned Float64 3D contact backend	2026-10-06T00:51:49.9526611Z       | ^~~~~~~~~~~~
checks (3.12)	Build pinned Float64 3D contact backend	2026-10-06T00:51:49.9529768Z /home/runner/work/rigid-body-collisions/rigid-body-collisions/build/spatial/_deps/bullet-src/src/LinearMath/btAlignedObjectArray.h: In function ‘bool combined_translation_review::acceptedPhysicalBodies(const btAlignedObjectArray<btSolverConstraint*>&, const btAlignedObjectArray<btSolverBody>&, const btVectorXd&, btAlignedObjectArray<btSolverBody>&)’:
checks (3.12)	Build pinned Float64 3D contact backend	2026-10-06T00:51:49.9533717Z /home/runner/work/rigid-body-collisions/rigid-body-collisions/build/spatial/_deps/bullet-src/src/LinearMath/btAlignedObjectArray.h:499:23: note: ‘<anonymous>’ declared here
checks (3.12)	Build pinned Float64 3D contact backend	2026-10-06T00:51:49.9535184Z   499 |                 resize(otherSize);
checks (3.12)	Build pinned Float64 3D contact backend	2026-10-06T00:51:49.9535619Z       |                 ~~~~~~^~~~~~~~~~~
checks (3.12)	Build pinned Float64 3D contact backend	2026-10-06T00:51:49.9536403Z In copy constructor ‘btSolverBody::btSolverBody(const btSolverBody&)’,
checks (3.12)	Build pinned Float64 3D contact backend	2026-10-06T00:51:49.9538682Z     inlined from ‘void btAlignedObjectArray<T>::resize(int, const T&) [with T = btSolverBody]’ at /home/runner/work/rigid-body-collisions/rigid-body-collisions/build/spatial/_deps/bullet-src/src/LinearMath/btAlignedObjectArray.h:223:5,
checks (3.12)	Build pinned Float64 3D contact backend	2026-10-06T00:51:49.9542635Z     inlined from ‘void btAlignedObjectArray<T>::copyFromArray(const btAlignedObjectArray<T>&) [with T = btSolverBody]’ at /home/runner/work/rigid-body-collisions/rigid-body-collisions/build/spatial/_deps/bullet-src/src/LinearMath/btAlignedObjectArray.h:499:9,
checks (3.12)	Build pinned Float64 3D contact backend	2026-10-06T00:51:49.9546657Z     inlined from ‘btAlignedObjectArray<T>& btAlignedObjectArray<T>::operator=(const btAlignedObjectArray<T>&) [with T = btSolverBody]’ at /home/runner/work/rigid-body-collisions/rigid-body-collisions/build/spatial/_deps/bullet-src/src/LinearMath/btAlignedObjectArray.h:59:16,
checks (3.12)	Build pinned Float64 3D contact backend	2026-10-06T00:51:49.9551309Z     inlined from ‘bool combined_translation_review::acceptedPhysicalBodies(const btAlignedObjectArray<btSolverConstraint*>&, const btAlignedObjectArray<btSolverBody>&, const btVectorXd&, btAlignedObjectArray<btSolverBody>&)’ at /home/runner/work/rigid-body-collisions/rigid-body-collisions/spatial_backend/translation_combined.h:50:9:
checks (3.12)	Build pinned Float64 3D contact backend	2026-10-06T00:51:49.9556068Z /home/runner/work/rigid-body-collisions/rigid-body-collisions/build/spatial/_deps/bullet-src/src/BulletDynamics/ConstraintSolver/btSolverBody.h:104:1: warning: ‘<unnamed>.btSolverBody::m_angularFactor’ may be used uninitialized [-Wmaybe-uninitialized]
checks (3.12)	Build pinned Float64 3D contact backend	2026-10-06T00:51:49.9558309Z   104 | btSolverBody
checks (3.12)	Build pinned Float64 3D contact backend	2026-10-06T00:51:49.9558662Z       | ^~~~~~~~~~~~
checks (3.12)	Build pinned Float64 3D contact backend	2026-10-06T00:51:49.9562043Z /home/runner/work/rigid-body-collisions/rigid-body-collisions/build/spatial/_deps/bullet-src/src/LinearMath/btAlignedObjectArray.h: In function ‘bool combined_translation_review::acceptedPhysicalBodies(const btAlignedObjectArray<btSolverConstraint*>&, const btAlignedObjectArray<btSolverBody>&, const btVectorXd&, btAlignedObjectArray<btSolverBody>&)’:
checks (3.12)	Build pinned Float64 3D contact backend	2026-10-06T00:51:49.9565949Z /home/runner/work/rigid-body-collisions/rigid-body-collisions/build/spatial/_deps/bullet-src/src/LinearMath/btAlignedObjectArray.h:499:23: note: ‘<anonymous>’ declared here
checks (3.12)	Build pinned Float64 3D contact backend	2026-10-06T00:51:49.9567479Z   499 |                 resize(otherSize);
checks (3.12)	Build pinned Float64 3D contact backend	2026-10-06T00:51:49.9567950Z       |                 ~~~~~~^~~~~~~~~~~
checks (3.12)	Build pinned Float64 3D contact backend	2026-10-06T00:51:49.9568791Z In copy constructor ‘btSolverBody::btSolverBody(const btSolverBody&)’,
checks (3.12)	Build pinned Float64 3D contact backend	2026-10-06T00:51:49.9571021Z     inlined from ‘void btAlignedObjectArray<T>::resize(int, const T&) [with T = btSolverBody]’ at /home/runner/work/rigid-body-collisions/rigid-body-collisions/build/spatial/_deps/bullet-src/src/LinearMath/btAlignedObjectArray.h:223:5,
checks (3.12)	Build pinned Float64 3D contact backend	2026-10-06T00:51:49.9574853Z     inlined from ‘void btAlignedObjectArray<T>::copyFromArray(const btAlignedObjectArray<T>&) [with T = btSolverBody]’ at /home/runner/work/rigid-body-collisions/rigid-body-collisions/build/spatial/_deps/bullet-src/src/LinearMath/btAlignedObjectArray.h:499:9,
checks (3.12)	Build pinned Float64 3D contact backend	2026-10-06T00:51:49.9578772Z     inlined from ‘btAlignedObjectArray<T>& btAlignedObjectArray<T>::operator=(const btAlignedObjectArray<T>&) [with T = btSolverBody]’ at /home/runner/work/rigid-body-collisions/rigid-body-collisions/build/spatial/_deps/bullet-src/src/LinearMath/btAlignedObjectArray.h:59:16,
checks (3.12)	Build pinned Float64 3D contact backend	2026-10-06T00:51:49.9583691Z     inlined from ‘bool combined_translation_review::acceptedPhysicalBodies(const btAlignedObjectArray<btSolverConstraint*>&, const btAlignedObjectArray<btSolverBody>&, const btVectorXd&, btAlignedObjectArray<btSolverBody>&)’ at /home/runner/work/rigid-body-collisions/rigid-body-collisions/spatial_backend/translation_combined.h:50:9:
checks (3.12)	Build pinned Float64 3D contact backend	2026-10-06T00:51:49.9588231Z /home/runner/work/rigid-body-collisions/rigid-body-collisions/build/spatial/_deps/bullet-src/src/BulletDynamics/ConstraintSolver/btSolverBody.h:104:1: warning: ‘<unnamed>.btSolverBody::m_linearFactor’ may be used uninitialized [-Wmaybe-uninitialized]
checks (3.12)	Build pinned Float64 3D contact backend	2026-10-06T00:51:49.9590491Z   104 | btSolverBody
checks (3.12)	Build pinned Float64 3D contact backend	2026-10-06T00:51:49.9590852Z       | ^~~~~~~~~~~~
checks (3.12)	Build pinned Float64 3D contact backend	2026-10-06T00:51:49.9594201Z /home/runner/work/rigid-body-collisions/rigid-body-collisions/build/spatial/_deps/bullet-src/src/LinearMath/btAlignedObjectArray.h: In function ‘bool combined_translation_review::acceptedPhysicalBodies(const btAlignedObjectArray<btSolverConstraint*>&, const btAlignedObjectArray<btSolverBody>&, const btVectorXd&, btAlignedObjectArray<btSolverBody>&)’:
checks (3.12)	Build pinned Float64 3D contact backend	2026-10-06T00:51:49.9598172Z /home/runner/work/rigid-body-collisions/rigid-body-collisions/build/spatial/_deps/bullet-src/src/LinearMath/btAlignedObjectArray.h:499:23: note: ‘<anonymous>’ declared here
checks (3.12)	Build pinned Float64 3D contact backend	2026-10-06T00:51:49.9599641Z   499 |                 resize(otherSize);
checks (3.12)	Build pinned Float64 3D contact backend	2026-10-06T00:51:49.9600113Z       |                 ~~~~~~^~~~~~~~~~~
checks (3.12)	Build pinned Float64 3D contact backend	2026-10-06T00:51:49.9600941Z In copy constructor ‘btSolverBody::btSolverBody(const btSolverBody&)’,
checks (3.12)	Build pinned Float64 3D contact backend	2026-10-06T00:51:49.9603516Z     inlined from ‘void btAlignedObjectArray<T>::resize(int, const T&) [with T = btSolverBody]’ at /home/runner/work/rigid-body-collisions/rigid-body-collisions/build/spatial/_deps/bullet-src/src/LinearMath/btAlignedObjectArray.h:223:5,
checks (3.12)	Build pinned Float64 3D contact backend	2026-10-06T00:51:49.9607176Z     inlined from ‘void btAlignedObjectArray<T>::copyFromArray(const btAlignedObjectArray<T>&) [with T = btSolverBody]’ at /home/runner/work/rigid-body-collisions/rigid-body-collisions/build/spatial/_deps/bullet-src/src/LinearMath/btAlignedObjectArray.h:499:9,
checks (3.12)	Build pinned Float64 3D contact backend	2026-10-06T00:51:49.9611418Z     inlined from ‘btAlignedObjectArray<T>& btAlignedObjectArray<T>::operator=(const btAlignedObjectArray<T>&) [with T = btSolverBody]’ at /home/runner/work/rigid-body-collisions/rigid-body-collisions/build/spatial/_deps/bullet-src/src/LinearMath/btAlignedObjectArray.h:59:16,
checks (3.12)	Build pinned Float64 3D contact backend	2026-10-06T00:51:49.9616214Z     inlined from ‘bool combined_translation_review::acceptedPhysicalBodies(const btAlignedObjectArray<btSolverConstraint*>&, const btAlignedObjectArray<btSolverBody>&, const btVectorXd&, btAlignedObjectArray<btSolverBody>&)’ at /home/runner/work/rigid-body-collisions/rigid-body-collisions/spatial_backend/translation_combined.h:50:9:
checks (3.12)	Build pinned Float64 3D contact backend	2026-10-06T00:51:49.9620605Z /home/runner/work/rigid-body-collisions/rigid-body-collisions/build/spatial/_deps/bullet-src/src/BulletDynamics/ConstraintSolver/btSolverBody.h:104:1: warning: ‘<unnamed>.btSolverBody::m_invMass’ may be used uninitialized [-Wmaybe-uninitialized]
checks (3.12)	Build pinned Float64 3D contact backend	2026-10-06T00:51:49.9622802Z   104 | btSolverBody
checks (3.12)	Build pinned Float64 3D contact backend	2026-10-06T00:51:49.9623158Z       | ^~~~~~~~~~~~
checks (3.12)	Build pinned Float64 3D contact backend	2026-10-06T00:51:49.9626427Z /home/runner/work/rigid-body-collisions/rigid-body-collisions/build/spatial/_deps/bullet-src/src/LinearMath/btAlignedObjectArray.h: In function ‘bool combined_translation_review::acceptedPhysicalBodies(const btAlignedObjectArray<btSolverConstraint*>&, const btAlignedObjectArray<btSolverBody>&, const btVectorXd&, btAlignedObjectArray<btSolverBody>&)’:
checks (3.12)	Build pinned Float64 3D contact backend	2026-10-06T00:51:49.9630334Z /home/runner/work/rigid-body-collisions/rigid-body-collisions/build/spatial/_deps/bullet-src/src/LinearMath/btAlignedObjectArray.h:499:23: note: ‘<anonymous>’ declared here
checks (3.12)	Build pinned Float64 3D contact backend	2026-10-06T00:51:49.9631996Z   499 |                 resize(otherSize);
checks (3.12)	Build pinned Float64 3D contact backend	2026-10-06T00:51:49.9632500Z       |                 ~~~~~~^~~~~~~~~~~
checks (3.12)	Build pinned Float64 3D contact backend	2026-10-06T00:51:49.9633309Z In copy constructor ‘btSolverBody::btSolverBody(const btSolverBody&)’,
checks (3.12)	Build pinned Float64 3D contact backend	2026-10-06T00:51:49.9635629Z     inlined from ‘void btAlignedObjectArray<T>::resize(int, const T&) [with T = btSolverBody]’ at /home/runner/work/rigid-body-collisions/rigid-body-collisions/build/spatial/_deps/bullet-src/src/LinearMath/btAlignedObjectArray.h:223:5,
checks (3.12)	Build pinned Float64 3D contact backend	2026-10-06T00:51:49.9639276Z     inlined from ‘void btAlignedObjectArray<T>::copyFromArray(const btAlignedObjectArray<T>&) [with T = btSolverBody]’ at /home/runner/work/rigid-body-collisions/rigid-body-collisions/build/spatial/_deps/bullet-src/src/LinearMath/btAlignedObjectArray.h:499:9,
checks (3.12)	Build pinned Float64 3D contact backend	2026-10-06T00:51:49.9643664Z     inlined from ‘btAlignedObjectArray<T>& btAlignedObjectArray<T>::operator=(const btAlignedObjectArray<T>&) [with T = btSolverBody]’ at /home/runner/work/rigid-body-collisions/rigid-body-collisions/build/spatial/_deps/bullet-src/src/LinearMath/btAlignedObjectArray.h:59:16,
checks (3.12)	Build pinned Float64 3D contact backend	2026-10-06T00:51:49.9648172Z     inlined from ‘bool combined_translation_review::acceptedPhysicalBodies(const btAlignedObjectArray<btSolverConstraint*>&, const btAlignedObjectArray<btSolverBody>&, const btVectorXd&, btAlignedObjectArray<btSolverBody>&)’ at /home/runner/work/rigid-body-collisions/rigid-body-collisions/spatial_backend/translation_combined.h:50:9:
checks (3.12)	Build pinned Float64 3D contact backend	2026-10-06T00:51:49.9652820Z /home/runner/work/rigid-body-collisions/rigid-body-collisions/build/spatial/_deps/bullet-src/src/BulletDynamics/ConstraintSolver/btSolverBody.h:104:1: warning: ‘<unnamed>.btSolverBody::m_pushVelocity’ may be used uninitialized [-Wmaybe-uninitialized]
checks (3.12)	Build pinned Float64 3D contact backend	2026-10-06T00:51:49.9654786Z   104 | btSolverBody
checks (3.12)	Build pinned Float64 3D contact backend	2026-10-06T00:51:49.9655162Z       | ^~~~~~~~~~~~
checks (3.12)	Build pinned Float64 3D contact backend	2026-10-06T00:51:49.9658334Z /home/runner/work/rigid-body-collisions/rigid-body-collisions/build/spatial/_deps/bullet-src/src/LinearMath/btAlignedObjectArray.h: In function ‘bool combined_translation_review::acceptedPhysicalBodies(const btAlignedObjectArray<btSolverConstraint*>&, const btAlignedObjectArray<btSolverBody>&, const btVectorXd&, btAlignedObjectArray<btSolverBody>&)’:
checks (3.12)	Build pinned Float64 3D contact backend	2026-10-06T00:51:49.9662552Z /home/runner/work/rigid-body-collisions/rigid-body-collisions/build/spatial/_deps/bullet-src/src/LinearMath/btAlignedObjectArray.h:499:23: note: ‘<anonymous>’ declared here
checks (3.12)	Build pinned Float64 3D contact backend	2026-10-06T00:51:49.9664022Z   499 |                 resize(otherSize);
checks (3.12)	Build pinned Float64 3D contact backend	2026-10-06T00:51:49.9664735Z       |                 ~~~~~~^~~~~~~~~~~
checks (3.12)	Build pinned Float64 3D contact backend	2026-10-06T00:51:49.9665592Z In copy constructor ‘btSolverBody::btSolverBody(const btSolverBody&)’,
checks (3.12)	Build pinned Float64 3D contact backend	2026-10-06T00:51:49.9667963Z     inlined from ‘void btAlignedObjectArray<T>::resize(int, const T&) [with T = btSolverBody]’ at /home/runner/work/rigid-body-collisions/rigid-body-collisions/build/spatial/_deps/bullet-src/src/LinearMath/btAlignedObjectArray.h:223:5,
checks (3.12)	Build pinned Float64 3D contact backend	2026-10-06T00:51:49.9672003Z     inlined from ‘void btAlignedObjectArray<T>::copyFromArray(const btAlignedObjectArray<T>&) [with T = btSolverBody]’ at /home/runner/work/rigid-body-collisions/rigid-body-collisions/build/spatial/_deps/bullet-src/src/LinearMath/btAlignedObjectArray.h:499:9,
checks (3.12)	Build pinned Float64 3D contact backend	2026-10-06T00:51:49.9676061Z     inlined from ‘btAlignedObjectArray<T>& btAlignedObjectArray<T>::operator=(const btAlignedObjectArray<T>&) [with T = btSolverBody]’ at /home/runner/work/rigid-body-collisions/rigid-body-collisions/build/spatial/_deps/bullet-src/src/LinearMath/btAlignedObjectArray.h:59:16,
checks (3.12)	Build pinned Float64 3D contact backend	2026-10-06T00:51:49.9680707Z     inlined from ‘bool combined_translation_review::acceptedPhysicalBodies(const btAlignedObjectArray<btSolverConstraint*>&, const btAlignedObjectArray<btSolverBody>&, const btVectorXd&, btAlignedObjectArray<btSolverBody>&)’ at /home/runner/work/rigid-body-collisions/rigid-body-collisions/spatial_backend/translation_combined.h:50:9:
checks (3.12)	Build pinned Float64 3D contact backend	2026-10-06T00:51:49.9685371Z /home/runner/work/rigid-body-collisions/rigid-body-collisions/build/spatial/_deps/bullet-src/src/BulletDynamics/ConstraintSolver/btSolverBody.h:104:1: warning: ‘<unnamed>.btSolverBody::m_turnVelocity’ may be used uninitialized [-Wmaybe-uninitialized]
checks (3.12)	Build pinned Float64 3D contact backend	2026-10-06T00:51:49.9687293Z   104 | btSolverBody
checks (3.12)	Build pinned Float64 3D contact backend	2026-10-06T00:51:49.9687645Z       | ^~~~~~~~~~~~
checks (3.12)	Build pinned Float64 3D contact backend	2026-10-06T00:51:49.9690715Z /home/runner/work/rigid-body-collisions/rigid-body-collisions/build/spatial/_deps/bullet-src/src/LinearMath/btAlignedObjectArray.h: In function ‘bool combined_translation_review::acceptedPhysicalBodies(const btAlignedObjectArray<btSolverConstraint*>&, const btAlignedObjectArray<btSolverBody>&, const btVectorXd&, btAlignedObjectArray<btSolverBody>&)’:
checks (3.12)	Build pinned Float64 3D contact backend	2026-10-06T00:51:49.9695443Z /home/runner/work/rigid-body-collisions/rigid-body-collisions/build/spatial/_deps/bullet-src/src/LinearMath/btAlignedObjectArray.h:499:23: note: ‘<anonymous>’ declared here
checks (3.12)	Build pinned Float64 3D contact backend	2026-10-06T00:51:49.9697163Z   499 |                 resize(otherSize);
checks (3.12)	Build pinned Float64 3D contact backend	2026-10-06T00:51:49.9697627Z       |                 ~~~~~~^~~~~~~~~~~
checks (3.12)	Build pinned Float64 3D contact backend	2026-10-06T00:51:49.9698447Z In copy constructor ‘btSolverBody::btSolverBody(const btSolverBody&)’,
checks (3.12)	Build pinned Float64 3D contact backend	2026-10-06T00:51:49.9700683Z     inlined from ‘void btAlignedObjectArray<T>::resize(int, const T&) [with T = btSolverBody]’ at /home/runner/work/rigid-body-collisions/rigid-body-collisions/build/spatial/_deps/bullet-src/src/LinearMath/btAlignedObjectArray.h:223:5,
checks (3.12)	Build pinned Float64 3D contact backend	2026-10-06T00:51:49.9705111Z     inlined from ‘void btAlignedObjectArray<T>::copyFromArray(const btAlignedObjectArray<T>&) [with T = btSolverBody]’ at /home/runner/work/rigid-body-collisions/rigid-body-collisions/build/spatial/_deps/bullet-src/src/LinearMath/btAlignedObjectArray.h:499:9,
checks (3.12)	Build pinned Float64 3D contact backend	2026-10-06T00:51:49.9709074Z     inlined from ‘btAlignedObjectArray<T>& btAlignedObjectArray<T>::operator=(const btAlignedObjectArray<T>&) [with T = btSolverBody]’ at /home/runner/work/rigid-body-collisions/rigid-body-collisions/build/spatial/_deps/bullet-src/src/LinearMath/btAlignedObjectArray.h:59:16,
checks (3.12)	Build pinned Float64 3D contact backend	2026-10-06T00:51:49.9713807Z     inlined from ‘bool combined_translation_review::acceptedPhysicalBodies(const btAlignedObjectArray<btSolverConstraint*>&, const btAlignedObjectArray<btSolverBody>&, const btVectorXd&, btAlignedObjectArray<btSolverBody>&)’ at /home/runner/work/rigid-body-collisions/rigid-body-collisions/spatial_backend/translation_combined.h:50:9:
checks (3.12)	Build pinned Float64 3D contact backend	2026-10-06T00:51:49.9718292Z /home/runner/work/rigid-body-collisions/rigid-body-collisions/build/spatial/_deps/bullet-src/src/BulletDynamics/ConstraintSolver/btSolverBody.h:104:1: warning: ‘<unnamed>.btSolverBody::m_linearVelocity’ may be used uninitialized [-Wmaybe-uninitialized]
checks (3.12)	Build pinned Float64 3D contact backend	2026-10-06T00:51:49.9720510Z   104 | btSolverBody
checks (3.12)	Build pinned Float64 3D contact backend	2026-10-06T00:51:49.9720868Z       | ^~~~~~~~~~~~
checks (3.12)	Build pinned Float64 3D contact backend	2026-10-06T00:51:49.9724276Z /home/runner/work/rigid-body-collisions/rigid-body-collisions/build/spatial/_deps/bullet-src/src/LinearMath/btAlignedObjectArray.h: In function ‘bool combined_translation_review::acceptedPhysicalBodies(const btAlignedObjectArray<btSolverConstraint*>&, const btAlignedObjectArray<btSolverBody>&, const btVectorXd&, btAlignedObjectArray<btSolverBody>&)’:
checks (3.12)	Build pinned Float64 3D contact backend	2026-10-06T00:51:49.9728147Z /home/runner/work/rigid-body-collisions/rigid-body-collisions/build/spatial/_deps/bullet-src/src/LinearMath/btAlignedObjectArray.h:499:23: note: ‘<anonymous>’ declared here
checks (3.12)	Build pinned Float64 3D contact backend	2026-10-06T00:51:49.9729603Z   499 |                 resize(otherSize);
checks (3.12)	Build pinned Float64 3D contact backend	2026-10-06T00:51:49.9730059Z       |                 ~~~~~~^~~~~~~~~~~
checks (3.12)	Build pinned Float64 3D contact backend	2026-10-06T00:51:49.9730873Z In copy constructor ‘btSolverBody::btSolverBody(const btSolverBody&)’,
checks (3.12)	Build pinned Float64 3D contact backend	2026-10-06T00:51:49.9733386Z     inlined from ‘void btAlignedObjectArray<T>::resize(int, const T&) [with T = btSolverBody]’ at /home/runner/work/rigid-body-collisions/rigid-body-collisions/build/spatial/_deps/bullet-src/src/LinearMath/btAlignedObjectArray.h:223:5,
checks (3.12)	Build pinned Float64 3D contact backend	2026-10-06T00:51:49.9736963Z     inlined from ‘void btAlignedObjectArray<T>::copyFromArray(const btAlignedObjectArray<T>&) [with T = btSolverBody]’ at /home/runner/work/rigid-body-collisions/rigid-body-collisions/build/spatial/_deps/bullet-src/src/LinearMath/btAlignedObjectArray.h:499:9,
checks (3.12)	Build pinned Float64 3D contact backend	2026-10-06T00:51:49.9740947Z     inlined from ‘btAlignedObjectArray<T>& btAlignedObjectArray<T>::operator=(const btAlignedObjectArray<T>&) [with T = btSolverBody]’ at /home/runner/work/rigid-body-collisions/rigid-body-collisions/build/spatial/_deps/bullet-src/src/LinearMath/btAlignedObjectArray.h:59:16,
checks (3.12)	Build pinned Float64 3D contact backend	2026-10-06T00:51:49.9745983Z     inlined from ‘bool combined_translation_review::acceptedPhysicalBodies(const btAlignedObjectArray<btSolverConstraint*>&, const btAlignedObjectArray<btSolverBody>&, const btVectorXd&, btAlignedObjectArray<btSolverBody>&)’ at /home/runner/work/rigid-body-collisions/rigid-body-collisions/spatial_backend/translation_combined.h:50:9:
checks (3.12)	Build pinned Float64 3D contact backend	2026-10-06T00:51:49.9750403Z /home/runner/work/rigid-body-collisions/rigid-body-collisions/build/spatial/_deps/bullet-src/src/BulletDynamics/ConstraintSolver/btSolverBody.h:104:1: warning: ‘<unnamed>.btSolverBody::m_angularVelocity’ may be used uninitialized [-Wmaybe-uninitialized]
checks (3.12)	Build pinned Float64 3D contact backend	2026-10-06T00:51:49.9752877Z   104 | btSolverBody
checks (3.12)	Build pinned Float64 3D contact backend	2026-10-06T00:51:49.9753239Z       | ^~~~~~~~~~~~
checks (3.12)	Build pinned Float64 3D contact backend	2026-10-06T00:51:49.9756216Z /home/runner/work/rigid-body-collisions/rigid-body-collisions/build/spatial/_deps/bullet-src/src/LinearMath/btAlignedObjectArray.h: In function ‘bool combined_translation_review::acceptedPhysicalBodies(const btAlignedObjectArray<btSolverConstraint*>&, const btAlignedObjectArray<btSolverBody>&, const btVectorXd&, btAlignedObjectArray<btSolverBody>&)’:
checks (3.12)	Build pinned Float64 3D contact backend	2026-10-06T00:51:49.9760001Z /home/runner/work/rigid-body-collisions/rigid-body-collisions/build/spatial/_deps/bullet-src/src/LinearMath/btAlignedObjectArray.h:499:23: note: ‘<anonymous>’ declared here
checks (3.12)	Build pinned Float64 3D contact backend	2026-10-06T00:51:49.9761463Z   499 |                 resize(otherSize);
checks (3.12)	Build pinned Float64 3D contact backend	2026-10-06T00:51:49.9762192Z       |                 ~~~~~~^~~~~~~~~~~
checks (3.12)	Build pinned Float64 3D contact backend	2026-10-06T00:51:49.9763026Z In copy constructor ‘btSolverBody::btSolverBody(const btSolverBody&)’,
checks (3.12)	Build pinned Float64 3D contact backend	2026-10-06T00:51:49.9765327Z     inlined from ‘void btAlignedObjectArray<T>::resize(int, const T&) [with T = btSolverBody]’ at /home/runner/work/rigid-body-collisions/rigid-body-collisions/build/spatial/_deps/bullet-src/src/LinearMath/btAlignedObjectArray.h:223:5,
checks (3.12)	Build pinned Float64 3D contact backend	2026-10-06T00:51:49.9768960Z     inlined from ‘void btAlignedObjectArray<T>::copyFromArray(const btAlignedObjectArray<T>&) [with T = btSolverBody]’ at /home/runner/work/rigid-body-collisions/rigid-body-collisions/build/spatial/_deps/bullet-src/src/LinearMath/btAlignedObjectArray.h:499:9,
checks (3.12)	Build pinned Float64 3D contact backend	2026-10-06T00:51:49.9773034Z     inlined from ‘btAlignedObjectArray<T>& btAlignedObjectArray<T>::operator=(const btAlignedObjectArray<T>&) [with T = btSolverBody]’ at /home/runner/work/rigid-body-collisions/rigid-body-collisions/build/spatial/_deps/bullet-src/src/LinearMath/btAlignedObjectArray.h:59:16,
checks (3.12)	Build pinned Float64 3D contact backend	2026-10-06T00:51:49.9777864Z     inlined from ‘bool combined_translation_review::acceptedPhysicalBodies(const btAlignedObjectArray<btSolverConstraint*>&, const btAlignedObjectArray<btSolverBody>&, const btVectorXd&, btAlignedObjectArray<btSolverBody>&)’ at /home/runner/work/rigid-body-collisions/rigid-body-collisions/spatial_backend/translation_combined.h:50:9:
checks (3.12)	Build pinned Float64 3D contact backend	2026-10-06T00:51:49.9782631Z /home/runner/work/rigid-body-collisions/rigid-body-collisions/build/spatial/_deps/bullet-src/src/BulletDynamics/ConstraintSolver/btSolverBody.h:104:1: warning: ‘<unnamed>.btSolverBody::m_externalForceImpulse’ may be used uninitialized [-Wmaybe-uninitialized]
checks (3.12)	Build pinned Float64 3D contact backend	2026-10-06T00:51:49.9784664Z   104 | btSolverBody
checks (3.12)	Build pinned Float64 3D contact backend	2026-10-06T00:51:49.9785020Z       | ^~~~~~~~~~~~
checks (3.12)	Build pinned Float64 3D contact backend	2026-10-06T00:51:49.9788161Z /home/runner/work/rigid-body-collisions/rigid-body-collisions/build/spatial/_deps/bullet-src/src/LinearMath/btAlignedObjectArray.h: In function ‘bool combined_translation_review::acceptedPhysicalBodies(const btAlignedObjectArray<btSolverConstraint*>&, const btAlignedObjectArray<btSolverBody>&, const btVectorXd&, btAlignedObjectArray<btSolverBody>&)’:
checks (3.12)	Build pinned Float64 3D contact backend	2026-10-06T00:51:49.9792213Z /home/runner/work/rigid-body-collisions/rigid-body-collisions/build/spatial/_deps/bullet-src/src/LinearMath/btAlignedObjectArray.h:499:23: note: ‘<anonymous>’ declared here
checks (3.12)	Build pinned Float64 3D contact backend	2026-10-06T00:51:49.9793661Z   499 |                 resize(otherSize);
checks (3.12)	Build pinned Float64 3D contact backend	2026-10-06T00:51:49.9794131Z       |                 ~~~~~~^~~~~~~~~~~
checks (3.12)	Build pinned Float64 3D contact backend	2026-10-06T00:51:49.9794932Z In copy constructor ‘btSolverBody::btSolverBody(const btSolverBody&)’,
checks (3.12)	Build pinned Float64 3D contact backend	2026-10-06T00:51:49.9797221Z     inlined from ‘void btAlignedObjectArray<T>::resize(int, const T&) [with T = btSolverBody]’ at /home/runner/work/rigid-body-collisions/rigid-body-collisions/build/spatial/_deps/bullet-src/src/LinearMath/btAlignedObjectArray.h:223:5,
checks (3.12)	Build pinned Float64 3D contact backend	2026-10-06T00:51:49.9800783Z     inlined from ‘void btAlignedObjectArray<T>::copyFromArray(const btAlignedObjectArray<T>&) [with T = btSolverBody]’ at /home/runner/work/rigid-body-collisions/rigid-body-collisions/build/spatial/_deps/bullet-src/src/LinearMath/btAlignedObjectArray.h:499:9,
checks (3.12)	Build pinned Float64 3D contact backend	2026-10-06T00:51:49.9805021Z     inlined from ‘btAlignedObjectArray<T>& btAlignedObjectArray<T>::operator=(const btAlignedObjectArray<T>&) [with T = btSolverBody]’ at /home/runner/work/rigid-body-collisions/rigid-body-collisions/build/spatial/_deps/bullet-src/src/LinearMath/btAlignedObjectArray.h:59:16,
checks (3.12)	Build pinned Float64 3D contact backend	2026-10-06T00:51:49.9809756Z     inlined from ‘bool combined_translation_review::acceptedPhysicalBodies(const btAlignedObjectArray<btSolverConstraint*>&, const btAlignedObjectArray<btSolverBody>&, const btVectorXd&, btAlignedObjectArray<btSolverBody>&)’ at /home/runner/work/rigid-body-collisions/rigid-body-collisions/spatial_backend/translation_combined.h:50:9:
checks (3.12)	Build pinned Float64 3D contact backend	2026-10-06T00:51:49.9814500Z /home/runner/work/rigid-body-collisions/rigid-body-collisions/build/spatial/_deps/bullet-src/src/BulletDynamics/ConstraintSolver/btSolverBody.h:104:1: warning: ‘<unnamed>.btSolverBody::m_externalTorqueImpulse’ may be used uninitialized [-Wmaybe-uninitialized]
checks (3.12)	Build pinned Float64 3D contact backend	2026-10-06T00:51:49.9816526Z   104 | btSolverBody
checks (3.12)	Build pinned Float64 3D contact backend	2026-10-06T00:51:49.9816870Z       | ^~~~~~~~~~~~
checks (3.12)	Build pinned Float64 3D contact backend	2026-10-06T00:51:49.9819894Z /home/runner/work/rigid-body-collisions/rigid-body-collisions/build/spatial/_deps/bullet-src/src/LinearMath/btAlignedObjectArray.h: In function ‘bool combined_translation_review::acceptedPhysicalBodies(const btAlignedObjectArray<btSolverConstraint*>&, const btAlignedObjectArray<btSolverBody>&, const btVectorXd&, btAlignedObjectArray<btSolverBody>&)’:
checks (3.12)	Build pinned Float64 3D contact backend	2026-10-06T00:51:49.9823910Z /home/runner/work/rigid-body-collisions/rigid-body-collisions/build/spatial/_deps/bullet-src/src/LinearMath/btAlignedObjectArray.h:499:23: note: ‘<anonymous>’ declared here
checks (3.12)	Build pinned Float64 3D contact backend	2026-10-06T00:51:49.9825356Z   499 |                 resize(otherSize);
checks (3.12)	Build pinned Float64 3D contact backend	2026-10-06T00:51:49.9825829Z       |                 ~~~~~~^~~~~~~~~~~
checks (3.12)	Build pinned Float64 3D contact backend	2026-10-06T00:51:51.0652805Z [157/186] Building CXX object CMakeFiles/shared_contact_checks.dir/shared_contact_checks.cpp.o
checks (3.12)	Build pinned Float64 3D contact backend	2026-10-06T00:51:52.7412242Z [158/186] Building CXX object CMakeFiles/translation_split_checks.dir/translation_split_checks.cpp.o
checks (3.12)	Build pinned Float64 3D contact backend	2026-10-06T00:51:54.2975968Z [159/186] Building CXX object CMakeFiles/translation_combined_checks.dir/translation_combined_checks.cpp.o
checks (3.12)	Build pinned Float64 3D contact backend	2026-10-06T00:51:56.2997948Z [160/186] Building CXX object CMakeFiles/spatial_coulomb_replay.dir/coulomb_replay.cpp.o
checks (3.12)	Build pinned Float64 3D contact backend	2026-10-06T00:51:59.2421603Z [161/186] Building CXX object CMakeFiles/active_contact_checks.dir/active_contact_checks.cpp.o
checks (3.12)	Build pinned Float64 3D contact backend	2026-10-06T00:52:00.6795617Z [162/186] Building CXX object CMakeFiles/normal_null_checks.dir/normal_null_checks.cpp.o
checks (3.12)	Build pinned Float64 3D contact backend	2026-10-06T00:52:03.7664965Z [163/186] Building CXX object CMakeFiles/coulomb_early_checks.dir/coulomb_early_checks.cpp.o
checks (3.12)	Build pinned Float64 3D contact backend	2026-10-06T00:52:04.1167831Z [164/186] Building CXX object CMakeFiles/projection_tail_checks.dir/projection_tail_checks.cpp.o
checks (3.12)	Build pinned Float64 3D contact backend	2026-10-06T00:52:07.8606649Z [165/186] Building CXX object CMakeFiles/coulomb_restart_checks.dir/coulomb_restart_checks.cpp.o
checks (3.12)	Build pinned Float64 3D contact backend	2026-10-06T00:52:08.9217020Z [166/186] Building CXX object CMakeFiles/support_restart_checks.dir/support_restart_checks.cpp.o
checks (3.12)	Build pinned Float64 3D contact backend	2026-10-06T00:52:14.2711200Z [167/186] Building CXX object CMakeFiles/spatial_position_replay.dir/position_replay.cpp.o
checks (3.12)	Build pinned Float64 3D contact backend	2026-10-06T00:52:14.4582248Z [168/186] Linking CXX static library _deps/bullet-build/src/BulletCollision/libBulletCollision.a
checks (3.12)	Build pinned Float64 3D contact backend	2026-10-06T00:52:14.5780848Z [169/186] Linking CXX static library _deps/bullet-build/src/BulletDynamics/libBulletDynamics.a
checks (3.12)	Build pinned Float64 3D contact backend	2026-10-06T00:52:14.6705653Z [170/186] Linking CXX static library _deps/bullet-build/src/LinearMath/libLinearMath.a
checks (3.12)	Build pinned Float64 3D contact backend	2026-10-06T00:52:14.7583835Z [171/186] Linking CXX executable spatial_runner
checks (3.12)	Build pinned Float64 3D contact backend	2026-10-06T00:52:14.8078780Z [172/186] Linking CXX executable spatial_qp_checks
checks (3.12)	Build pinned Float64 3D contact backend	2026-10-06T00:52:14.8714329Z [173/186] Linking CXX executable spatial_friction_checks
checks (3.12)	Build pinned Float64 3D contact backend	2026-10-06T00:52:14.9347816Z [174/186] Linking CXX executable spatial_coulomb_replay
checks (3.12)	Build pinned Float64 3D contact backend	2026-10-06T00:52:14.9867578Z [175/186] Linking CXX executable shared_contact_checks
checks (3.12)	Build pinned Float64 3D contact backend	2026-10-06T00:52:15.0364926Z [176/186] Linking CXX executable translation_split_checks
checks (3.12)	Build pinned Float64 3D contact backend	2026-10-06T00:52:15.0866695Z [177/186] Linking CXX executable translation_combined_checks
checks (3.12)	Build pinned Float64 3D contact backend	2026-10-06T00:52:15.1489626Z [178/186] Linking CXX executable coulomb_early_checks
checks (3.12)	Build pinned Float64 3D contact backend	2026-10-06T00:52:15.1987711Z [179/186] Linking CXX executable active_contact_checks
checks (3.12)	Build pinned Float64 3D contact backend	2026-10-06T00:52:15.2474113Z [180/186] Linking CXX executable normal_null_checks
checks (3.12)	Build pinned Float64 3D contact backend	2026-10-06T00:52:15.3105383Z [181/186] Linking CXX executable projection_tail_checks
checks (3.12)	Build pinned Float64 3D contact backend	2026-10-06T00:52:15.3692394Z [182/186] Linking CXX executable coulomb_restart_checks
checks (3.12)	Build pinned Float64 3D contact backend	2026-10-06T00:52:15.4281255Z [183/186] Linking CXX executable support_restart_checks
checks (3.12)	Build pinned Float64 3D contact backend	2026-10-06T00:52:15.4801582Z [184/186] Linking CXX executable spatial_position_replay
checks (3.12)	Build pinned Float64 3D contact backend	2026-10-06T00:52:17.1724233Z [185/186] Building CXX object CMakeFiles/spatial_null_traction_replay.dir/null_traction_replay.cpp.o
checks (3.12)	Build pinned Float64 3D contact backend	2026-10-06T00:52:17.2313931Z [186/186] Linking CXX executable spatial_null_traction_replay
checks (3.12)	Build pinned Float64 3D contact backend	2026-10-06T00:52:17.2341990Z Normal QP analytic checks PASS
checks (3.12)	Build pinned Float64 3D contact backend	2026-10-06T00:52:17.2533720Z Circular Coulomb analytic checks PASS (8 cases + gyroscopic free-slip regression + 3 Newton linear checks + energy overflow rejection)
checks (3.12)	Build pinned Float64 3D contact backend	2026-10-06T00:52:17.2603858Z Shared contact checks PASS (full inertia, rotated/swapped rows, normal/tangent targets, split RHS, warm start, gyro, P/L/energy, endpoint selection, unsupported flags)
checks (3.12)	Build pinned Float64 3D contact backend	2026-10-06T00:52:17.2618406Z Translation split checks PASS (Gram, isolated pushes, redundant and infeasible constraints)
checks (3.12)	Build pinned Float64 3D contact backend	2026-10-06T00:52:17.2647610Z PASS pressure release/redundancy/infeasibility/failed-output; full450-row inactive-contact expansion
checks (3.12)	Build pinned Float64 3D contact backend	2026-10-06T00:52:17.2661199Z 9 normal-null controls passed (including translation recovery enable/disable)
checks (3.12)	Build pinned Float64 3D contact backend	2026-10-06T00:52:17.2680649Z PASS: rank-deficient and weak-direction TRF; invalid shape/radius/nonfinite; analytical contact; budget/dependency/output preservation
checks (3.12)	Build pinned Float64 3D contact backend	2026-10-06T00:52:17.2699889Z PASS exact component triples, independent support66, untouched tiny couplings, no-work cap rejection, invalid dependency/nonfinite and failure-output preservation
checks (3.12)	Build pinned Float64 3D contact backend	2026-10-06T00:52:17.2716116Z PASS actual upstream parity: warm normal/two tangents/fixed and rotating kinematic slots/rotated anisotropic inertia/external force and gyro/nonunit factors; originals unchanged
checks (3.12)	Build pinned Float64 3D contact backend	2026-10-06T00:52:17.2717400Z PASS full angular physical normal rate; fake push/turn excluded
checks (3.12)	Build pinned Float64 3D contact backend	2026-10-06T00:52:17.2718154Z PASS finite/dimension/index/alias rejection and output preservation; normal-order target bookkeeping
checks (3.12)	Build pinned Float64 3D contact backend	2026-10-06T00:52:17.2719062Z PASS all 15 distance/rate branches, signed remaining clearance and opposing-face zero-push control
checks (3.12)	Build pinned Float64 3D contact backend	2026-10-06T00:52:17.2733891Z Optional scheduling local checks passed; captured/trajectory checks remain separate.
checks (3.12)	Build pinned Float64 3D contact backend	2026-10-06T00:52:17.2760221Z {"controls":[{"accepted":true,"name":"diagonal-stick","passed":true,"svd_calls":2,"unchanged_on_decline":true},{"accepted":true,"name":"separating","passed":true,"svd_calls":0,"unchanged_on_decline":true},{"accepted":false,"name":"zero-budget","passed":true,"svd_calls":0,"unchanged_on_decline":true},{"accepted":false,"name":"negative-budget","passed":true,"svd_calls":0,"unchanged_on_decline":true},{"accepted":false,"name":"cap-66","passed":true,"svd_calls":0,"unchanged_on_decline":true},{"accepted":false,"name":"negative-friction","passed":true,"svd_calls":0,"unchanged_on_decline":true},{"accepted":false,"name":"nan-matrix","passed":true,"svd_calls":0,"unchanged_on_decline":true},{"accepted":false,"name":"invalid-dependency","passed":true,"svd_calls":0,"unchanged_on_decline":true},{"accepted":false,"name":"inconsistent-PSD-normal-targets","passed":true,"svd_calls":64,"unchanged_on_decline":true}],"passed":true}
checks (3.12)	Build pinned Float64 3D contact backend	2026-10-06T00:52:17.2993839Z {
checks (3.12)	Build pinned Float64 3D contact backend	2026-10-06T00:52:17.2994509Z   "accepted": true,
checks (3.12)	Build pinned Float64 3D contact backend	2026-10-06T00:52:17.2995008Z   "found": true,
checks (3.12)	Build pinned Float64 3D contact backend	2026-10-06T00:52:17.2995637Z   "independent_residual_m_s": 3.552713678800501e-15,
checks (3.12)	Build pinned Float64 3D contact backend	2026-10-06T00:52:17.2996154Z   "normal_search_max_rows": 512,
checks (3.12)	Build pinned Float64 3D contact backend	2026-10-06T00:52:17.2996529Z   "p": [
checks (3.12)	Build pinned Float64 3D contact backend	2026-10-06T00:52:17.2996777Z     0.0,
checks (3.12)	Build pinned Float64 3D contact backend	2026-10-06T00:52:17.2997014Z     0.0,
checks (3.12)	Build pinned Float64 3D contact backend	2026-10-06T00:52:17.2997246Z     0.0,
checks (3.12)	Build pinned Float64 3D contact backend	2026-10-06T00:52:17.2997475Z     0.0,
checks (3.12)	Build pinned Float64 3D contact backend	2026-10-06T00:52:17.2997704Z     0.0,
checks (3.12)	Build pinned Float64 3D contact backend	2026-10-06T00:52:17.2997937Z     0.0,
checks (3.12)	Build pinned Float64 3D contact backend	2026-10-06T00:52:17.2998168Z     0.0,
checks (3.12)	Build pinned Float64 3D contact backend	2026-10-06T00:52:17.2998405Z     0.0,
checks (3.12)	Build pinned Float64 3D contact backend	2026-10-06T00:52:17.2999025Z     0.0,
checks (3.12)	Build pinned Float64 3D contact backend	2026-10-06T00:52:17.2999256Z     0.0,
checks (3.12)	Build pinned Float64 3D contact backend	2026-10-06T00:52:17.2999484Z     0.0,
checks (3.12)	Build pinned Float64 3D contact backend	2026-10-06T00:52:17.2999718Z     0.0,
checks (3.12)	Build pinned Float64 3D contact backend	2026-10-06T00:52:17.2999964Z     0.0043652520842461465,
checks (3.12)	Build pinned Float64 3D contact backend	2026-10-06T00:52:17.3000264Z     0.0,
checks (3.12)	Build pinned Float64 3D contact backend	2026-10-06T00:52:17.3000496Z     0.0,
checks (3.12)	Build pinned Float64 3D contact backend	2026-10-06T00:52:17.3000726Z     0.0,
checks (3.12)	Build pinned Float64 3D contact backend	2026-10-06T00:52:17.3000957Z     0.0,
checks (3.12)	Build pinned Float64 3D contact backend	2026-10-06T00:52:17.3001190Z     0.0,
checks (3.12)	Build pinned Float64 3D contact backend	2026-10-06T00:52:17.3001423Z     0.0,
checks (3.12)	Build pinned Float64 3D contact backend	2026-10-06T00:52:17.3001996Z     0.0011371476126827427,
checks (3.12)	Build pinned Float64 3D contact backend	2026-10-06T00:52:17.3002574Z     0.0,
checks (3.12)	Build pinned Float64 3D contact backend	2026-10-06T00:52:17.3003004Z     0.0,
checks (3.12)	Build pinned Float64 3D contact backend	2026-10-06T00:52:17.3003385Z     0.0,
checks (3.12)	Build pinned Float64 3D contact backend	2026-10-06T00:52:17.3003763Z     0.0,
checks (3.12)	Build pinned Float64 3D contact backend	2026-10-06T00:52:17.3004133Z     0.0,
checks (3.12)	Build pinned Float64 3D contact backend	2026-10-06T00:52:17.3004376Z     0.0,
checks (3.12)	Build pinned Float64 3D contact backend	2026-10-06T00:52:17.3004612Z     0.0,
checks (3.12)	Build pinned Float64 3D contact backend	2026-10-06T00:52:17.3004856Z     0.002893334701958639,
checks (3.12)	Build pinned Float64 3D contact backend	2026-10-06T00:52:17.3005158Z     0.0,
checks (3.12)	Build pinned Float64 3D contact backend	2026-10-06T00:52:17.3005404Z     6.0229556478174774e-05,
checks (3.12)	Build pinned Float64 3D contact backend	2026-10-06T00:52:17.3005700Z     0.0,
checks (3.12)	Build pinned Float64 3D contact backend	2026-10-06T00:52:17.3005933Z     0.0,
checks (3.12)	Build pinned Float64 3D contact backend	2026-10-06T00:52:17.3006169Z     0.0,
checks (3.12)	Build pinned Float64 3D contact backend	2026-10-06T00:52:17.3006405Z     0.0,
checks (3.12)	Build pinned Float64 3D contact backend	2026-10-06T00:52:17.3006636Z     0.0,
checks (3.12)	Build pinned Float64 3D contact backend	2026-10-06T00:52:17.3006868Z     0.0,
checks (3.12)	Build pinned Float64 3D contact backend	2026-10-06T00:52:17.3007099Z     0.0,
checks (3.12)	Build pinned Float64 3D contact backend	2026-10-06T00:52:17.3007331Z     0.0,
checks (3.12)	Build pinned Float64 3D contact backend	2026-10-06T00:52:17.3007561Z     0.0,
checks (3.12)	Build pinned Float64 3D contact backend	2026-10-06T00:52:17.3007791Z     0.0,
checks (3.12)	Build pinned Float64 3D contact backend	2026-10-06T00:52:17.3008020Z     0.0,
checks (3.12)	Build pinned Float64 3D contact backend	2026-10-06T00:52:17.3008249Z     0.0,
checks (3.12)	Build pinned Float64 3D contact backend	2026-10-06T00:52:17.3008478Z     0.0,
checks (3.12)	Build pinned Float64 3D contact backend	2026-10-06T00:52:17.3008707Z     0.0,
checks (3.12)	Build pinned Float64 3D contact backend	2026-10-06T00:52:17.3008939Z     0.0,
checks (3.12)	Build pinned Float64 3D contact backend	2026-10-06T00:52:17.3009176Z     0.0,
checks (3.12)	Build pinned Float64 3D contact backend	2026-10-06T00:52:17.3009417Z     0.010466860716213656,
checks (3.12)	Build pinned Float64 3D contact backend	2026-10-06T00:52:17.3009702Z     0.0,
checks (3.12)	Build pinned Float64 3D contact backend	2026-10-06T00:52:17.3009934Z     0.0,
checks (3.12)	Build pinned Float64 3D contact backend	2026-10-06T00:52:17.3010172Z     0.0,
checks (3.12)	Build pinned Float64 3D contact backend	2026-10-06T00:52:17.3010584Z     0.0,
checks (3.12)	Build pinned Float64 3D contact backend	2026-10-06T00:52:17.3010817Z     0.0,
checks (3.12)	Build pinned Float64 3D contact backend	2026-10-06T00:52:17.3011047Z     0.0,
checks (3.12)	Build pinned Float64 3D contact backend	2026-10-06T00:52:17.3011222Z     0.0,
checks (3.12)	Build pinned Float64 3D contact backend	2026-10-06T00:52:17.3011381Z     0.0,
checks (3.12)	Build pinned Float64 3D contact backend	2026-10-06T00:52:17.3011547Z     0.000857523446976378,
checks (3.12)	Build pinned Float64 3D contact backend	2026-10-06T00:52:17.3012113Z     0.0,
checks (3.12)	Build pinned Float64 3D contact backend	2026-10-06T00:52:17.3012330Z     0.0,
checks (3.12)	Build pinned Float64 3D contact backend	2026-10-06T00:52:17.3012495Z     0.0,
checks (3.12)	Build pinned Float64 3D contact backend	2026-10-06T00:52:17.3012661Z     0.0,
checks (3.12)	Build pinned Float64 3D contact backend	2026-10-06T00:52:17.3012819Z     0.0,
checks (3.12)	Build pinned Float64 3D contact backend	2026-10-06T00:52:17.3012975Z     0.0,
checks (3.12)	Build pinned Float64 3D contact backend	2026-10-06T00:52:17.3013133Z     0.0,
checks (3.12)	Build pinned Float64 3D contact backend	2026-10-06T00:52:17.3013303Z     0.012730001365609232,
checks (3.12)	Build pinned Float64 3D contact backend	2026-10-06T00:52:17.3013502Z     0.0,
checks (3.12)	Build pinned Float64 3D contact backend	2026-10-06T00:52:17.3013660Z     0.0,
checks (3.12)	Build pinned Float64 3D contact backend	2026-10-06T00:52:17.3013820Z     0.0,
checks (3.12)	Build pinned Float64 3D contact backend	2026-10-06T00:52:17.3013979Z     0.0,
checks (3.12)	Build pinned Float64 3D contact backend	2026-10-06T00:52:17.3014137Z     0.0,
checks (3.12)	Build pinned Float64 3D contact backend	2026-10-06T00:52:17.3014294Z     0.0,
checks (3.12)	Build pinned Float64 3D contact backend	2026-10-06T00:52:17.3014455Z     0.0,
checks (3.12)	Build pinned Float64 3D contact backend	2026-10-06T00:52:17.3014612Z     0.0,
checks (3.12)	Build pinned Float64 3D contact backend	2026-10-06T00:52:17.3014771Z     0.0,
checks (3.12)	Build pinned Float64 3D contact backend	2026-10-06T00:52:17.3014929Z     0.0,
checks (3.12)	Build pinned Float64 3D contact backend	2026-10-06T00:52:17.3015097Z     0.0027738613453404267,
checks (3.12)	Build pinned Float64 3D contact backend	2026-10-06T00:52:17.3015301Z     0.0,
checks (3.12)	Build pinned Float64 3D contact backend	2026-10-06T00:52:17.3015462Z     0.0,
checks (3.12)	Build pinned Float64 3D contact backend	2026-10-06T00:52:17.3015620Z     0.0,
checks (3.12)	Build pinned Float64 3D contact backend	2026-10-06T00:52:17.3015784Z     0.002325174129049455,
checks (3.12)	Build pinned Float64 3D contact backend	2026-10-06T00:52:17.3015976Z     0.0,
checks (3.12)	Build pinned Float64 3D contact backend	2026-10-06T00:52:17.3016134Z     0.0,
checks (3.12)	Build pinned Float64 3D contact backend	2026-10-06T00:52:17.3016296Z     0.0,
checks (3.12)	Build pinned Float64 3D contact backend	2026-10-06T00:52:17.3016458Z     0.0,
checks (3.12)	Build pinned Float64 3D contact backend	2026-10-06T00:52:17.3016621Z     0.0,
checks (3.12)	Build pinned Float64 3D contact backend	2026-10-06T00:52:17.3016780Z     0.0,
checks (3.12)	Build pinned Float64 3D contact backend	2026-10-06T00:52:17.3016942Z     0.0,
checks (3.12)	Build pinned Float64 3D contact backend	2026-10-06T00:52:17.3017101Z     0.0,
checks (3.12)	Build pinned Float64 3D contact backend	2026-10-06T00:52:17.3017257Z     0.0,
checks (3.12)	Build pinned Float64 3D contact backend	2026-10-06T00:52:17.3017416Z     0.0,
checks (3.12)	Build pinned Float64 3D contact backend	2026-10-06T00:52:17.3017572Z     0.0,
checks (3.12)	Build pinned Float64 3D contact backend	2026-10-06T00:52:17.3017731Z     0.0,
checks (3.12)	Build pinned Float64 3D contact backend	2026-10-06T00:52:17.3017891Z     0.0,
checks (3.12)	Build pinned Float64 3D contact backend	2026-10-06T00:52:17.3018048Z     0.0,
checks (3.12)	Build pinned Float64 3D contact backend	2026-10-06T00:52:17.3018209Z     0.0,
checks (3.12)	Build pinned Float64 3D contact backend	2026-10-06T00:52:17.3018375Z     0.000917068468313135,
checks (3.12)	Build pinned Float64 3D contact backend	2026-10-06T00:52:17.3018579Z     0.0,
checks (3.12)	Build pinned Float64 3D contact backend	2026-10-06T00:52:17.3018738Z     0.0,
checks (3.12)	Build pinned Float64 3D contact backend	2026-10-06T00:52:17.3018960Z     0.0010425728434827536,
checks (3.12)	Build pinned Float64 3D contact backend	2026-10-06T00:52:17.3019346Z     0.005043485129266449,
checks (3.12)	Build pinned Float64 3D contact backend	2026-10-06T00:52:17.3019586Z     0.0,
checks (3.12)	Build pinned Float64 3D contact backend	2026-10-06T00:52:17.3019752Z     0.0,
checks (3.12)	Build pinned Float64 3D contact backend	2026-10-06T00:52:17.3019916Z     0.0,
checks (3.12)	Build pinned Float64 3D contact backend	2026-10-06T00:52:17.3020073Z     0.0,
checks (3.12)	Build pinned Float64 3D contact backend	2026-10-06T00:52:17.3020238Z     0.0015947690134771474,
checks (3.12)	Build pinned Float64 3D contact backend	2026-10-06T00:52:17.3020442Z     0.0,
checks (3.12)	Build pinned Float64 3D contact backend	2026-10-06T00:52:17.3020600Z     0.0,
checks (3.12)	Build pinned Float64 3D contact backend	2026-10-06T00:52:17.3020784Z     0.0016552093074975681,
checks (3.12)	Build pinned Float64 3D contact backend	2026-10-06T00:52:17.3020988Z     0.0,
checks (3.12)	Build pinned Float64 3D contact backend	2026-10-06T00:52:17.3021152Z     0.0,
checks (3.12)	Build pinned Float64 3D contact backend	2026-10-06T00:52:17.3021311Z     0.0,
checks (3.12)	Build pinned Float64 3D contact backend	2026-10-06T00:52:17.3021620Z     0.0,
checks (3.12)	Build pinned Float64 3D contact backend	2026-10-06T00:52:17.3022035Z     0.0,
checks (3.12)	Build pinned Float64 3D contact backend	2026-10-06T00:52:17.3022200Z     0.0,
checks (3.12)	Build pinned Float64 3D contact backend	2026-10-06T00:52:17.3022366Z     0.01892061803636022,
checks (3.12)	Build pinned Float64 3D contact backend	2026-10-06T00:52:17.3022563Z     0.0,
checks (3.12)	Build pinned Float64 3D contact backend	2026-10-06T00:52:17.3022729Z     0.0009930536474713429,
checks (3.12)	Build pinned Float64 3D contact backend	2026-10-06T00:52:17.3022929Z     0.0,
checks (3.12)	Build pinned Float64 3D contact backend	2026-10-06T00:52:17.3023087Z     0.0,
checks (3.12)	Build pinned Float64 3D contact backend	2026-10-06T00:52:17.3023247Z     0.0,
checks (3.12)	Build pinned Float64 3D contact backend	2026-10-06T00:52:17.3023411Z     0.0,
checks (3.12)	Build pinned Float64 3D contact backend	2026-10-06T00:52:17.3023570Z     0.0,
checks (3.12)	Build pinned Float64 3D contact backend	2026-10-06T00:52:17.3023727Z     0.0,
checks (3.12)	Build pinned Float64 3D contact backend	2026-10-06T00:52:17.3023887Z     0.0,
checks (3.12)	Build pinned Float64 3D contact backend	2026-10-06T00:52:17.3024202Z     0.0,
checks (3.12)	Build pinned Float64 3D contact backend	2026-10-06T00:52:17.3024452Z     0.0,
checks (3.12)	Build pinned Float64 3D contact backend	2026-10-06T00:52:17.3024711Z     0.0,
checks (3.12)	Build pinned Float64 3D contact backend	2026-10-06T00:52:17.3024982Z     0.0,
checks (3.12)	Build pinned Float64 3D contact backend	2026-10-06T00:52:17.3025242Z     0.0,
checks (3.12)	Build pinned Float64 3D contact backend	2026-10-06T00:52:17.3025503Z     0.0,
checks (3.12)	Build pinned Float64 3D contact backend	2026-10-06T00:52:17.3025774Z     0.0,
checks (3.12)	Build pinned Float64 3D contact backend	2026-10-06T00:52:17.3026035Z     0.0,
checks (3.12)	Build pinned Float64 3D contact backend	2026-10-06T00:52:17.3026359Z     0.0,
checks (3.12)	Build pinned Float64 3D contact backend	2026-10-06T00:52:17.3026762Z     0.0,
checks (3.12)	Build pinned Float64 3D contact backend	2026-10-06T00:52:17.3027159Z     0.0,
checks (3.12)	Build pinned Float64 3D contact backend	2026-10-06T00:52:17.3027514Z     0.0,
checks (3.12)	Build pinned Float64 3D contact backend	2026-10-06T00:52:17.3027702Z     0.0,
checks (3.12)	Build pinned Float64 3D contact backend	2026-10-06T00:52:17.3027871Z     0.0,
checks (3.12)	Build pinned Float64 3D contact backend	2026-10-06T00:52:17.3028027Z     0.0,
checks (3.12)	Build pinned Float64 3D contact backend	2026-10-06T00:52:17.3028187Z     0.0,
checks (3.12)	Build pinned Float64 3D contact backend	2026-10-06T00:52:17.3028344Z     0.0,
checks (3.12)	Build pinned Float64 3D contact backend	2026-10-06T00:52:17.3028504Z     0.0,
checks (3.12)	Build pinned Float64 3D contact backend	2026-10-06T00:52:17.3028664Z     0.0,
checks (3.12)	Build pinned Float64 3D contact backend	2026-10-06T00:52:17.3028822Z     0.0,
checks (3.12)	Build pinned Float64 3D contact backend	2026-10-06T00:52:17.3028981Z     0.0,
checks (3.12)	Build pinned Float64 3D contact backend	2026-10-06T00:52:17.3029145Z     0.0010587859164407389,
checks (3.12)	Build pinned Float64 3D contact backend	2026-10-06T00:52:17.3029353Z     0.0,
checks (3.12)	Build pinned Float64 3D contact backend	2026-10-06T00:52:17.3029515Z     0.0,
checks (3.12)	Build pinned Float64 3D contact backend	2026-10-06T00:52:17.3029673Z     0.0,
checks (3.12)	Build pinned Float64 3D contact backend	2026-10-06T00:52:17.3029830Z     0.0,
checks (3.12)	Build pinned Float64 3D contact backend	2026-10-06T00:52:17.3029986Z     0.0,
checks (3.12)	Build pinned Float64 3D contact backend	2026-10-06T00:52:17.3030142Z     0.0,
checks (3.12)	Build pinned Float64 3D contact backend	2026-10-06T00:52:17.3030299Z     0.0,
checks (3.12)	Build pinned Float64 3D contact backend	2026-10-06T00:52:17.3030647Z     0.0,
checks (3.12)	Build pinned Float64 3D contact backend	2026-10-06T00:52:17.3030805Z     0.0,
checks (3.12)	Build pinned Float64 3D contact backend	2026-10-06T00:52:17.3030963Z     0.0,
checks (3.12)	Build pinned Float64 3D contact backend	2026-10-06T00:52:17.3031127Z     0.00608784950901839,
checks (3.12)	Build pinned Float64 3D contact backend	2026-10-06T00:52:17.3031321Z     0.0,
checks (3.12)	Build pinned Float64 3D contact backend	2026-10-06T00:52:17.3031484Z     0.0,
checks (3.12)	Build pinned Float64 3D contact backend	2026-10-06T00:52:17.3031919Z     0.0,
checks (3.12)	Build pinned Float64 3D contact backend	2026-10-06T00:52:17.3032148Z     0.0,
checks (3.12)	Build pinned Float64 3D contact backend	2026-10-06T00:52:17.3032310Z     0.0,
checks (3.12)	Build pinned Float64 3D contact backend	2026-10-06T00:52:17.3032467Z     0.0,
checks (3.12)	Build pinned Float64 3D contact backend	2026-10-06T00:52:17.3032629Z     0.0,
checks (3.12)	Build pinned Float64 3D contact backend	2026-10-06T00:52:17.3032788Z     0.0,
checks (3.12)	Build pinned Float64 3D contact backend	2026-10-06T00:52:17.3032947Z     0.0,
checks (3.12)	Build pinned Float64 3D contact backend	2026-10-06T00:52:17.3033105Z     0.0,
checks (3.12)	Build pinned Float64 3D contact backend	2026-10-06T00:52:17.3033262Z     0.0,
checks (3.12)	Build pinned Float64 3D contact backend	2026-10-06T00:52:17.3033429Z     0.0031403779609014064,
checks (3.12)	Build pinned Float64 3D contact backend	2026-10-06T00:52:17.3033634Z     0.0,
checks (3.12)	Build pinned Float64 3D contact backend	2026-10-06T00:52:17.3033792Z     0.0,
checks (3.12)	Build pinned Float64 3D contact backend	2026-10-06T00:52:17.3033955Z     0.0,
checks (3.12)	Build pinned Float64 3D contact backend	2026-10-06T00:52:17.3034112Z     0.0,
checks (3.12)	Build pinned Float64 3D contact backend	2026-10-06T00:52:17.3034268Z     0.0,
checks (3.12)	Build pinned Float64 3D contact backend	2026-10-06T00:52:17.3034425Z     0.0,
checks (3.12)	Build pinned Float64 3D contact backend	2026-10-06T00:52:17.3034589Z     0.0005133231611364576,
checks (3.12)	Build pinned Float64 3D contact backend	2026-10-06T00:52:17.3034787Z     0.0,
checks (3.12)	Build pinned Float64 3D contact backend	2026-10-06T00:52:17.3034948Z     0.0,
checks (3.12)	Build pinned Float64 3D contact backend	2026-10-06T00:52:17.3035107Z     0.0,
checks (3.12)	Build pinned Float64 3D contact backend	2026-10-06T00:52:17.3035268Z     0.0,
checks (3.12)	Build pinned Float64 3D contact backend	2026-10-06T00:52:17.3035424Z     0.0,
checks (3.12)	Build pinned Float64 3D contact backend	2026-10-06T00:52:17.3035581Z     0.0,
checks (3.12)	Build pinned Float64 3D contact backend	2026-10-06T00:52:17.3035740Z     0.0,
checks (3.12)	Build pinned Float64 3D contact backend	2026-10-06T00:52:17.3035898Z     0.0,
checks (3.12)	Build pinned Float64 3D contact backend	2026-10-06T00:52:17.3036060Z     0.0,
checks (3.12)	Build pinned Float64 3D contact backend	2026-10-06T00:52:17.3036218Z     0.0,
checks (3.12)	Build pinned Float64 3D contact backend	2026-10-06T00:52:17.3036375Z     0.0,
checks (3.12)	Build pinned Float64 3D contact backend	2026-10-06T00:52:17.3036530Z     0.0,
checks (3.12)	Build pinned Float64 3D contact backend	2026-10-06T00:52:17.3036686Z     0.0,
checks (3.12)	Build pinned Float64 3D contact backend	2026-10-06T00:52:17.3036849Z     0.0,
checks (3.12)	Build pinned Float64 3D contact backend	2026-10-06T00:52:17.3037015Z     0.0005100244482359851,
checks (3.12)	Build pinned Float64 3D contact backend	2026-10-06T00:52:17.3037209Z     0.0,
checks (3.12)	Build pinned Float64 3D contact backend	2026-10-06T00:52:17.3037370Z     0.0,
checks (3.12)	Build pinned Float64 3D contact backend	2026-10-06T00:52:17.3037529Z     0.0,
checks (3.12)	Build pinned Float64 3D contact backend	2026-10-06T00:52:17.3037687Z     0.0,
checks (3.12)	Build pinned Float64 3D contact backend	2026-10-06T00:52:17.3037849Z     0.0010207788345357005,
checks (3.12)	Build pinned Float64 3D contact backend	2026-10-06T00:52:17.3038049Z     0.0,
checks (3.12)	Build pinned Float64 3D contact backend	2026-10-06T00:52:17.3038211Z     0.0,
checks (3.12)	Build pinned Float64 3D contact backend	2026-10-06T00:52:17.3038369Z     0.0,
checks (3.12)	Build pinned Float64 3D contact backend	2026-10-06T00:52:17.3038526Z     0.0,
checks (3.12)	Build pinned Float64 3D contact backend	2026-10-06T00:52:17.3038686Z     0.0,
checks (3.12)	Build pinned Float64 3D contact backend	2026-10-06T00:52:17.3038846Z     0.0,
checks (3.12)	Build pinned Float64 3D contact backend	2026-10-06T00:52:17.3039004Z     0.0,
checks (3.12)	Build pinned Float64 3D contact backend	2026-10-06T00:52:17.3039164Z     0.0,
checks (3.12)	Build pinned Float64 3D contact backend	2026-10-06T00:52:17.3039322Z     0.0,
checks (3.12)	Build pinned Float64 3D contact backend	2026-10-06T00:52:17.3039484Z     0.0,
checks (3.12)	Build pinned Float64 3D contact backend	2026-10-06T00:52:17.3039643Z     0.0,
checks (3.12)	Build pinned Float64 3D contact backend	2026-10-06T00:52:17.3039800Z     0.0,
checks (3.12)	Build pinned Float64 3D contact backend	2026-10-06T00:52:17.3039959Z     0.0,
checks (3.12)	Build pinned Float64 3D contact backend	2026-10-06T00:52:17.3040125Z     0.0,
checks (3.12)	Build pinned Float64 3D contact backend	2026-10-06T00:52:17.3040282Z     0.0,
checks (3.12)	Build pinned Float64 3D contact backend	2026-10-06T00:52:17.3040441Z     0.0,
checks (3.12)	Build pinned Float64 3D contact backend	2026-10-06T00:52:17.3040598Z     0.0,
checks (3.12)	Build pinned Float64 3D contact backend	2026-10-06T00:52:17.3040756Z     0.0,
checks (3.12)	Build pinned Float64 3D contact backend	2026-10-06T00:52:17.3040914Z     0.0,
checks (3.12)	Build pinned Float64 3D contact backend	2026-10-06T00:52:17.3041215Z     0.0,
checks (3.12)	Build pinned Float64 3D contact backend	2026-10-06T00:52:17.3041372Z     0.0,
checks (3.12)	Build pinned Float64 3D contact backend	2026-10-06T00:52:17.3041528Z     0.0,
checks (3.12)	Build pinned Float64 3D contact backend	2026-10-06T00:52:17.3042001Z     1.347078201351384e-05,
checks (3.12)	Build pinned Float64 3D contact backend	2026-10-06T00:52:17.3042263Z     0.0,
checks (3.12)	Build pinned Float64 3D contact backend	2026-10-06T00:52:17.3042426Z     0.0,
checks (3.12)	Build pinned Float64 3D contact backend	2026-10-06T00:52:17.3042589Z     0.0,
checks (3.12)	Build pinned Float64 3D contact backend	2026-10-06T00:52:17.3042744Z     0.0,
checks (3.12)	Build pinned Float64 3D contact backend	2026-10-06T00:52:17.3042901Z     0.0,
checks (3.12)	Build pinned Float64 3D contact backend	2026-10-06T00:52:17.3043056Z     0.0,
checks (3.12)	Build pinned Float64 3D contact backend	2026-10-06T00:52:17.3043212Z     0.0,
checks (3.12)	Build pinned Float64 3D contact backend	2026-10-06T00:52:17.3043371Z     0.0,
checks (3.12)	Build pinned Float64 3D contact backend	2026-10-06T00:52:17.3043531Z     0.0,
checks (3.12)	Build pinned Float64 3D contact backend	2026-10-06T00:52:17.3043690Z     0.0,
checks (3.12)	Build pinned Float64 3D contact backend	2026-10-06T00:52:17.3043848Z     0.0,
checks (3.12)	Build pinned Float64 3D contact backend	2026-10-06T00:52:17.3044009Z     0.0,
checks (3.12)	Build pinned Float64 3D contact backend	2026-10-06T00:52:17.3044174Z     0.0,
checks (3.12)	Build pinned Float64 3D contact backend	2026-10-06T00:52:17.3044332Z     0.0,
checks (3.12)	Build pinned Float64 3D contact backend	2026-10-06T00:52:17.3044489Z     0.0,
checks (3.12)	Build pinned Float64 3D contact backend	2026-10-06T00:52:17.3044658Z     0.0,
checks (3.12)	Build pinned Float64 3D contact backend	2026-10-06T00:52:17.3044818Z     0.0,
checks (3.12)	Build pinned Float64 3D contact backend	2026-10-06T00:52:17.3045085Z     0.0,
checks (3.12)	Build pinned Float64 3D contact backend	2026-10-06T00:52:17.3045249Z     0.0,
checks (3.12)	Build pinned Float64 3D contact backend	2026-10-06T00:52:17.3045408Z     0.0,
checks (3.12)	Build pinned Float64 3D contact backend	2026-10-06T00:52:17.3045567Z     0.0,
checks (3.12)	Build pinned Float64 3D contact backend	2026-10-06T00:52:17.3045723Z     0.0,
checks (3.12)	Build pinned Float64 3D contact backend	2026-10-06T00:52:17.3045886Z     0.0,
checks (3.12)	Build pinned Float64 3D contact backend	2026-10-06T00:52:17.3046043Z     0.0,
checks (3.12)	Build pinned Float64 3D contact backend	2026-10-06T00:52:17.3046200Z     0.0,
checks (3.12)	Build pinned Float64 3D contact backend	2026-10-06T00:52:17.3046359Z     0.0,
checks (3.12)	Build pinned Float64 3D contact backend	2026-10-06T00:52:17.3046513Z     0.0,
checks (3.12)	Build pinned Float64 3D contact backend	2026-10-06T00:52:17.3046670Z     0.0,
checks (3.12)	Build pinned Float64 3D contact backend	2026-10-06T00:52:17.3046842Z     0.007398927286892882,
checks (3.12)	Build pinned Float64 3D contact backend	2026-10-06T00:52:17.3047046Z     0.0,
checks (3.12)	Build pinned Float64 3D contact backend	2026-10-06T00:52:17.3047215Z     0.00019463063524277318,
checks (3.12)	Build pinned Float64 3D contact backend	2026-10-06T00:52:17.3047420Z     0.0,
checks (3.12)	Build pinned Float64 3D contact backend	2026-10-06T00:52:17.3047585Z     0.0,
checks (3.12)	Build pinned Float64 3D contact backend	2026-10-06T00:52:17.3047743Z     0.0,
checks (3.12)	Build pinned Float64 3D contact backend	2026-10-06T00:52:17.3047899Z     0.0,
checks (3.12)	Build pinned Float64 3D contact backend	2026-10-06T00:52:17.3048055Z     0.0,
checks (3.12)	Build pinned Float64 3D contact backend	2026-10-06T00:52:17.3048213Z     0.0,
checks (3.12)	Build pinned Float64 3D contact backend	2026-10-06T00:52:17.3048372Z     0.0,
checks (3.12)	Build pinned Float64 3D contact backend	2026-10-06T00:52:17.3048670Z     0.0,
checks (3.12)	Build pinned Float64 3D contact backend	2026-10-06T00:52:17.3048831Z     0.0,
checks (3.12)	Build pinned Float64 3D contact backend	2026-10-06T00:52:17.3048996Z     0.0,
checks (3.12)	Build pinned Float64 3D contact backend	2026-10-06T00:52:17.3049156Z     0.0,
checks (3.12)	Build pinned Float64 3D contact backend	2026-10-06T00:52:17.3049315Z     0.0,
checks (3.12)	Build pinned Float64 3D contact backend	2026-10-06T00:52:17.3049475Z     0.0,
checks (3.12)	Build pinned Float64 3D contact backend	2026-10-06T00:52:17.3049634Z     0.0,
checks (3.12)	Build pinned Float64 3D contact backend	2026-10-06T00:52:17.3049795Z     0.0,
checks (3.12)	Build pinned Float64 3D contact backend	2026-10-06T00:52:17.3049955Z     0.0,
checks (3.12)	Build pinned Float64 3D contact backend	2026-10-06T00:52:17.3050112Z     0.0,
checks (3.12)	Build pinned Float64 3D contact backend	2026-10-06T00:52:17.3050282Z     0.0,
checks (3.12)	Build pinned Float64 3D contact backend	2026-10-06T00:52:17.3050446Z     0.0,
checks (3.12)	Build pinned Float64 3D contact backend	2026-10-06T00:52:17.3050605Z     0.0,
checks (3.12)	Build pinned Float64 3D contact backend	2026-10-06T00:52:17.3050766Z     0.0,
checks (3.12)	Build pinned Float64 3D contact backend	2026-10-06T00:52:17.3050923Z     0.0,
checks (3.12)	Build pinned Float64 3D contact backend	2026-10-06T00:52:17.3051098Z     0.0,
checks (3.12)	Build pinned Float64 3D contact backend	2026-10-06T00:52:17.3051261Z     0.0,
checks (3.12)	Build pinned Float64 3D contact backend	2026-10-06T00:52:17.3051424Z     0.0,
checks (3.12)	Build pinned Float64 3D contact backend	2026-10-06T00:52:17.3051587Z     0.0,
checks (3.12)	Build pinned Float64 3D contact backend	2026-10-06T00:52:17.3052021Z     0.0,
checks (3.12)	Build pinned Float64 3D contact backend	2026-10-06T00:52:17.3052193Z     0.0,
checks (3.12)	Build pinned Float64 3D contact backend	2026-10-06T00:52:17.3052354Z     0.0,
checks (3.12)	Build pinned Float64 3D contact backend	2026-10-06T00:52:17.3052515Z     0.0,
checks (3.12)	Build pinned Float64 3D contact backend	2026-10-06T00:52:17.3052677Z     0.0,
checks (3.12)	Build pinned Float64 3D contact backend	2026-10-06T00:52:17.3052884Z     0.0,
checks (3.12)	Build pinned Float64 3D contact backend	2026-10-06T00:52:17.3053145Z     0.0,
checks (3.12)	Build pinned Float64 3D contact backend	2026-10-06T00:52:17.3053537Z     0.0,
checks (3.12)	Build pinned Float64 3D contact backend	2026-10-06T00:52:17.3053856Z     0.0,
checks (3.12)	Build pinned Float64 3D contact backend	2026-10-06T00:52:17.3054102Z     0.0,
checks (3.12)	Build pinned Float64 3D contact backend	2026-10-06T00:52:17.3054419Z     0.0,
checks (3.12)	Build pinned Float64 3D contact backend	2026-10-06T00:52:17.3054699Z     7.94098293644701e-05,
checks (3.12)	Build pinned Float64 3D contact backend	2026-10-06T00:52:17.3055117Z     0.0,
checks (3.12)	Build pinned Float64 3D contact backend	2026-10-06T00:52:17.3055380Z     0.0,
checks (3.12)	Build pinned Float64 3D contact backend	2026-10-06T00:52:17.3055624Z     0.0,
checks (3.12)	Build pinned Float64 3D contact backend	2026-10-06T00:52:17.3065319Z     0.0,
checks (3.12)	Build pinned Float64 3D contact backend	2026-10-06T00:52:17.3065662Z     0.0,
checks (3.12)	Build pinned Float64 3D contact backend	2026-10-06T00:52:17.3065925Z     0.0,
checks (3.12)	Build pinned Float64 3D contact backend	2026-10-06T00:52:17.3066109Z     0.0,
checks (3.12)	Build pinned Float64 3D contact backend	2026-10-06T00:52:17.3066286Z     0.0,
checks (3.12)	Build pinned Float64 3D contact backend	2026-10-06T00:52:17.3066465Z     0.0003407525359966948,
checks (3.12)	Build pinned Float64 3D contact backend	2026-10-06T00:52:17.3066692Z     0.0,
checks (3.12)	Build pinned Float64 3D contact backend	2026-10-06T00:52:17.3066869Z     0.0,
checks (3.12)	Build pinned Float64 3D contact backend	2026-10-06T00:52:17.3067057Z     5.378609793038456e-05,
checks (3.12)	Build pinned Float64 3D contact backend	2026-10-06T00:52:17.3067269Z     0.0,
checks (3.12)	Build pinned Float64 3D contact backend	2026-10-06T00:52:17.3067433Z     0.0,
checks (3.12)	Build pinned Float64 3D contact backend	2026-10-06T00:52:17.3067594Z     0.0,
checks (3.12)	Build pinned Float64 3D contact backend	2026-10-06T00:52:17.3067764Z     0.0002077203815637257,
checks (3.12)	Build pinned Float64 3D contact backend	2026-10-06T00:52:17.3067966Z     0.0,
checks (3.12)	Build pinned Float64 3D contact backend	2026-10-06T00:52:17.3068129Z     0.0,
checks (3.12)	Build pinned Float64 3D contact backend	2026-10-06T00:52:17.3068295Z     0.0,
checks (3.12)	Build pinned Float64 3D contact backend	2026-10-06T00:52:17.3068455Z     0.0,
checks (3.12)	Build pinned Float64 3D contact backend	2026-10-06T00:52:17.3068616Z     0.0,
checks (3.12)	Build pinned Float64 3D contact backend	2026-10-06T00:52:17.3068778Z     0.0,
checks (3.12)	Build pinned Float64 3D contact backend	2026-10-06T00:52:17.3068946Z     0.0,
checks (3.12)	Build pinned Float64 3D contact backend	2026-10-06T00:52:17.3069113Z     0.0,
checks (3.12)	Build pinned Float64 3D contact backend	2026-10-06T00:52:17.3069277Z     0.0,
checks (3.12)	Build pinned Float64 3D contact backend	2026-10-06T00:52:17.3069448Z     0.016507522698350752,
checks (3.12)	Build pinned Float64 3D contact backend	2026-10-06T00:52:17.3069650Z     0.0,
checks (3.12)	Build pinned Float64 3D contact backend	2026-10-06T00:52:17.3069812Z     0.0,
checks (3.12)	Build pinned Float64 3D contact backend	2026-10-06T00:52:17.3069973Z     0.0,
checks (3.12)	Build pinned Float64 3D contact backend	2026-10-06T00:52:17.3070138Z     0.0,
checks (3.12)	Build pinned Float64 3D contact backend	2026-10-06T00:52:17.3070305Z     0.0,
checks (3.12)	Build pinned Float64 3D contact backend	2026-10-06T00:52:17.3070656Z     0.0,
checks (3.12)	Build pinned Float64 3D contact backend	2026-10-06T00:52:17.3070826Z     0.0,
checks (3.12)	Build pinned Float64 3D contact backend	2026-10-06T00:52:17.3070989Z     0.0,
checks (3.12)	Build pinned Float64 3D contact backend	2026-10-06T00:52:17.3071150Z     0.0,
checks (3.12)	Build pinned Float64 3D contact backend	2026-10-06T00:52:17.3071315Z     0.0,
checks (3.12)	Build pinned Float64 3D contact backend	2026-10-06T00:52:17.3071487Z     0.0,
checks (3.12)	Build pinned Float64 3D contact backend	2026-10-06T00:52:17.3071894Z     0.00011833066053579427,
checks (3.12)	Build pinned Float64 3D contact backend	2026-10-06T00:52:17.3072177Z     0.0,
checks (3.12)	Build pinned Float64 3D contact backend	2026-10-06T00:52:17.3072345Z     0.0,
checks (3.12)	Build pinned Float64 3D contact backend	2026-10-06T00:52:17.3072512Z     0.0,
checks (3.12)	Build pinned Float64 3D contact backend	2026-10-06T00:52:17.3072674Z     0.0,
checks (3.12)	Build pinned Float64 3D contact backend	2026-10-06T00:52:17.3072838Z     0.0,
checks (3.12)	Build pinned Float64 3D contact backend	2026-10-06T00:52:17.3073003Z     0.0,
checks (3.12)	Build pinned Float64 3D contact backend	2026-10-06T00:52:17.3073166Z     0.0,
checks (3.12)	Build pinned Float64 3D contact backend	2026-10-06T00:52:17.3073329Z     0.0,
checks (3.12)	Build pinned Float64 3D contact backend	2026-10-06T00:52:17.3073555Z     0.0,
checks (3.12)	Build pinned Float64 3D contact backend	2026-10-06T00:52:17.3073718Z     0.0,
checks (3.12)	Build pinned Float64 3D contact backend	2026-10-06T00:52:17.3073889Z     0.0,
checks (3.12)	Build pinned Float64 3D contact backend	2026-10-06T00:52:17.3074059Z     0.0002649360195277448,
checks (3.12)	Build pinned Float64 3D contact backend	2026-10-06T00:52:17.3074267Z     0.0,
checks (3.12)	Build pinned Float64 3D contact backend	2026-10-06T00:52:17.3074431Z     0.0,
checks (3.12)	Build pinned Float64 3D contact backend	2026-10-06T00:52:17.3074593Z     0.0,
checks (3.12)	Build pinned Float64 3D contact backend	2026-10-06T00:52:17.3074755Z     0.0,
checks (3.12)	Build pinned Float64 3D contact backend	2026-10-06T00:52:17.3074916Z     0.0,
checks (3.12)	Build pinned Float64 3D contact backend	2026-10-06T00:52:17.3075078Z     0.0,
checks (3.12)	Build pinned Float64 3D contact backend	2026-10-06T00:52:17.3075240Z     0.0,
checks (3.12)	Build pinned Float64 3D contact backend	2026-10-06T00:52:17.3075405Z     0.0,
checks (3.12)	Build pinned Float64 3D contact backend	2026-10-06T00:52:17.3075566Z     0.0,
checks (3.12)	Build pinned Float64 3D contact backend	2026-10-06T00:52:17.3075730Z     0.0,
checks (3.12)	Build pinned Float64 3D contact backend	2026-10-06T00:52:17.3075928Z     0.0,
checks (3.12)	Build pinned Float64 3D contact backend	2026-10-06T00:52:17.3076101Z     0.0,
checks (3.12)	Build pinned Float64 3D contact backend	2026-10-06T00:52:17.3076263Z     0.0,
checks (3.12)	Build pinned Float64 3D contact backend	2026-10-06T00:52:17.3076429Z     0.0,
checks (3.12)	Build pinned Float64 3D contact backend	2026-10-06T00:52:17.3076590Z     0.0,
checks (3.12)	Build pinned Float64 3D contact backend	2026-10-06T00:52:17.3076758Z     0.0002987737016970364,
checks (3.12)	Build pinned Float64 3D contact backend	2026-10-06T00:52:17.3076957Z     0.0,
checks (3.12)	Build pinned Float64 3D contact backend	2026-10-06T00:52:17.3077119Z     0.0,
checks (3.12)	Build pinned Float64 3D contact backend	2026-10-06T00:52:17.3077279Z     0.0,
checks (3.12)	Build pinned Float64 3D contact backend	2026-10-06T00:52:17.3077440Z     0.0,
checks (3.12)	Build pinned Float64 3D contact backend	2026-10-06T00:52:17.3077601Z     0.0,
checks (3.12)	Build pinned Float64 3D contact backend	2026-10-06T00:52:17.3077768Z     0.0,
checks (3.12)	Build pinned Float64 3D contact backend	2026-10-06T00:52:17.3077931Z     0.0,
checks (3.12)	Build pinned Float64 3D contact backend	2026-10-06T00:52:17.3078098Z     0.0,
checks (3.12)	Build pinned Float64 3D contact backend	2026-10-06T00:52:17.3078407Z     0.0,
checks (3.12)	Build pinned Float64 3D contact backend	2026-10-06T00:52:17.3078566Z     0.0,
checks (3.12)	Build pinned Float64 3D contact backend	2026-10-06T00:52:17.3078728Z     0.0,
checks (3.12)	Build pinned Float64 3D contact backend	2026-10-06T00:52:17.3078889Z     0.0,
checks (3.12)	Build pinned Float64 3D contact backend	2026-10-06T00:52:17.3079058Z     0.0011621030157620213,
checks (3.12)	Build pinned Float64 3D contact backend	2026-10-06T00:52:17.3079256Z     0.0,
checks (3.12)	Build pinned Float64 3D contact backend	2026-10-06T00:52:17.3079417Z     0.0,
checks (3.12)	Build pinned Float64 3D contact backend	2026-10-06T00:52:17.3079579Z     0.0,
checks (3.12)	Build pinned Float64 3D contact backend	2026-10-06T00:52:17.3079741Z     0.0,
checks (3.12)	Build pinned Float64 3D contact backend	2026-10-06T00:52:17.3079908Z     0.0,
checks (3.12)	Build pinned Float64 3D contact backend	2026-10-06T00:52:17.3080072Z     0.0,
checks (3.12)	Build pinned Float64 3D contact backend	2026-10-06T00:52:17.3080233Z     0.0,
checks (3.12)	Build pinned Float64 3D contact backend	2026-10-06T00:52:17.3080411Z     0.0,
checks (3.12)	Build pinned Float64 3D contact backend	2026-10-06T00:52:17.3080572Z     0.0,
checks (3.12)	Build pinned Float64 3D contact backend	2026-10-06T00:52:17.3080734Z     0.0,
checks (3.12)	Build pinned Float64 3D contact backend	2026-10-06T00:52:17.3080896Z     0.0,
checks (3.12)	Build pinned Float64 3D contact backend	2026-10-06T00:52:17.3081057Z     0.0,
checks (3.12)	Build pinned Float64 3D contact backend	2026-10-06T00:52:17.3081221Z     0.0,
checks (3.12)	Build pinned Float64 3D contact backend	2026-10-06T00:52:17.3081384Z     0.0,
checks (3.12)	Build pinned Float64 3D contact backend	2026-10-06T00:52:17.3081546Z     0.0,
checks (3.12)	Build pinned Float64 3D contact backend	2026-10-06T00:52:17.3081999Z     0.0,
checks (3.12)	Build pinned Float64 3D contact backend	2026-10-06T00:52:17.3082171Z     0.0,
checks (3.12)	Build pinned Float64 3D contact backend	2026-10-06T00:52:17.3082335Z     0.0,
checks (3.12)	Build pinned Float64 3D contact backend	2026-10-06T00:52:17.3082499Z     0.0,
checks (3.12)	Build pinned Float64 3D contact backend	2026-10-06T00:52:17.3082661Z     0.0,
checks (3.12)	Build pinned Float64 3D contact backend	2026-10-06T00:52:17.3082830Z     0.0,
checks (3.12)	Build pinned Float64 3D contact backend	2026-10-06T00:52:17.3083000Z     0.0,
checks (3.12)	Build pinned Float64 3D contact backend	2026-10-06T00:52:17.3083162Z     0.0,
checks (3.12)	Build pinned Float64 3D contact backend	2026-10-06T00:52:17.3083324Z     0.0
checks (3.12)	Build pinned Float64 3D contact backend	2026-10-06T00:52:17.3083491Z   ],
checks (3.12)	Build pinned Float64 3D contact backend	2026-10-06T00:52:17.3083722Z   "passive_change_bound_J": -0.0003740848614625403,
checks (3.12)	Build pinned Float64 3D contact backend	2026-10-06T00:52:17.3084037Z   "passivity_scale": 1.0007481697229252,
checks (3.12)	Build pinned Float64 3D contact backend	2026-10-06T00:52:17.3084306Z   "stats": {
checks (3.12)	Build pinned Float64 3D contact backend	2026-10-06T00:52:17.3084509Z     "budget_rejections": 0,
checks (3.12)	Build pinned Float64 3D contact backend	2026-10-06T00:52:17.3084746Z     "null_steps": 0,
checks (3.12)	Build pinned Float64 3D contact backend	2026-10-06T00:52:17.3084953Z     "range_steps": 2,
checks (3.12)	Build pinned Float64 3D contact backend	2026-10-06T00:52:17.3085164Z     "states": 3,
checks (3.12)	Build pinned Float64 3D contact backend	2026-10-06T00:52:17.3085356Z     "svd_calls": 2,
checks (3.12)	Build pinned Float64 3D contact backend	2026-10-06T00:52:17.3085560Z     "svd_rejections": 0
checks (3.12)	Build pinned Float64 3D contact backend	2026-10-06T00:52:17.3085762Z   },
checks (3.12)	Build pinned Float64 3D contact backend	2026-10-06T00:52:17.3085930Z   "w": [
checks (3.12)	Build pinned Float64 3D contact backend	2026-10-06T00:52:17.3086097Z     521.2252360252446,
checks (3.12)	Build pinned Float64 3D contact backend	2026-10-06T00:52:17.3086303Z     16.41925609492673,
checks (3.12)	Build pinned Float64 3D contact backend	2026-10-06T00:52:17.3086497Z     1992.196317656878,
checks (3.12)	Build pinned Float64 3D contact backend	2026-10-06T00:52:17.3086692Z     1176.7440044809734,
checks (3.12)	Build pinned Float64 3D contact backend	2026-10-06T00:52:17.3086894Z     9.731273605408056,
checks (3.12)	Build pinned Float64 3D contact backend	2026-10-06T00:52:17.3087090Z     917.5637915534408,
checks (3.12)	Build pinned Float64 3D contact backend	2026-10-06T00:52:17.3087294Z     19.6231491950672,
checks (3.12)	Build pinned Float64 3D contact backend	2026-10-06T00:52:17.3087483Z     22.44917497071337,
checks (3.12)	Build pinned Float64 3D contact backend	2026-10-06T00:52:17.3087673Z     0.004737928818425099,
checks (3.12)	Build pinned Float64 3D contact backend	2026-10-06T00:52:17.3087886Z     14.60747476168834,
checks (3.12)	Build pinned Float64 3D contact backend	2026-10-06T00:52:17.3088079Z     2649.899227025322,
checks (3.12)	Build pinned Float64 3D contact backend	2026-10-06T00:52:17.3088291Z     0.0005317778522038932,
checks (3.12)	Build pinned Float64 3D contact backend	2026-10-06T00:52:17.3088503Z     6.505213034913027e-19,
checks (3.12)	Build pinned Float64 3D contact backend	2026-10-06T00:52:17.3088845Z     114.5107744296764,
checks (3.12)	Build pinned Float64 3D contact backend	2026-10-06T00:52:17.3089038Z     618.2198831246542,
checks (3.12)	Build pinned Float64 3D contact backend	2026-10-06T00:52:17.3089227Z     61.3774808192311,
checks (3.12)	Build pinned Float64 3D contact backend	2026-10-06T00:52:17.3089414Z     144.5698001305865,
checks (3.12)	Build pinned Float64 3D contact backend	2026-10-06T00:52:17.3089605Z     3893.509985350028,
checks (3.12)	Build pinned Float64 3D contact backend	2026-10-06T00:52:17.3089795Z     457.9263830267951,
checks (3.12)	Build pinned Float64 3D contact backend	2026-10-06T00:52:17.3089993Z     -4.607859233063394e-19,
checks (3.12)	Build pinned Float64 3D contact backend	2026-10-06T00:52:17.3090205Z     1067.9693747424253,
checks (3.12)	Build pinned Float64 3D contact backend	2026-10-06T00:52:17.3090398Z     3859.875304213451,
checks (3.12)	Build pinned Float64 3D contact backend	2026-10-06T00:52:17.3090587Z     1223.03841401575,
checks (3.12)	Build pinned Float64 3D contact backend	2026-10-06T00:52:17.3090772Z     5507.705310949302,
checks (3.12)	Build pinned Float64 3D contact backend	2026-10-06T00:52:17.3090957Z     98.80562845502726,
checks (3.12)	Build pinned Float64 3D contact backend	2026-10-06T00:52:17.3091148Z     39.8868805994255,
checks (3.12)	Build pinned Float64 3D contact backend	2026-10-06T00:52:17.3091336Z     0.014966416446373667,
checks (3.12)	Build pinned Float64 3D contact backend	2026-10-06T00:52:17.3091534Z     0.0,
checks (3.12)	Build pinned Float64 3D contact backend	2026-10-06T00:52:17.3091935Z     91.5646624733396,
checks (3.12)	Build pinned Float64 3D contact backend	2026-10-06T00:52:17.3092142Z     -2.710505431213761e-20,
checks (3.12)	Build pinned Float64 3D contact backend	2026-10-06T00:52:17.3092363Z     0.26861690700291735,
checks (3.12)	Build pinned Float64 3D contact backend	2026-10-06T00:52:17.3092565Z     2089.076033139217,
checks (3.12)	Build pinned Float64 3D contact backend	2026-10-06T00:52:17.3092758Z     0.012139888422539548,
checks (3.12)	Build pinned Float64 3D contact backend	2026-10-06T00:52:17.3092964Z     5755.791216754772,
checks (3.12)	Build pinned Float64 3D contact backend	2026-10-06T00:52:17.3093154Z     52.74584097621115,
checks (3.12)	Build pinned Float64 3D contact backend	2026-10-06T00:52:17.3093347Z     113.76158777149294,
checks (3.12)	Build pinned Float64 3D contact backend	2026-10-06T00:52:17.3093563Z     3393.130731327622,
checks (3.12)	Build pinned Float64 3D contact backend	2026-10-06T00:52:17.3093760Z     3.427664232447114e-07,
checks (3.12)	Build pinned Float64 3D contact backend	2026-10-06T00:52:17.3093965Z     0.03205041025723541,
checks (3.12)	Build pinned Float64 3D contact backend	2026-10-06T00:52:17.3094174Z     0.044233510029343275,
checks (3.12)	Build pinned Float64 3D contact backend	2026-10-06T00:52:17.3094400Z     238.39754636036318,
checks (3.12)	Build pinned Float64 3D contact backend	2026-10-06T00:52:17.3094596Z     17.0990358551559,
checks (3.12)	Build pinned Float64 3D contact backend	2026-10-06T00:52:17.3094782Z     32.86527602295403,
checks (3.12)	Build pinned Float64 3D contact backend	2026-10-06T00:52:17.3094969Z     0.537289050072017,
checks (3.12)	Build pinned Float64 3D contact backend	2026-10-06T00:52:17.3095165Z     0.024748550709763197,
checks (3.12)	Build pinned Float64 3D contact backend	2026-10-06T00:52:17.3095498Z     3.3537007586401275e-07,
checks (3.12)	Build pinned Float64 3D contact backend	2026-10-06T00:52:17.3095708Z     -1.951563910473908e-18,
checks (3.12)	Build pinned Float64 3D contact backend	2026-10-06T00:52:17.3095912Z     27.72749199823874,
checks (3.12)	Build pinned Float64 3D contact backend	2026-10-06T00:52:17.3096100Z     527.1419130899113,
checks (3.12)	Build pinned Float64 3D contact backend	2026-10-06T00:52:17.3096287Z     4757.99648160964,
checks (3.12)	Build pinned Float64 3D contact backend	2026-10-06T00:52:17.3096473Z     430.81725028925325,
checks (3.12)	Build pinned Float64 3D contact backend	2026-10-06T00:52:17.3096663Z     3127.005242375665,
checks (3.12)	Build pinned Float64 3D contact backend	2026-10-06T00:52:17.3096852Z     3225.3427390841157,
checks (3.12)	Build pinned Float64 3D contact backend	2026-10-06T00:52:17.3097041Z     1171.3950875491798,
checks (3.12)	Build pinned Float64 3D contact backend	2026-10-06T00:52:17.3097229Z     283.2635401791133,
checks (3.12)	Build pinned Float64 3D contact backend	2026-10-06T00:52:17.3097429Z     -5.963111948670274e-19,
checks (3.12)	Build pinned Float64 3D contact backend	2026-10-06T00:52:17.3097635Z     187.51314082073563,
checks (3.12)	Build pinned Float64 3D contact backend	2026-10-06T00:52:17.3097825Z     16.537244414724363,
checks (3.12)	Build pinned Float64 3D contact backend	2026-10-06T00:52:17.3098012Z     4759.814898926625,
checks (3.12)	Build pinned Float64 3D contact backend	2026-10-06T00:52:17.3098206Z     9.870728047955222e-05,
checks (3.12)	Build pinned Float64 3D contact backend	2026-10-06T00:52:17.3098413Z     178.05512047377428,
checks (3.12)	Build pinned Float64 3D contact backend	2026-10-06T00:52:17.3098605Z     5939.586555093233,
checks (3.12)	Build pinned Float64 3D contact backend	2026-10-06T00:52:17.3098797Z     0.09438561129402202,
checks (3.12)	Build pinned Float64 3D contact backend	2026-10-06T00:52:17.3098997Z     6.938893903907228e-18,
checks (3.12)	Build pinned Float64 3D contact backend	2026-10-06T00:52:17.3099204Z     1246.742324085603,
checks (3.12)	Build pinned Float64 3D contact backend	2026-10-06T00:52:17.3099393Z     90.76848187448515,
checks (3.12)	Build pinned Float64 3D contact backend	2026-10-06T00:52:17.3099586Z     2861.855066670464,
checks (3.12)	Build pinned Float64 3D contact backend	2026-10-06T00:52:17.3099772Z     711.5988904530058,
checks (3.12)	Build pinned Float64 3D contact backend	2026-10-06T00:52:17.3099959Z     0.5531359182849441,
checks (3.12)	Build pinned Float64 3D contact backend	2026-10-06T00:52:17.3100148Z     39.16971034999498,
checks (3.12)	Build pinned Float64 3D contact backend	2026-10-06T00:52:17.3100334Z     209.44571379616855,
checks (3.12)	Build pinned Float64 3D contact backend	2026-10-06T00:52:17.3100528Z     912.6422909470828,
checks (3.12)	Build pinned Float64 3D contact backend	2026-10-06T00:52:17.3100714Z     4619.635289730704,
checks (3.12)	Build pinned Float64 3D contact backend	2026-10-06T00:52:17.3100900Z     1056.3887529371689,
checks (3.12)	Build pinned Float64 3D contact backend	2026-10-06T00:52:17.3101096Z     -5.963111948670274e-19,
checks (3.12)	Build pinned Float64 3D contact backend	2026-10-06T00:52:17.3101300Z     179.78118235601795,
checks (3.12)	Build pinned Float64 3D contact backend	2026-10-06T00:52:17.3101495Z     3.8450433615701274e-08,
checks (3.12)	Build pinned Float64 3D contact backend	2026-10-06T00:52:17.3101960Z     2.7964758776020428e-05,
checks (3.12)	Build pinned Float64 3D contact backend	2026-10-06T00:52:17.3102182Z     8.673617379884035e-19,
checks (3.12)	Build pinned Float64 3D contact backend	2026-10-06T00:52:17.3102389Z     9.816976164270241e-10,
checks (3.12)	Build pinned Float64 3D contact backend	2026-10-06T00:52:17.3102592Z     938.1812104083137,
checks (3.12)	Build pinned Float64 3D contact backend	2026-10-06T00:52:17.3102781Z     10.298715201540224,
checks (3.12)	Build pinned Float64 3D contact backend	2026-10-06T00:52:17.3102971Z     25.459387936756247,
checks (3.12)	Build pinned Float64 3D contact backend	2026-10-06T00:52:17.3103168Z     38.031226064494795,
checks (3.12)	Build pinned Float64 3D contact backend	2026-10-06T00:52:17.3103355Z     30.067963126419436,
checks (3.12)	Build pinned Float64 3D contact backend	2026-10-06T00:52:17.3103541Z     5743.163816523145,
checks (3.12)	Build pinned Float64 3D contact backend	2026-10-06T00:52:17.3103727Z     27.952870617116908,
checks (3.12)	Build pinned Float64 3D contact backend	2026-10-06T00:52:17.3103915Z     998.4998456204104,
checks (3.12)	Build pinned Float64 3D contact backend	2026-10-06T00:52:17.3104102Z     1003.3548275681608,
checks (3.12)	Build pinned Float64 3D contact backend	2026-10-06T00:52:17.3104297Z     0.2543242412436075,
checks (3.12)	Build pinned Float64 3D contact backend	2026-10-06T00:52:17.3104614Z     2558.1596706401406,
checks (3.12)	Build pinned Float64 3D contact backend	2026-10-06T00:52:17.3104801Z     585.894283023656,
checks (3.12)	Build pinned Float64 3D contact backend	2026-10-06T00:52:17.3104988Z     659.6220629852253,
checks (3.12)	Build pinned Float64 3D contact backend	2026-10-06T00:52:17.3105173Z     123.9041081068707,
checks (3.12)	Build pinned Float64 3D contact backend	2026-10-06T00:52:17.3105367Z     -5.421010862427522e-20,
checks (3.12)	Build pinned Float64 3D contact backend	2026-10-06T00:52:17.3105572Z     683.7114541053769,
checks (3.12)	Build pinned Float64 3D contact backend	2026-10-06T00:52:17.3105759Z     5.496054416523644,
checks (3.12)	Build pinned Float64 3D contact backend	2026-10-06T00:52:17.3105950Z     -5.421010862427522e-20,
checks (3.12)	Build pinned Float64 3D contact backend	2026-10-06T00:52:17.3106149Z     0.0,
checks (3.12)	Build pinned Float64 3D contact backend	2026-10-06T00:52:17.3106317Z     0.3462937203541479,
checks (3.12)	Build pinned Float64 3D contact backend	2026-10-06T00:52:17.3106517Z     1.6128995860785998e-05,
checks (3.12)	Build pinned Float64 3D contact backend	2026-10-06T00:52:17.3106724Z     2.09651762877322e-09,
checks (3.12)	Build pinned Float64 3D contact backend	2026-10-06T00:52:17.3106930Z     1.093351930016133e-06,
checks (3.12)	Build pinned Float64 3D contact backend	2026-10-06T00:52:17.3107135Z     8.673617379884035e-19,
checks (3.12)	Build pinned Float64 3D contact backend	2026-10-06T00:52:17.3107338Z     241.83399084256075,
checks (3.12)	Build pinned Float64 3D contact backend	2026-10-06T00:52:17.3107531Z     247.04506505684634,
checks (3.12)	Build pinned Float64 3D contact backend	2026-10-06T00:52:17.3107725Z     8.673617379884035e-19,
checks (3.12)	Build pinned Float64 3D contact backend	2026-10-06T00:52:17.3107926Z     3456.541113912483,
checks (3.12)	Build pinned Float64 3D contact backend	2026-10-06T00:52:17.3108121Z     2276.0048423248586,
checks (3.12)	Build pinned Float64 3D contact backend	2026-10-06T00:52:17.3108317Z     5.086652822932662,
checks (3.12)	Build pinned Float64 3D contact backend	2026-10-06T00:52:17.3108507Z     430.22733392569364,
checks (3.12)	Build pinned Float64 3D contact backend	2026-10-06T00:52:17.3108702Z     2.6080309605584504,
checks (3.12)	Build pinned Float64 3D contact backend	2026-10-06T00:52:17.3108887Z     0.0,
checks (3.12)	Build pinned Float64 3D contact backend	2026-10-06T00:52:17.3109058Z     6.938893903907228e-18,
checks (3.12)	Build pinned Float64 3D contact backend	2026-10-06T00:52:17.3109260Z     0.003349391225879467,
checks (3.12)	Build pinned Float64 3D contact backend	2026-10-06T00:52:17.3109457Z     0.0,
checks (3.12)	Build pinned Float64 3D contact backend	2026-10-06T00:52:17.3109625Z     0.006996601133547046,
checks (3.12)	Build pinned Float64 3D contact backend	2026-10-06T00:52:17.3109824Z     0.0029318420577894525,
checks (3.12)	Build pinned Float64 3D contact backend	2026-10-06T00:52:17.3110021Z     907.8532026153057,
checks (3.12)	Build pinned Float64 3D contact backend	2026-10-06T00:52:17.3110217Z     27.542204842708657,
checks (3.12)	Build pinned Float64 3D contact backend	2026-10-06T00:52:17.3110414Z     0.4461065151369018,
checks (3.12)	Build pinned Float64 3D contact backend	2026-10-06T00:52:17.3110605Z     0.335820005753722,
checks (3.12)	Build pinned Float64 3D contact backend	2026-10-06T00:52:17.3110921Z     0.22356056432715513,
checks (3.12)	Build pinned Float64 3D contact backend	2026-10-06T00:52:17.3111119Z     0.17192697120406628,
checks (3.12)	Build pinned Float64 3D contact backend	2026-10-06T00:52:17.3111315Z     7.287392590023381,
checks (3.12)	Build pinned Float64 3D contact backend	2026-10-06T00:52:17.3111507Z     1514.4120583665242,
checks (3.12)	Build pinned Float64 3D contact backend	2026-10-06T00:52:17.3111959Z     2770.5972307617735,
checks (3.12)	Build pinned Float64 3D contact backend	2026-10-06T00:52:17.3112162Z     5943.420961017241,
checks (3.12)	Build pinned Float64 3D contact backend	2026-10-06T00:52:17.3112352Z     1118.0400266502738,
checks (3.12)	Build pinned Float64 3D contact backend	2026-10-06T00:52:17.3112546Z     2561.7907054925495,
checks (3.12)	Build pinned Float64 3D contact backend	2026-10-06T00:52:17.3112736Z     129.0737710057306,
checks (3.12)	Build pinned Float64 3D contact backend	2026-10-06T00:52:17.3112923Z     39.88321719875902,
checks (3.12)	Build pinned Float64 3D contact backend	2026-10-06T00:52:17.3113109Z     144.79621832854605,
checks (3.12)	Build pinned Float64 3D contact backend	2026-10-06T00:52:17.3113303Z     468.40409691496603,
checks (3.12)	Build pinned Float64 3D contact backend	2026-10-06T00:52:17.3113496Z     0.019254543684678074,
checks (3.12)	Build pinned Float64 3D contact backend	2026-10-06T00:52:17.3113697Z     0.004297905603163167,
checks (3.12)	Build pinned Float64 3D contact backend	2026-10-06T00:52:17.3113897Z     0.008747517401736895,
checks (3.12)	Build pinned Float64 3D contact backend	2026-10-06T00:52:17.3114093Z     1719.7136027177837,
checks (3.12)	Build pinned Float64 3D contact backend	2026-10-06T00:52:17.3114283Z     2208.091603004115,
checks (3.12)	Build pinned Float64 3D contact backend	2026-10-06T00:52:17.3114470Z     1065.859190541369,
checks (3.12)	Build pinned Float64 3D contact backend	2026-10-06T00:52:17.3114655Z     0.0,
checks (3.12)	Build pinned Float64 3D contact backend	2026-10-06T00:52:17.3114822Z     58.43869206983623,
checks (3.12)	Build pinned Float64 3D contact backend	2026-10-06T00:52:17.3115015Z     38.44589654980702,
checks (3.12)	Build pinned Float64 3D contact backend	2026-10-06T00:52:17.3115204Z     27.953151862113522,
checks (3.12)	Build pinned Float64 3D contact backend	2026-10-06T00:52:17.3115398Z     0.0,
checks (3.12)	Build pinned Float64 3D contact backend	2026-10-06T00:52:17.3115566Z     0.001000373523808397,
checks (3.12)	Build pinned Float64 3D contact backend	2026-10-06T00:52:17.3115765Z     446.4990213446353,
checks (3.12)	Build pinned Float64 3D contact backend	2026-10-06T00:52:17.3115951Z     2346.5015027047216,
checks (3.12)	Build pinned Float64 3D contact backend	2026-10-06T00:52:17.3116139Z     5789.733476994334,
checks (3.12)	Build pinned Float64 3D contact backend	2026-10-06T00:52:17.3116329Z     799.8880956318758,
checks (3.12)	Build pinned Float64 3D contact backend	2026-10-06T00:52:17.3116518Z     707.6354879767249,
checks (3.12)	Build pinned Float64 3D contact backend	2026-10-06T00:52:17.3116705Z     268.6373950153049,
checks (3.12)	Build pinned Float64 3D contact backend	2026-10-06T00:52:17.3116890Z     2903.6417612201826,
checks (3.12)	Build pinned Float64 3D contact backend	2026-10-06T00:52:17.3117077Z     5870.304461710992,
checks (3.12)	Build pinned Float64 3D contact backend	2026-10-06T00:52:17.3117263Z     185.78242886942144,
checks (3.12)	Build pinned Float64 3D contact backend	2026-10-06T00:52:17.3117449Z     0.0,
checks (3.12)	Build pinned Float64 3D contact backend	2026-10-06T00:52:17.3117618Z     32.74370101339914,
checks (3.12)	Build pinned Float64 3D contact backend	2026-10-06T00:52:17.3117806Z     1416.1491073093835,
checks (3.12)	Build pinned Float64 3D contact backend	2026-10-06T00:52:17.3117996Z     599.7166619510944,
checks (3.12)	Build pinned Float64 3D contact backend	2026-10-06T00:52:17.3118181Z     5.755380940378183,
checks (3.12)	Build pinned Float64 3D contact backend	2026-10-06T00:52:17.3118369Z     4715.998936062806,
checks (3.12)	Build pinned Float64 3D contact backend	2026-10-06T00:52:17.3118556Z     5803.9543864377565,
checks (3.12)	Build pinned Float64 3D contact backend	2026-10-06T00:52:17.3118750Z     3.1331858467791127,
checks (3.12)	Build pinned Float64 3D contact backend	2026-10-06T00:52:17.3118936Z     0.0,
checks (3.12)	Build pinned Float64 3D contact backend	2026-10-06T00:52:17.3119102Z     0.3194543227567552,
checks (3.12)	Build pinned Float64 3D contact backend	2026-10-06T00:52:17.3119291Z     6.7935049241877135,
checks (3.12)	Build pinned Float64 3D contact backend	2026-10-06T00:52:17.3119485Z     714.7810195908248,
checks (3.12)	Build pinned Float64 3D contact backend	2026-10-06T00:52:17.3119686Z     -1.734723475976807e-18,
checks (3.12)	Build pinned Float64 3D contact backend	2026-10-06T00:52:17.3119894Z     3706.8251254436905,
checks (3.12)	Build pinned Float64 3D contact backend	2026-10-06T00:52:17.3120214Z     19.666369812808732,
checks (3.12)	Build pinned Float64 3D contact backend	2026-10-06T00:52:17.3120403Z     1831.8596556973484,
checks (3.12)	Build pinned Float64 3D contact backend	2026-10-06T00:52:17.3120589Z     12.88447075267111,
checks (3.12)	Build pinned Float64 3D contact backend	2026-10-06T00:52:17.3120777Z     10.025345260839298,
checks (3.12)	Build pinned Float64 3D contact backend	2026-10-06T00:52:17.3120964Z     1039.0683267914515,
checks (3.12)	Build pinned Float64 3D contact backend	2026-10-06T00:52:17.3121157Z     6.776263578034403e-21,
checks (3.12)	Build pinned Float64 3D contact backend	2026-10-06T00:52:17.3121357Z     333.4240822608538,
checks (3.12)	Build pinned Float64 3D contact backend	2026-10-06T00:52:17.3121543Z     400.92437509978237,
checks (3.12)	Build pinned Float64 3D contact backend	2026-10-06T00:52:17.3122044Z     89.32480221507545,
checks (3.12)	Build pinned Float64 3D contact backend	2026-10-06T00:52:17.3122246Z     82.39416002514707,
checks (3.12)	Build pinned Float64 3D contact backend	2026-10-06T00:52:17.3122435Z     58.31758038268919,
checks (3.12)	Build pinned Float64 3D contact backend	2026-10-06T00:52:17.3122623Z     64.45702672231324,
checks (3.12)	Build pinned Float64 3D contact backend	2026-10-06T00:52:17.3122808Z     75.33273623525794,
checks (3.12)	Build pinned Float64 3D contact backend	2026-10-06T00:52:17.3123002Z     0.15339686859102722,
checks (3.12)	Build pinned Float64 3D contact backend	2026-10-06T00:52:17.3123200Z     0.013861982688974716,
checks (3.12)	Build pinned Float64 3D contact backend	2026-10-06T00:52:17.3123396Z     351.6813635164421,
checks (3.12)	Build pinned Float64 3D contact backend	2026-10-06T00:52:17.3123582Z     201.14632504405043,
checks (3.12)	Build pinned Float64 3D contact backend	2026-10-06T00:52:17.3123773Z     25.132898039827733,
checks (3.12)	Build pinned Float64 3D contact backend	2026-10-06T00:52:17.3123965Z     0.0007687688843752394,
checks (3.12)	Build pinned Float64 3D contact backend	2026-10-06T00:52:17.3124172Z     0.008778130452011777,
checks (3.12)	Build pinned Float64 3D contact backend	2026-10-06T00:52:17.3124368Z     0.0,
checks (3.12)	Build pinned Float64 3D contact backend	2026-10-06T00:52:17.3124537Z     0.004996175375143716,
checks (3.12)	Build pinned Float64 3D contact backend	2026-10-06T00:52:17.3124733Z     5.136173802634852,
checks (3.12)	Build pinned Float64 3D contact backend	2026-10-06T00:52:17.3124921Z     347.1997372299499,
checks (3.12)	Build pinned Float64 3D contact backend	2026-10-06T00:52:17.3125111Z     17.806976915907725,
checks (3.12)	Build pinned Float64 3D contact backend	2026-10-06T00:52:17.3125302Z     8.673617379884035e-19,
checks (3.12)	Build pinned Float64 3D contact backend	2026-10-06T00:52:17.3125506Z     4988.979735073492,
checks (3.12)	Build pinned Float64 3D contact backend	2026-10-06T00:52:17.3125691Z     6308.945652766816,
checks (3.12)	Build pinned Float64 3D contact backend	2026-10-06T00:52:17.3125876Z     2478.721766252075,
checks (3.12)	Build pinned Float64 3D contact backend	2026-10-06T00:52:17.3126064Z     13.112927735978756,
checks (3.12)	Build pinned Float64 3D contact backend	2026-10-06T00:52:17.3126256Z     13.289880785334123,
checks (3.12)	Build pinned Float64 3D contact backend	2026-10-06T00:52:17.3126451Z     13.129695137301313,
checks (3.12)	Build pinned Float64 3D contact backend	2026-10-06T00:52:17.3126826Z     13.10536116092007,
checks (3.12)	Build pinned Float64 3D contact backend	2026-10-06T00:52:17.3127012Z     534.4894881194417,
checks (3.12)	Build pinned Float64 3D contact backend	2026-10-06T00:52:17.3127198Z     1444.8558090417632,
checks (3.12)	Build pinned Float64 3D contact backend	2026-10-06T00:52:17.3127393Z     2918.4321823710275,
checks (3.12)	Build pinned Float64 3D contact backend	2026-10-06T00:52:17.3127583Z     47.476258938312945,
checks (3.12)	Build pinned Float64 3D contact backend	2026-10-06T00:52:17.3127774Z     3351.9592230032476,
checks (3.12)	Build pinned Float64 3D contact backend	2026-10-06T00:52:17.3127961Z     11.561511640036858,
checks (3.12)	Build pinned Float64 3D contact backend	2026-10-06T00:52:17.3128154Z     4304.580628714115,
checks (3.12)	Build pinned Float64 3D contact backend	2026-10-06T00:52:17.3128339Z     733.0037225199094,
checks (3.12)	Build pinned Float64 3D contact backend	2026-10-06T00:52:17.3128526Z     512.8875691044533,
checks (3.12)	Build pinned Float64 3D contact backend	2026-10-06T00:52:17.3128713Z     3762.5576223867724,
checks (3.12)	Build pinned Float64 3D contact backend	2026-10-06T00:52:17.3128916Z     -3.552713678800501e-15,
checks (3.12)	Build pinned Float64 3D contact backend	2026-10-06T00:52:17.3129126Z     27.936048701738333,
checks (3.12)	Build pinned Float64 3D contact backend	2026-10-06T00:52:17.3129316Z     257.43791148278916,
checks (3.12)	Build pinned Float64 3D contact backend	2026-10-06T00:52:17.3129501Z     3390.835734444742,
checks (3.12)	Build pinned Float64 3D contact backend	2026-10-06T00:52:17.3129692Z     1021.264875246563,
checks (3.12)	Build pinned Float64 3D contact backend	2026-10-06T00:52:17.3129885Z     6.776263578034403e-21,
checks (3.12)	Build pinned Float64 3D contact backend	2026-10-06T00:52:17.3130088Z     66.87176635177141,
checks (3.12)	Build pinned Float64 3D contact backend	2026-10-06T00:52:17.3130277Z     3628.931584826698,
checks (3.12)	Build pinned Float64 3D contact backend	2026-10-06T00:52:17.3130469Z     94.1178548094586,
checks (3.12)	Build pinned Float64 3D contact backend	2026-10-06T00:52:17.3130658Z     67.41712327013427,
checks (3.12)	Build pinned Float64 3D contact backend	2026-10-06T00:52:17.3130845Z     80.74400625957296,
checks (3.12)	Build pinned Float64 3D contact backend	2026-10-06T00:52:17.3131040Z     2952.7052659028195,
checks (3.12)	Build pinned Float64 3D contact backend	2026-10-06T00:52:17.3131232Z     3246.037951101776,
checks (3.12)	Build pinned Float64 3D contact backend	2026-10-06T00:52:17.3131422Z     1739.062651210723,
checks (3.12)	Build pinned Float64 3D contact backend	2026-10-06T00:52:17.3131611Z     2197.620184800805,
checks (3.12)	Build pinned Float64 3D contact backend	2026-10-06T00:52:17.3132023Z     3547.2743569189415,
checks (3.12)	Build pinned Float64 3D contact backend	2026-10-06T00:52:17.3132218Z     780.968267960212,
checks (3.12)	Build pinned Float64 3D contact backend	2026-10-06T00:52:17.3132408Z     262.3111314853054,
checks (3.12)	Build pinned Float64 3D contact backend	2026-10-06T00:52:17.3132597Z     109.81769805751452,
checks (3.12)	Build pinned Float64 3D contact backend	2026-10-06T00:52:17.3132788Z     29.9357330580737,
checks (3.12)	Build pinned Float64 3D contact backend	2026-10-06T00:52:17.3132979Z     206.25220840447312,
checks (3.12)	Build pinned Float64 3D contact backend	2026-10-06T00:52:17.3133169Z     0.5030876097371664,
checks (3.12)	Build pinned Float64 3D contact backend	2026-10-06T00:52:17.3133362Z     2168.903874812294,
checks (3.12)	Build pinned Float64 3D contact backend	2026-10-06T00:52:17.3133548Z     6687.226263990124,
checks (3.12)	Build pinned Float64 3D contact backend	2026-10-06T00:52:17.3133735Z     402.18613571720203,
checks (3.12)	Build pinned Float64 3D contact backend	2026-10-06T00:52:17.3133924Z     2.2358310450243923,
checks (3.12)	Build pinned Float64 3D contact backend	2026-10-06T00:52:17.3134117Z     2528.5379982756676,
checks (3.12)	Build pinned Float64 3D contact backend	2026-10-06T00:52:17.3134310Z     177.49183506113783,
checks (3.12)	Build pinned Float64 3D contact backend	2026-10-06T00:52:17.3134503Z     34.28177907454701,
checks (3.12)	Build pinned Float64 3D contact backend	2026-10-06T00:52:17.3134688Z     0.0,
checks (3.12)	Build pinned Float64 3D contact backend	2026-10-06T00:52:17.3134855Z     28.321455701598005,
checks (3.12)	Build pinned Float64 3D contact backend	2026-10-06T00:52:17.3135045Z     22.205770250393638,
checks (3.12)	Build pinned Float64 3D contact backend	2026-10-06T00:52:17.3135236Z     4336.509891202528,
checks (3.12)	Build pinned Float64 3D contact backend	2026-10-06T00:52:17.3135430Z     556.9920582541145,
checks (3.12)	Build pinned Float64 3D contact backend	2026-10-06T00:52:17.3135627Z     -3.469446951953614e-18,
checks (3.12)	Build pinned Float64 3D contact backend	2026-10-06T00:52:17.3135960Z     143.28040115481463,
checks (3.12)	Build pinned Float64 3D contact backend	2026-10-06T00:52:17.3136150Z     0.0,
checks (3.12)	Build pinned Float64 3D contact backend	2026-10-06T00:52:17.3136315Z     447.2255744920451,
checks (3.12)	Build pinned Float64 3D contact backend	2026-10-06T00:52:17.3136503Z     1419.666638284434,
checks (3.12)	Build pinned Float64 3D contact backend	2026-10-06T00:52:17.3136691Z     2445.0901200120097,
checks (3.12)	Build pinned Float64 3D contact backend	2026-10-06T00:52:17.3136877Z     136.44885949793863,
checks (3.12)	Build pinned Float64 3D contact backend	2026-10-06T00:52:17.3137063Z     269.47769794493763,
checks (3.12)	Build pinned Float64 3D contact backend	2026-10-06T00:52:17.3137246Z     0.2287826572988417,
checks (3.12)	Build pinned Float64 3D contact backend	2026-10-06T00:52:17.3137430Z     59.13797408807732,
checks (3.12)	Build pinned Float64 3D contact backend	2026-10-06T00:52:17.3137616Z     3606.1339120441758,
checks (3.12)	Build pinned Float64 3D contact backend	2026-10-06T00:52:17.3137803Z     4300.797792791793,
checks (3.12)	Build pinned Float64 3D contact backend	2026-10-06T00:52:17.3137987Z     6472.320557377579,
checks (3.12)	Build pinned Float64 3D contact backend	2026-10-06T00:52:17.3138169Z     1327.7937443195492,
checks (3.12)	Build pinned Float64 3D contact backend	2026-10-06T00:52:17.3138360Z     336.1384746326017,
checks (3.12)	Build pinned Float64 3D contact backend	2026-10-06T00:52:17.3138552Z     3721.6254764360015,
checks (3.12)	Build pinned Float64 3D contact backend	2026-10-06T00:52:17.3138745Z     3795.4990761998183,
checks (3.12)	Build pinned Float64 3D contact backend	2026-10-06T00:52:17.3138935Z     469.15074982227037,
checks (3.12)	Build pinned Float64 3D contact backend	2026-10-06T00:52:17.3139123Z     1347.673054585806,
checks (3.12)	Build pinned Float64 3D contact backend	2026-10-06T00:52:17.3139310Z     2791.8354382268008,
checks (3.12)	Build pinned Float64 3D contact backend	2026-10-06T00:52:17.3139499Z     5450.317788052748,
checks (3.12)	Build pinned Float64 3D contact backend	2026-10-06T00:52:17.3139695Z     41.81479452052216,
checks (3.12)	Build pinned Float64 3D contact backend	2026-10-06T00:52:17.3139884Z     98.08307959230878,
checks (3.12)	Build pinned Float64 3D contact backend	2026-10-06T00:52:17.3140071Z     2255.3473188086814,
checks (3.12)	Build pinned Float64 3D contact backend	2026-10-06T00:52:17.3140262Z     3336.3780669734706,
checks (3.12)	Build pinned Float64 3D contact backend	2026-10-06T00:52:17.3140452Z     770.3809307545696,
checks (3.12)	Build pinned Float64 3D contact backend	2026-10-06T00:52:17.3140638Z     272.42123212374446,
checks (3.12)	Build pinned Float64 3D contact backend	2026-10-06T00:52:17.3140834Z     888.7988291076563,
checks (3.12)	Build pinned Float64 3D contact backend	2026-10-06T00:52:17.3141023Z     754.596991898165,
checks (3.12)	Build pinned Float64 3D contact backend	2026-10-06T00:52:17.3141210Z     551.28957705861,
checks (3.12)	Build pinned Float64 3D contact backend	2026-10-06T00:52:17.3141396Z     42.56254035634454,
checks (3.12)	Build pinned Float64 3D contact backend	2026-10-06T00:52:17.3141581Z     28.4215990656177,
checks (3.12)	Build pinned Float64 3D contact backend	2026-10-06T00:52:17.3142027Z     84.41274959795172,
checks (3.12)	Build pinned Float64 3D contact backend	2026-10-06T00:52:17.3142226Z     413.6238116048797,
checks (3.12)	Build pinned Float64 3D contact backend	2026-10-06T00:52:17.3142549Z     0.026099369540208098,
checks (3.12)	Build pinned Float64 3D contact backend	2026-10-06T00:52:17.3142749Z     2299.217848689373,
checks (3.12)	Build pinned Float64 3D contact backend	2026-10-06T00:52:17.3142937Z     26.354456538144746,
checks (3.12)	Build pinned Float64 3D contact backend	2026-10-06T00:52:17.3143127Z     45.304513487377974,
checks (3.12)	Build pinned Float64 3D contact backend	2026-10-06T00:52:17.3143315Z     961.4355137945831,
checks (3.12)	Build pinned Float64 3D contact backend	2026-10-06T00:52:17.3143503Z     1972.1196629066837,
checks (3.12)	Build pinned Float64 3D contact backend	2026-10-06T00:52:17.3143695Z     0.0,
checks (3.12)	Build pinned Float64 3D contact backend	2026-10-06T00:52:17.3143862Z     431.5097436659002,
checks (3.12)	Build pinned Float64 3D contact backend	2026-10-06T00:52:17.3144050Z     31.725692336610273,
checks (3.12)	Build pinned Float64 3D contact backend	2026-10-06T00:52:17.3144241Z     33.74982147983627,
checks (3.12)	Build pinned Float64 3D contact backend	2026-10-06T00:52:17.3144432Z     43.98629349545351,
checks (3.12)	Build pinned Float64 3D contact backend	2026-10-06T00:52:17.3144618Z     2176.530175310524,
checks (3.12)	Build pinned Float64 3D contact backend	2026-10-06T00:52:17.3144803Z     714.1414485117432,
checks (3.12)	Build pinned Float64 3D contact backend	2026-10-06T00:52:17.3144992Z     230.70046883952517,
checks (3.12)	Build pinned Float64 3D contact backend	2026-10-06T00:52:17.3145181Z     86.39761567089386,
checks (3.12)	Build pinned Float64 3D contact backend	2026-10-06T00:52:17.3145367Z     0.0,
checks (3.12)	Build pinned Float64 3D contact backend	2026-10-06T00:52:17.3145533Z     2602.3950652172225,
checks (3.12)	Build pinned Float64 3D contact backend	2026-10-06T00:52:17.3145730Z     1.1102230246251565e-16,
checks (3.12)	Build pinned Float64 3D contact backend	2026-10-06T00:52:17.3145933Z     0.0,
checks (3.12)	Build pinned Float64 3D contact backend	2026-10-06T00:52:17.3146097Z     606.8345837191906,
checks (3.12)	Build pinned Float64 3D contact backend	2026-10-06T00:52:17.3146288Z     33.670577186415116,
checks (3.12)	Build pinned Float64 3D contact backend	2026-10-06T00:52:17.3146486Z     204.68237847358876,
checks (3.12)	Build pinned Float64 3D contact backend	2026-10-06T00:52:17.3146672Z     0.0,
checks (3.12)	Build pinned Float64 3D contact backend	2026-10-06T00:52:17.3146838Z     2.8597393406097384,
checks (3.12)	Build pinned Float64 3D contact backend	2026-10-06T00:52:17.3147029Z     1.8167927032596622,
checks (3.12)	Build pinned Float64 3D contact backend	2026-10-06T00:52:17.3147219Z     2.5393973803445777,
checks (3.12)	Build pinned Float64 3D contact backend	2026-10-06T00:52:17.3147407Z     35.543716757472794,
checks (3.12)	Build pinned Float64 3D contact backend	2026-10-06T00:52:17.3147601Z     5.507916393513549,
checks (3.12)	Build pinned Float64 3D contact backend	2026-10-06T00:52:17.3147787Z     5525.197947864676,
checks (3.12)	Build pinned Float64 3D contact backend	2026-10-06T00:52:17.3147975Z     9.248137072745326,
checks (3.12)	Build pinned Float64 3D contact backend	2026-10-06T00:52:17.3148164Z     2.558451626299581,
checks (3.12)	Build pinned Float64 3D contact backend	2026-10-06T00:52:17.3148353Z     19.542105472613038,
checks (3.12)	Build pinned Float64 3D contact backend	2026-10-06T00:52:17.3148546Z     1.3877787807814457e-17,
checks (3.12)	Build pinned Float64 3D contact backend	2026-10-06T00:52:17.3148756Z     9.91515342860904,
checks (3.12)	Build pinned Float64 3D contact backend	2026-10-06T00:52:17.3148941Z     2378.7672402951484,
checks (3.12)	Build pinned Float64 3D contact backend	2026-10-06T00:52:17.3149131Z     1090.9922625607212,
checks (3.12)	Build pinned Float64 3D contact backend	2026-10-06T00:52:17.3149320Z     758.7849955675022,
checks (3.12)	Build pinned Float64 3D contact backend	2026-10-06T00:52:17.3149511Z     10.122897098079843,
checks (3.12)	Build pinned Float64 3D contact backend	2026-10-06T00:52:17.3149701Z     785.5545498928054,
checks (3.12)	Build pinned Float64 3D contact backend	2026-10-06T00:52:17.3149893Z     266.01425976727353,
checks (3.12)	Build pinned Float64 3D contact backend	2026-10-06T00:52:17.3150080Z     532.1609642653638,
checks (3.12)	Build pinned Float64 3D contact backend	2026-10-06T00:52:17.3150266Z     7.262933386255144,
checks (3.12)	Build pinned Float64 3D contact backend	2026-10-06T00:52:17.3150461Z     330.50613587092676,
checks (3.12)	Build pinned Float64 3D contact backend	2026-10-06T00:52:17.3150650Z     155.38824985617674,
checks (3.12)	Build pinned Float64 3D contact backend	2026-10-06T00:52:17.3150854Z     -1.0842021724855044e-19,
checks (3.12)	Build pinned Float64 3D contact backend	2026-10-06T00:52:17.3151072Z     2975.9572916440216,
checks (3.12)	Build pinned Float64 3D contact backend	2026-10-06T00:52:17.3151384Z     6193.363579574294,
checks (3.12)	Build pinned Float64 3D contact backend	2026-10-06T00:52:17.3151574Z     3308.6111580915162,
checks (3.12)	Build pinned Float64 3D contact backend	2026-10-06T00:52:17.3152043Z     5380.628326785596,
checks (3.12)	Build pinned Float64 3D contact backend	2026-10-06T00:52:17.3152240Z     334.0711156565144,
checks (3.12)	Build pinned Float64 3D contact backend	2026-10-06T00:52:17.3152429Z     305.54335802810203,
checks (3.12)	Build pinned Float64 3D contact backend	2026-10-06T00:52:17.3152641Z     92.90722588297288,
checks (3.12)	Build pinned Float64 3D contact backend	2026-10-06T00:52:17.3152830Z     0.0015816692377568996,
checks (3.12)	Build pinned Float64 3D contact backend	2026-10-06T00:52:17.3153031Z     2218.835905447293,
checks (3.12)	Build pinned Float64 3D contact backend	2026-10-06T00:52:17.3153223Z     1745.5109909314474,
checks (3.12)	Build pinned Float64 3D contact backend	2026-10-06T00:52:17.3153417Z     273.154494963745,
checks (3.12)	Build pinned Float64 3D contact backend	2026-10-06T00:52:17.3153598Z     0.0,
checks (3.12)	Build pinned Float64 3D contact backend	2026-10-06T00:52:17.3153765Z     6449.015852204866,
checks (3.12)	Build pinned Float64 3D contact backend	2026-10-06T00:52:17.3153953Z     1644.9927163750203,
checks (3.12)	Build pinned Float64 3D contact backend	2026-10-06T00:52:17.3154146Z     1406.90918048557,
checks (3.12)	Build pinned Float64 3D contact backend	2026-10-06T00:52:17.3154330Z     1201.7400495805466,
checks (3.12)	Build pinned Float64 3D contact backend	2026-10-06T00:52:17.3154519Z     1.5305824311957503,
checks (3.12)	Build pinned Float64 3D contact backend	2026-10-06T00:52:17.3154708Z     2566.686018923837,
checks (3.12)	Build pinned Float64 3D contact backend	2026-10-06T00:52:17.3154896Z     4473.168081293064,
checks (3.12)	Build pinned Float64 3D contact backend	2026-10-06T00:52:17.3155082Z     63.826896043407864,
checks (3.12)	Build pinned Float64 3D contact backend	2026-10-06T00:52:17.3155330Z     2.774477067930795,
checks (3.12)	Build pinned Float64 3D contact backend	2026-10-06T00:52:17.3155532Z     42.643577874766414,
checks (3.12)	Build pinned Float64 3D contact backend	2026-10-06T00:52:17.3155721Z     109.3035890355552,
checks (3.12)	Build pinned Float64 3D contact backend	2026-10-06T00:52:17.3155905Z     3306.517589046529,
checks (3.12)	Build pinned Float64 3D contact backend	2026-10-06T00:52:17.3156091Z     659.2489632269552,
checks (3.12)	Build pinned Float64 3D contact backend	2026-10-06T00:52:17.3156275Z     754.5418687088608,
checks (3.12)	Build pinned Float64 3D contact backend	2026-10-06T00:52:17.3156460Z     3279.871249428823,
checks (3.12)	Build pinned Float64 3D contact backend	2026-10-06T00:52:17.3156647Z     0.0,
checks (3.12)	Build pinned Float64 3D contact backend	2026-10-06T00:52:17.3156812Z     4813.144180165481,
checks (3.12)	Build pinned Float64 3D contact backend	2026-10-06T00:52:17.3157000Z     503.63505043139855,
checks (3.12)	Build pinned Float64 3D contact backend	2026-10-06T00:52:17.3157190Z     2407.5189940808946,
checks (3.12)	Build pinned Float64 3D contact backend	2026-10-06T00:52:17.3157380Z     1971.9424349492929,
checks (3.12)	Build pinned Float64 3D contact backend	2026-10-06T00:52:17.3157575Z     6059.786659493689,
checks (3.12)	Build pinned Float64 3D contact backend	2026-10-06T00:52:17.3157766Z     2537.318852122066,
checks (3.12)	Build pinned Float64 3D contact backend	2026-10-06T00:52:17.3158086Z     318.755582446406,
checks (3.12)	Build pinned Float64 3D contact backend	2026-10-06T00:52:17.3158275Z     3740.2243915083673,
checks (3.12)	Build pinned Float64 3D contact backend	2026-10-06T00:52:17.3158466Z     2.357843841792233,
checks (3.12)	Build pinned Float64 3D contact backend	2026-10-06T00:52:17.3158655Z     0.06198347911443997,
checks (3.12)	Build pinned Float64 3D contact backend	2026-10-06T00:52:17.3158854Z     542.9268736664472,
checks (3.12)	Build pinned Float64 3D contact backend	2026-10-06T00:52:17.3159042Z     233.76044813408123,
checks (3.12)	Build pinned Float64 3D contact backend	2026-10-06T00:52:17.3159228Z     0.0,
checks (3.12)	Build pinned Float64 3D contact backend	2026-10-06T00:52:17.3159398Z     1.9302761727094837,
checks (3.12)	Build pinned Float64 3D contact backend	2026-10-06T00:52:17.3159588Z     37.95947944997326,
checks (3.12)	Build pinned Float64 3D contact backend	2026-10-06T00:52:17.3159784Z     1.065750683056627,
checks (3.12)	Build pinned Float64 3D contact backend	2026-10-06T00:52:17.3159974Z     2.156563636174084,
checks (3.12)	Build pinned Float64 3D contact backend	2026-10-06T00:52:17.3160161Z     17.265205608914247,
checks (3.12)	Build pinned Float64 3D contact backend	2026-10-06T00:52:17.3160353Z     2383.468309484081,
checks (3.12)	Build pinned Float64 3D contact backend	2026-10-06T00:52:17.3160539Z     321.3262278094825,
checks (3.12)	Build pinned Float64 3D contact backend	2026-10-06T00:52:17.3160727Z     0.03283303335501993,
checks (3.12)	Build pinned Float64 3D contact backend	2026-10-06T00:52:17.3160928Z     5096.5547245104235,
checks (3.12)	Build pinned Float64 3D contact backend	2026-10-06T00:52:17.3161120Z     650.9448499177959,
checks (3.12)	Build pinned Float64 3D contact backend	2026-10-06T00:52:17.3161308Z     3644.7430143676484,
checks (3.12)	Build pinned Float64 3D contact backend	2026-10-06T00:52:17.3161496Z     56.84372630323353,
checks (3.12)	Build pinned Float64 3D contact backend	2026-10-06T00:52:17.3161981Z     0.00012517240452222453,
checks (3.12)	Build pinned Float64 3D contact backend	2026-10-06T00:52:17.3162218Z     1761.514475182697,
checks (3.12)	Build pinned Float64 3D contact backend	2026-10-06T00:52:17.3162413Z     0.15582385623342823,
checks (3.12)	Build pinned Float64 3D contact backend	2026-10-06T00:52:17.3162609Z     150.417967226018,
checks (3.12)	Build pinned Float64 3D contact backend	2026-10-06T00:52:17.3162796Z     0.6547336730562723,
checks (3.12)	Build pinned Float64 3D contact backend	2026-10-06T00:52:17.3162984Z     6512.047909656586,
checks (3.12)	Build pinned Float64 3D contact backend	2026-10-06T00:52:17.3163174Z     88.9337891256976,
checks (3.12)	Build pinned Float64 3D contact backend	2026-10-06T00:52:17.3163364Z     2129.6273823241095,
checks (3.12)	Build pinned Float64 3D contact backend	2026-10-06T00:52:17.3163559Z     118.85062501366892,
checks (3.12)	Build pinned Float64 3D contact backend	2026-10-06T00:52:17.3163749Z     203.53743718022648,
checks (3.12)	Build pinned Float64 3D contact backend	2026-10-06T00:52:17.3163942Z     12.44646152563789,
checks (3.12)	Build pinned Float64 3D contact backend	2026-10-06T00:52:17.3164130Z     585.4697096453527
checks (3.12)	Build pinned Float64 3D contact backend	2026-10-06T00:52:17.3164312Z   ]
checks (3.12)	Build pinned Float64 3D contact backend	2026-10-06T00:52:17.3164489Z }
checks (3.12)	Build pinned Float64 3D contact backend	2026-10-06T00:52:17.4611284Z {
checks (3.12)	Build pinned Float64 3D contact backend	2026-10-06T00:52:17.4612157Z   "accepted": true,
checks (3.12)	Build pinned Float64 3D contact backend	2026-10-06T00:52:17.4612841Z   "active_normal_velocity_m_s": 7.187175233728865e-09,
checks (3.12)	Build pinned Float64 3D contact backend	2026-10-06T00:52:17.4613660Z   "circle_violation_scaled_m_s": 0.0,
checks (3.12)	Build pinned Float64 3D contact backend	2026-10-06T00:52:17.4614267Z   "contacts": [
checks (3.12)	Build pinned Float64 3D contact backend	2026-10-06T00:52:17.4614538Z     {
checks (3.12)	Build pinned Float64 3D contact backend	2026-10-06T00:52:17.4614833Z       "friction_capacity": 0.0009450188638564041,
checks (3.12)	Build pinned Float64 3D contact backend	2026-10-06T00:52:17.4615395Z       "friction_support_gap_J": 7.806255641895632e-18,
checks (3.12)	Build pinned Float64 3D contact backend	2026-10-06T00:52:17.4616007Z       "normal_impulse": 0.00236254715964101,
checks (3.12)	Build pinned Float64 3D contact backend	2026-10-06T00:52:17.4616561Z       "normal_row": 0,
checks (3.12)	Build pinned Float64 3D contact backend	2026-10-06T00:52:17.4617183Z       "normal_velocity_m_s": -1.6093625997831706e-19,
checks (3.12)	Build pinned Float64 3D contact backend	2026-10-06T00:52:17.4617909Z       "tangent_impulse_norm": 0.0009450188638564023,
checks (3.12)	Build pinned Float64 3D contact backend	2026-10-06T00:52:17.4619039Z       "tangent_velocity_norm_m_s": 4.471609805104938
checks (3.12)	Build pinned Float64 3D contact backend	2026-10-06T00:52:17.4619667Z     },
checks (3.12)	Build pinned Float64 3D contact backend	2026-10-06T00:52:17.4620049Z     {
checks (3.12)	Build pinned Float64 3D contact backend	2026-10-06T00:52:17.4620469Z       "friction_capacity": 0.0,
checks (3.12)	Build pinned Float64 3D contact backend	2026-10-06T00:52:17.4621039Z       "friction_support_gap_J": 0.0,
checks (3.12)	Build pinned Float64 3D contact backend	2026-10-06T00:52:17.4621857Z       "normal_impulse": 0.0,
checks (3.12)	Build pinned Float64 3D contact backend	2026-10-06T00:52:17.4622429Z       "normal_row": 1,
checks (3.12)	Build pinned Float64 3D contact backend	2026-10-06T00:52:17.4622961Z       "normal_velocity_m_s": 0.6391193604924634,
checks (3.12)	Build pinned Float64 3D contact backend	2026-10-06T00:52:17.4623618Z       "tangent_impulse_norm": 0.0,
checks (3.12)	Build pinned Float64 3D contact backend	2026-10-06T00:52:17.4624439Z       "tangent_velocity_norm_m_s": 7.373758848821433
checks (3.12)	Build pinned Float64 3D contact backend	2026-10-06T00:52:17.4625018Z     },
checks (3.12)	Build pinned Float64 3D contact backend	2026-10-06T00:52:17.4625299Z     {
checks (3.12)	Build pinned Float64 3D contact backend	2026-10-06T00:52:17.4625606Z       "friction_capacity": 0.0,
checks (3.12)	Build pinned Float64 3D contact backend	2026-10-06T00:52:17.4626028Z       "friction_support_gap_J": 0.0,
checks (3.12)	Build pinned Float64 3D contact backend	2026-10-06T00:52:17.4626468Z       "normal_impulse": 0.0,
checks (3.12)	Build pinned Float64 3D contact backend	2026-10-06T00:52:17.4626845Z       "normal_row": 2,
checks (3.12)	Build pinned Float64 3D contact backend	2026-10-06T00:52:17.4627083Z       "normal_velocity_m_s": 5.489915950742366,
checks (3.12)	Build pinned Float64 3D contact backend	2026-10-06T00:52:17.4627387Z       "tangent_impulse_norm": 0.0,
checks (3.12)	Build pinned Float64 3D contact backend	2026-10-06T00:52:17.4627667Z       "tangent_velocity_norm_m_s": 0.7168875131132233
checks (3.12)	Build pinned Float64 3D contact backend	2026-10-06T00:52:17.4627938Z     },
checks (3.12)	Build pinned Float64 3D contact backend	2026-10-06T00:52:17.4628100Z     {
checks (3.12)	Build pinned Float64 3D contact backend	2026-10-06T00:52:17.4628281Z       "friction_capacity": 0.0,
checks (3.12)	Build pinned Float64 3D contact backend	2026-10-06T00:52:17.4628521Z       "friction_support_gap_J": 0.0,
checks (3.12)	Build pinned Float64 3D contact backend	2026-10-06T00:52:17.4628770Z       "normal_impulse": 0.0,
checks (3.12)	Build pinned Float64 3D contact backend	2026-10-06T00:52:17.4628991Z       "normal_row": 3,
checks (3.12)	Build pinned Float64 3D contact backend	2026-10-06T00:52:17.4629214Z       "normal_velocity_m_s": 65.99369354366762,
checks (3.12)	Build pinned Float64 3D contact backend	2026-10-06T00:52:17.4629487Z       "tangent_impulse_norm": 0.0,
checks (3.12)	Build pinned Float64 3D contact backend	2026-10-06T00:52:17.4629757Z       "tangent_velocity_norm_m_s": 0.1787313110440966
checks (3.12)	Build pinned Float64 3D contact backend	2026-10-06T00:52:17.4630201Z     },
checks (3.12)	Build pinned Float64 3D contact backend	2026-10-06T00:52:17.4630362Z     {
checks (3.12)	Build pinned Float64 3D contact backend	2026-10-06T00:52:17.4630540Z       "friction_capacity": 0.0,
checks (3.12)	Build pinned Float64 3D contact backend	2026-10-06T00:52:17.4630778Z       "friction_support_gap_J": 0.0,
checks (3.12)	Build pinned Float64 3D contact backend	2026-10-06T00:52:17.4631032Z       "normal_impulse": 0.0,
checks (3.12)	Build pinned Float64 3D contact backend	2026-10-06T00:52:17.4631253Z       "normal_row": 4,
checks (3.12)	Build pinned Float64 3D contact backend	2026-10-06T00:52:17.4631472Z       "normal_velocity_m_s": 214.5513020309145,
checks (3.12)	Build pinned Float64 3D contact backend	2026-10-06T00:52:17.4632078Z       "tangent_impulse_norm": 0.0,
checks (3.12)	Build pinned Float64 3D contact backend	2026-10-06T00:52:17.4632416Z       "tangent_velocity_norm_m_s": 5.893996864099637
checks (3.12)	Build pinned Float64 3D contact backend	2026-10-06T00:52:17.4632689Z     },
checks (3.12)	Build pinned Float64 3D contact backend	2026-10-06T00:52:17.4632964Z     {
checks (3.12)	Build pinned Float64 3D contact backend	2026-10-06T00:52:17.4633141Z       "friction_capacity": 0.0,
checks (3.12)	Build pinned Float64 3D contact backend	2026-10-06T00:52:17.4633378Z       "friction_support_gap_J": 0.0,
checks (3.12)	Build pinned Float64 3D contact backend	2026-10-06T00:52:17.4633624Z       "normal_impulse": 0.0,
checks (3.12)	Build pinned Float64 3D contact backend	2026-10-06T00:52:17.4633842Z       "normal_row": 5,
checks (3.12)	Build pinned Float64 3D contact backend	2026-10-06T00:52:17.4634061Z       "normal_velocity_m_s": 76.52827355317083,
checks (3.12)	Build pinned Float64 3D contact backend	2026-10-06T00:52:17.4634329Z       "tangent_impulse_norm": 0.0,
checks (3.12)	Build pinned Float64 3D contact backend	2026-10-06T00:52:17.4634597Z       "tangent_velocity_norm_m_s": 5.64122429115616
checks (3.12)	Build pinned Float64 3D contact backend	2026-10-06T00:52:17.4634861Z     },
checks (3.12)	Build pinned Float64 3D contact backend	2026-10-06T00:52:17.4635028Z     {
checks (3.12)	Build pinned Float64 3D contact backend	2026-10-06T00:52:17.4635208Z       "friction_capacity": 0.0,
checks (3.12)	Build pinned Float64 3D contact backend	2026-10-06T00:52:17.4635448Z       "friction_support_gap_J": 0.0,
checks (3.12)	Build pinned Float64 3D contact backend	2026-10-06T00:52:17.4635703Z       "normal_impulse": 0.0,
checks (3.12)	Build pinned Float64 3D contact backend	2026-10-06T00:52:17.4635929Z       "normal_row": 6,
checks (3.12)	Build pinned Float64 3D contact backend	2026-10-06T00:52:17.4636160Z       "normal_velocity_m_s": 0.9237025756033469,
checks (3.12)	Build pinned Float64 3D contact backend	2026-10-06T00:52:17.4636438Z       "tangent_impulse_norm": 0.0,
checks (3.12)	Build pinned Float64 3D contact backend	2026-10-06T00:52:17.4636702Z       "tangent_velocity_norm_m_s": 5.997847843447232
checks (3.12)	Build pinned Float64 3D contact backend	2026-10-06T00:52:17.4636966Z     },
checks (3.12)	Build pinned Float64 3D contact backend	2026-10-06T00:52:17.4637127Z     {
checks (3.12)	Build pinned Float64 3D contact backend	2026-10-06T00:52:17.4637303Z       "friction_capacity": 0.0,
checks (3.12)	Build pinned Float64 3D contact backend	2026-10-06T00:52:17.4637545Z       "friction_support_gap_J": 0.0,
checks (3.12)	Build pinned Float64 3D contact backend	2026-10-06T00:52:17.4637791Z       "normal_impulse": 0.0,
checks (3.12)	Build pinned Float64 3D contact backend	2026-10-06T00:52:17.4638009Z       "normal_row": 7,
checks (3.12)	Build pinned Float64 3D contact backend	2026-10-06T00:52:17.4638226Z       "normal_velocity_m_s": 165.03087298676004,
checks (3.12)	Build pinned Float64 3D contact backend	2026-10-06T00:52:17.4638495Z       "tangent_impulse_norm": 0.0,
checks (3.12)	Build pinned Float64 3D contact backend	2026-10-06T00:52:17.4638762Z       "tangent_velocity_norm_m_s": 5.367554507294437
checks (3.12)	Build pinned Float64 3D contact backend	2026-10-06T00:52:17.4639023Z     },
checks (3.12)	Build pinned Float64 3D contact backend	2026-10-06T00:52:17.4639182Z     {
checks (3.12)	Build pinned Float64 3D contact backend	2026-10-06T00:52:17.4639357Z       "friction_capacity": 0.0,
checks (3.12)	Build pinned Float64 3D contact backend	2026-10-06T00:52:17.4639594Z       "friction_support_gap_J": 0.0,
checks (3.12)	Build pinned Float64 3D contact backend	2026-10-06T00:52:17.4639836Z       "normal_impulse": 0.0,
checks (3.12)	Build pinned Float64 3D contact backend	2026-10-06T00:52:17.4640223Z       "normal_row": 8,
checks (3.12)	Build pinned Float64 3D contact backend	2026-10-06T00:52:17.4640440Z       "normal_velocity_m_s": 123.53452783278222,
checks (3.12)	Build pinned Float64 3D contact backend	2026-10-06T00:52:17.4640708Z       "tangent_impulse_norm": 0.0,
checks (3.12)	Build pinned Float64 3D contact backend	2026-10-06T00:52:17.4640967Z       "tangent_velocity_norm_m_s": 5.960822042638423
checks (3.12)	Build pinned Float64 3D contact backend	2026-10-06T00:52:17.4641226Z     },
checks (3.12)	Build pinned Float64 3D contact backend	2026-10-06T00:52:17.4641382Z     {
checks (3.12)	Build pinned Float64 3D contact backend	2026-10-06T00:52:17.4641557Z       "friction_capacity": 0.0,
checks (3.12)	Build pinned Float64 3D contact backend	2026-10-06T00:52:17.4642055Z       "friction_support_gap_J": 0.0,
checks (3.12)	Build pinned Float64 3D contact backend	2026-10-06T00:52:17.4642302Z       "normal_impulse": 0.0,
checks (3.12)	Build pinned Float64 3D contact backend	2026-10-06T00:52:17.4642519Z       "normal_row": 9,
checks (3.12)	Build pinned Float64 3D contact backend	2026-10-06T00:52:17.4642743Z       "normal_velocity_m_s": 67.37574171220822,
checks (3.12)	Build pinned Float64 3D contact backend	2026-10-06T00:52:17.4643201Z       "tangent_impulse_norm": 0.0,
checks (3.12)	Build pinned Float64 3D contact backend	2026-10-06T00:52:17.4643558Z       "tangent_velocity_norm_m_s": 3.5449396651147027
checks (3.12)	Build pinned Float64 3D contact backend	2026-10-06T00:52:17.4643825Z     },
checks (3.12)	Build pinned Float64 3D contact backend	2026-10-06T00:52:17.4643984Z     {
checks (3.12)	Build pinned Float64 3D contact backend	2026-10-06T00:52:17.4644162Z       "friction_capacity": 0.0,
checks (3.12)	Build pinned Float64 3D contact backend	2026-10-06T00:52:17.4644400Z       "friction_support_gap_J": 0.0,
checks (3.12)	Build pinned Float64 3D contact backend	2026-10-06T00:52:17.4644651Z       "normal_impulse": 0.0,
checks (3.12)	Build pinned Float64 3D contact backend	2026-10-06T00:52:17.4644866Z       "normal_row": 10,
checks (3.12)	Build pinned Float64 3D contact backend	2026-10-06T00:52:17.4645094Z       "normal_velocity_m_s": 0.40088223482769586,
checks (3.12)	Build pinned Float64 3D contact backend	2026-10-06T00:52:17.4645368Z       "tangent_impulse_norm": 0.0,
checks (3.12)	Build pinned Float64 3D contact backend	2026-10-06T00:52:17.4645634Z       "tangent_velocity_norm_m_s": 3.277674804639715
checks (3.12)	Build pinned Float64 3D contact backend	2026-10-06T00:52:17.4645895Z     },
checks (3.12)	Build pinned Float64 3D contact backend	2026-10-06T00:52:17.4646054Z     {
checks (3.12)	Build pinned Float64 3D contact backend	2026-10-06T00:52:17.4646246Z       "friction_capacity": 0.0010349200729075888,
checks (3.12)	Build pinned Float64 3D contact backend	2026-10-06T00:52:17.4646548Z       "friction_support_gap_J": 2.021044967641792e-16,
checks (3.12)	Build pinned Float64 3D contact backend	2026-10-06T00:52:17.4646848Z       "normal_impulse": 0.002587300182268972,
checks (3.12)	Build pinned Float64 3D contact backend	2026-10-06T00:52:17.4647108Z       "normal_row": 11,
checks (3.12)	Build pinned Float64 3D contact backend	2026-10-06T00:52:17.4647494Z       "normal_velocity_m_s": 1.0221035714845506e-11,
checks (3.12)	Build pinned Float64 3D contact backend	2026-10-06T00:52:17.4647790Z       "tangent_impulse_norm": 0.0010349200729075888,
checks (3.12)	Build pinned Float64 3D contact backend	2026-10-06T00:52:17.4648102Z       "tangent_velocity_norm_m_s": 2.4603181734632443e-08
checks (3.12)	Build pinned Float64 3D contact backend	2026-10-06T00:52:17.4648381Z     },
checks (3.12)	Build pinned Float64 3D contact backend	2026-10-06T00:52:17.4648549Z     {
checks (3.12)	Build pinned Float64 3D contact backend	2026-10-06T00:52:17.4648727Z       "friction_capacity": 0.0,
checks (3.12)	Build pinned Float64 3D contact backend	2026-10-06T00:52:17.4648983Z       "friction_support_gap_J": 0.0,
checks (3.12)	Build pinned Float64 3D contact backend	2026-10-06T00:52:17.4649229Z       "normal_impulse": 0.0,
checks (3.12)	Build pinned Float64 3D contact backend	2026-10-06T00:52:17.4649447Z       "normal_row": 12,
checks (3.12)	Build pinned Float64 3D contact backend	2026-10-06T00:52:17.4649679Z       "normal_velocity_m_s": 30.463642734902812,
checks (3.12)	Build pinned Float64 3D contact backend	2026-10-06T00:52:17.4649956Z       "tangent_impulse_norm": 0.0,
checks (3.12)	Build pinned Float64 3D contact backend	2026-10-06T00:52:17.4650222Z       "tangent_velocity_norm_m_s": 0.01753794597497939
checks (3.12)	Build pinned Float64 3D contact backend	2026-10-06T00:52:17.4650487Z     },
checks (3.12)	Build pinned Float64 3D contact backend	2026-10-06T00:52:17.4650651Z     {
checks (3.12)	Build pinned Float64 3D contact backend	2026-10-06T00:52:17.4650843Z       "friction_capacity": 0.0005854405781972985,
checks (3.12)	Build pinned Float64 3D contact backend	2026-10-06T00:52:17.4651142Z       "friction_support_gap_J": 1.6414656944821026e-14,
checks (3.12)	Build pinned Float64 3D contact backend	2026-10-06T00:52:17.4651443Z       "normal_impulse": 0.0014636014454932462,
checks (3.12)	Build pinned Float64 3D contact backend	2026-10-06T00:52:17.4652045Z       "normal_row": 13,
checks (3.12)	Build pinned Float64 3D contact backend	2026-10-06T00:52:17.4652316Z       "normal_velocity_m_s": -1.307136408661147e-11,
checks (3.12)	Build pinned Float64 3D contact backend	2026-10-06T00:52:17.4652622Z       "tangent_impulse_norm": 0.0004078296445180949,
checks (3.12)	Build pinned Float64 3D contact backend	2026-10-06T00:52:17.4652932Z       "tangent_velocity_norm_m_s": 1.9846184612458192e-11
checks (3.12)	Build pinned Float64 3D contact backend	2026-10-06T00:52:17.4653223Z     },
checks (3.12)	Build pinned Float64 3D contact backend	2026-10-06T00:52:17.4653388Z     {
checks (3.12)	Build pinned Float64 3D contact backend	2026-10-06T00:52:17.4653597Z       "friction_capacity": 0.0,
checks (3.12)	Build pinned Float64 3D contact backend	2026-10-06T00:52:17.4653850Z       "friction_support_gap_J": 0.0,
checks (3.12)	Build pinned Float64 3D contact backend	2026-10-06T00:52:17.4654106Z       "normal_impulse": 0.0,
checks (3.12)	Build pinned Float64 3D contact backend	2026-10-06T00:52:17.4654330Z       "normal_row": 14,
checks (3.12)	Build pinned Float64 3D contact backend	2026-10-06T00:52:17.4654556Z       "normal_velocity_m_s": 174.09028334459464,
checks (3.12)	Build pinned Float64 3D contact backend	2026-10-06T00:52:17.4654839Z       "tangent_impulse_norm": 0.0,
checks (3.12)	Build pinned Float64 3D contact backend	2026-10-06T00:52:17.4655113Z       "tangent_velocity_norm_m_s": 3.9869314165623786
checks (3.12)	Build pinned Float64 3D contact backend	2026-10-06T00:52:17.4655386Z     },
checks (3.12)	Build pinned Float64 3D contact backend	2026-10-06T00:52:17.4655550Z     {
checks (3.12)	Build pinned Float64 3D contact backend	2026-10-06T00:52:17.4655738Z       "friction_capacity": 0.0,
checks (3.12)	Build pinned Float64 3D contact backend	2026-10-06T00:52:17.4655982Z       "friction_support_gap_J": 0.0,
checks (3.12)	Build pinned Float64 3D contact backend	2026-10-06T00:52:17.4656234Z       "normal_impulse": 0.0,
checks (3.12)	Build pinned Float64 3D contact backend	2026-10-06T00:52:17.4656462Z       "normal_row": 15,
checks (3.12)	Build pinned Float64 3D contact backend	2026-10-06T00:52:17.4656691Z       "normal_velocity_m_s": 0.22432464471190447,
checks (3.12)	Build pinned Float64 3D contact backend	2026-10-06T00:52:17.4667520Z       "tangent_impulse_norm": 0.0,
checks (3.12)	Build pinned Float64 3D contact backend	2026-10-06T00:52:17.4668128Z       "tangent_velocity_norm_m_s": 4.460531685343744
checks (3.12)	Build pinned Float64 3D contact backend	2026-10-06T00:52:17.4668423Z     },
checks (3.12)	Build pinned Float64 3D contact backend	2026-10-06T00:52:17.4668596Z     {
checks (3.12)	Build pinned Float64 3D contact backend	2026-10-06T00:52:17.4668792Z       "friction_capacity": 0.0,
checks (3.12)	Build pinned Float64 3D contact backend	2026-10-06T00:52:17.4669048Z       "friction_support_gap_J": 0.0,
checks (3.12)	Build pinned Float64 3D contact backend	2026-10-06T00:52:17.4669309Z       "normal_impulse": 0.0,
checks (3.12)	Build pinned Float64 3D contact backend	2026-10-06T00:52:17.4669541Z       "normal_row": 16,
checks (3.12)	Build pinned Float64 3D contact backend	2026-10-06T00:52:17.4669777Z       "normal_velocity_m_s": 1.288663106393132,
checks (3.12)	Build pinned Float64 3D contact backend	2026-10-06T00:52:17.4670061Z       "tangent_impulse_norm": 0.0,
checks (3.12)	Build pinned Float64 3D contact backend	2026-10-06T00:52:17.4670342Z       "tangent_velocity_norm_m_s": 2.8610076704966576
checks (3.12)	Build pinned Float64 3D contact backend	2026-10-06T00:52:17.4670618Z     },
checks (3.12)	Build pinned Float64 3D contact backend	2026-10-06T00:52:17.4670790Z     {
checks (3.12)	Build pinned Float64 3D contact backend	2026-10-06T00:52:17.4670976Z       "friction_capacity": 0.0,
checks (3.12)	Build pinned Float64 3D contact backend	2026-10-06T00:52:17.4671222Z       "friction_support_gap_J": 0.0,
checks (3.12)	Build pinned Float64 3D contact backend	2026-10-06T00:52:17.4671485Z       "normal_impulse": 0.0,
checks (3.12)	Build pinned Float64 3D contact backend	2026-10-06T00:52:17.4672022Z       "normal_row": 17,
checks (3.12)	Build pinned Float64 3D contact backend	2026-10-06T00:52:17.4672276Z       "normal_velocity_m_s": 268.7671766141052,
checks (3.12)	Build pinned Float64 3D contact backend	2026-10-06T00:52:17.4672561Z       "tangent_impulse_norm": 0.0,
checks (3.12)	Build pinned Float64 3D contact backend	2026-10-06T00:52:17.4672844Z       "tangent_velocity_norm_m_s": 11.71105542570859
checks (3.12)	Build pinned Float64 3D contact backend	2026-10-06T00:52:17.4673114Z     },
checks (3.12)	Build pinned Float64 3D contact backend	2026-10-06T00:52:17.4673287Z     {
checks (3.12)	Build pinned Float64 3D contact backend	2026-10-06T00:52:17.4673468Z       "friction_capacity": 0.0,
checks (3.12)	Build pinned Float64 3D contact backend	2026-10-06T00:52:17.4673712Z       "friction_support_gap_J": 0.0,
checks (3.12)	Build pinned Float64 3D contact backend	2026-10-06T00:52:17.4673963Z       "normal_impulse": 0.0,
checks (3.12)	Build pinned Float64 3D contact backend	2026-10-06T00:52:17.4674196Z       "normal_row": 18,
checks (3.12)	Build pinned Float64 3D contact backend	2026-10-06T00:52:17.4674427Z       "normal_velocity_m_s": 13.778232135774317,
checks (3.12)	Build pinned Float64 3D contact backend	2026-10-06T00:52:17.4674703Z       "tangent_impulse_norm": 0.0,
checks (3.12)	Build pinned Float64 3D contact backend	2026-10-06T00:52:17.4674975Z       "tangent_velocity_norm_m_s": 2.6490186754289065
checks (3.12)	Build pinned Float64 3D contact backend	2026-10-06T00:52:17.4675386Z     },
checks (3.12)	Build pinned Float64 3D contact backend	2026-10-06T00:52:17.4675552Z     {
checks (3.12)	Build pinned Float64 3D contact backend	2026-10-06T00:52:17.4675732Z       "friction_capacity": 0.0,
checks (3.12)	Build pinned Float64 3D contact backend	2026-10-06T00:52:17.4675969Z       "friction_support_gap_J": 0.0,
checks (3.12)	Build pinned Float64 3D contact backend	2026-10-06T00:52:17.4676218Z       "normal_impulse": 0.0,
checks (3.12)	Build pinned Float64 3D contact backend	2026-10-06T00:52:17.4676443Z       "normal_row": 19,
checks (3.12)	Build pinned Float64 3D contact backend	2026-10-06T00:52:17.4676667Z       "normal_velocity_m_s": 29.354245966313172,
checks (3.12)	Build pinned Float64 3D contact backend	2026-10-06T00:52:17.4676951Z       "tangent_impulse_norm": 0.0,
checks (3.12)	Build pinned Float64 3D contact backend	2026-10-06T00:52:17.4677218Z       "tangent_velocity_norm_m_s": 0.4553538558656459
checks (3.12)	Build pinned Float64 3D contact backend	2026-10-06T00:52:17.4677487Z     },
checks (3.12)	Build pinned Float64 3D contact backend	2026-10-06T00:52:17.4677650Z     {
checks (3.12)	Build pinned Float64 3D contact backend	2026-10-06T00:52:17.4677828Z       "friction_capacity": 0.0,
checks (3.12)	Build pinned Float64 3D contact backend	2026-10-06T00:52:17.4678065Z       "friction_support_gap_J": 0.0,
checks (3.12)	Build pinned Float64 3D contact backend	2026-10-06T00:52:17.4678311Z       "normal_impulse": 0.0,
checks (3.12)	Build pinned Float64 3D contact backend	2026-10-06T00:52:17.4678531Z       "normal_row": 20,
checks (3.12)	Build pinned Float64 3D contact backend	2026-10-06T00:52:17.4678756Z       "normal_velocity_m_s": 6.52117455791047,
checks (3.12)	Build pinned Float64 3D contact backend	2026-10-06T00:52:17.4679039Z       "tangent_impulse_norm": 0.0,
checks (3.12)	Build pinned Float64 3D contact backend	2026-10-06T00:52:17.4679328Z       "tangent_velocity_norm_m_s": 0.08629404752492162
checks (3.12)	Build pinned Float64 3D contact backend	2026-10-06T00:52:17.4679612Z     },
checks (3.12)	Build pinned Float64 3D contact backend	2026-10-06T00:52:17.4679775Z     {
checks (3.12)	Build pinned Float64 3D contact backend	2026-10-06T00:52:17.4679956Z       "friction_capacity": 0.0,
checks (3.12)	Build pinned Float64 3D contact backend	2026-10-06T00:52:17.4680197Z       "friction_support_gap_J": 0.0,
checks (3.12)	Build pinned Float64 3D contact backend	2026-10-06T00:52:17.4680446Z       "normal_impulse": 0.0,
checks (3.12)	Build pinned Float64 3D contact backend	2026-10-06T00:52:17.4680668Z       "normal_row": 21,
checks (3.12)	Build pinned Float64 3D contact backend	2026-10-06T00:52:17.4680903Z       "normal_velocity_m_s": 23.615503630593768,
checks (3.12)	Build pinned Float64 3D contact backend	2026-10-06T00:52:17.4681180Z       "tangent_impulse_norm": 0.0,
checks (3.12)	Build pinned Float64 3D contact backend	2026-10-06T00:52:17.4681449Z       "tangent_velocity_norm_m_s": 0.8438170299455264
checks (3.12)	Build pinned Float64 3D contact backend	2026-10-06T00:52:17.4681989Z     },
checks (3.12)	Build pinned Float64 3D contact backend	2026-10-06T00:52:17.4682173Z     {
checks (3.12)	Build pinned Float64 3D contact backend	2026-10-06T00:52:17.4682354Z       "friction_capacity": 0.0,
checks (3.12)	Build pinned Float64 3D contact backend	2026-10-06T00:52:17.4682594Z       "friction_support_gap_J": 0.0,
checks (3.12)	Build pinned Float64 3D contact backend	2026-10-06T00:52:17.4682844Z       "normal_impulse": 0.0,
checks (3.12)	Build pinned Float64 3D contact backend	2026-10-06T00:52:17.4683065Z       "normal_row": 22,
checks (3.12)	Build pinned Float64 3D contact backend	2026-10-06T00:52:17.4683296Z       "normal_velocity_m_s": 68.27444562333812,
checks (3.12)	Build pinned Float64 3D contact backend	2026-10-06T00:52:17.4683395Z       "tangent_impulse_norm": 0.0,
checks (3.12)	Build pinned Float64 3D contact backend	2026-10-06T00:52:17.4683522Z       "tangent_velocity_norm_m_s": 0.1331255706671381
checks (3.12)	Build pinned Float64 3D contact backend	2026-10-06T00:52:17.4683599Z     },
checks (3.12)	Build pinned Float64 3D contact backend	2026-10-06T00:52:17.4683669Z     {
checks (3.12)	Build pinned Float64 3D contact backend	2026-10-06T00:52:17.4683763Z       "friction_capacity": 0.0,
checks (3.12)	Build pinned Float64 3D contact backend	2026-10-06T00:52:17.4683854Z       "friction_support_gap_J": 0.0,
checks (3.12)	Build pinned Float64 3D contact backend	2026-10-06T00:52:17.4683944Z       "normal_impulse": 0.0,
checks (3.12)	Build pinned Float64 3D contact backend	2026-10-06T00:52:17.4684029Z       "normal_row": 23,
checks (3.12)	Build pinned Float64 3D contact backend	2026-10-06T00:52:17.4684270Z       "normal_velocity_m_s": 71.79145198700401,
checks (3.12)	Build pinned Float64 3D contact backend	2026-10-06T00:52:17.4684368Z       "tangent_impulse_norm": 0.0,
checks (3.12)	Build pinned Float64 3D contact backend	2026-10-06T00:52:17.4684484Z       "tangent_velocity_norm_m_s": 0.03187078187217379
checks (3.12)	Build pinned Float64 3D contact backend	2026-10-06T00:52:17.4684562Z     },
checks (3.12)	Build pinned Float64 3D contact backend	2026-10-06T00:52:17.4684632Z     {
checks (3.12)	Build pinned Float64 3D contact backend	2026-10-06T00:52:17.4684723Z       "friction_capacity": 0.0,
checks (3.12)	Build pinned Float64 3D contact backend	2026-10-06T00:52:17.4684813Z       "friction_support_gap_J": 0.0,
checks (3.12)	Build pinned Float64 3D contact backend	2026-10-06T00:52:17.4684903Z       "normal_impulse": 0.0,
checks (3.12)	Build pinned Float64 3D contact backend	2026-10-06T00:52:17.4684988Z       "normal_row": 24,
checks (3.12)	Build pinned Float64 3D contact backend	2026-10-06T00:52:17.4685091Z       "normal_velocity_m_s": 0.48762213898891277,
checks (3.12)	Build pinned Float64 3D contact backend	2026-10-06T00:52:17.4685190Z       "tangent_impulse_norm": 0.0,
checks (3.12)	Build pinned Float64 3D contact backend	2026-10-06T00:52:17.4685304Z       "tangent_velocity_norm_m_s": 0.038680378924109346
checks (3.12)	Build pinned Float64 3D contact backend	2026-10-06T00:52:17.4685383Z     },
checks (3.12)	Build pinned Float64 3D contact backend	2026-10-06T00:52:17.4685453Z     {
checks (3.12)	Build pinned Float64 3D contact backend	2026-10-06T00:52:17.4685545Z       "friction_capacity": 0.0,
checks (3.12)	Build pinned Float64 3D contact backend	2026-10-06T00:52:17.4685642Z       "friction_support_gap_J": 0.0,
checks (3.12)	Build pinned Float64 3D contact backend	2026-10-06T00:52:17.4685727Z       "normal_impulse": 0.0,
checks (3.12)	Build pinned Float64 3D contact backend	2026-10-06T00:52:17.4685820Z       "normal_row": 25,
checks (3.12)	Build pinned Float64 3D contact backend	2026-10-06T00:52:17.4685919Z       "normal_velocity_m_s": 184.35591756498118,
checks (3.12)	Build pinned Float64 3D contact backend	2026-10-06T00:52:17.4686013Z       "tangent_impulse_norm": 0.0,
checks (3.12)	Build pinned Float64 3D contact backend	2026-10-06T00:52:17.4686123Z       "tangent_velocity_norm_m_s": 1.8432798607996168
checks (3.12)	Build pinned Float64 3D contact backend	2026-10-06T00:52:17.4686203Z     },
checks (3.12)	Build pinned Float64 3D contact backend	2026-10-06T00:52:17.4686272Z     {
checks (3.12)	Build pinned Float64 3D contact backend	2026-10-06T00:52:17.4686367Z       "friction_capacity": 0.0,
checks (3.12)	Build pinned Float64 3D contact backend	2026-10-06T00:52:17.4686463Z       "friction_support_gap_J": 0.0,
checks (3.12)	Build pinned Float64 3D contact backend	2026-10-06T00:52:17.4686548Z       "normal_impulse": 0.0,
checks (3.12)	Build pinned Float64 3D contact backend	2026-10-06T00:52:17.4686633Z       "normal_row": 26,
checks (3.12)	Build pinned Float64 3D contact backend	2026-10-06T00:52:17.4686731Z       "normal_velocity_m_s": 7.669051364009079,
checks (3.12)	Build pinned Float64 3D contact backend	2026-10-06T00:52:17.4686944Z       "tangent_impulse_norm": 0.0,
checks (3.12)	Build pinned Float64 3D contact backend	2026-10-06T00:52:17.4687056Z       "tangent_velocity_norm_m_s": 2.067597813895338
checks (3.12)	Build pinned Float64 3D contact backend	2026-10-06T00:52:17.4687131Z     },
checks (3.12)	Build pinned Float64 3D contact backend	2026-10-06T00:52:17.4687208Z     {
checks (3.12)	Build pinned Float64 3D contact backend	2026-10-06T00:52:17.4687294Z       "friction_capacity": 0.0,
checks (3.12)	Build pinned Float64 3D contact backend	2026-10-06T00:52:17.4687390Z       "friction_support_gap_J": 0.0,
checks (3.12)	Build pinned Float64 3D contact backend	2026-10-06T00:52:17.4687479Z       "normal_impulse": 0.0,
checks (3.12)	Build pinned Float64 3D contact backend	2026-10-06T00:52:17.4687565Z       "normal_row": 27,
checks (3.12)	Build pinned Float64 3D contact backend	2026-10-06T00:52:17.4687663Z       "normal_velocity_m_s": 24.695600779999445,
checks (3.12)	Build pinned Float64 3D contact backend	2026-10-06T00:52:17.4687757Z       "tangent_impulse_norm": 0.0,
checks (3.12)	Build pinned Float64 3D contact backend	2026-10-06T00:52:17.4687879Z       "tangent_velocity_norm_m_s": 0.13701597862070747
checks (3.12)	Build pinned Float64 3D contact backend	2026-10-06T00:52:17.4687948Z     },
checks (3.12)	Build pinned Float64 3D contact backend	2026-10-06T00:52:17.4688022Z     {
checks (3.12)	Build pinned Float64 3D contact backend	2026-10-06T00:52:17.4688107Z       "friction_capacity": 0.0,
checks (3.12)	Build pinned Float64 3D contact backend	2026-10-06T00:52:17.4688202Z       "friction_support_gap_J": 0.0,
checks (3.12)	Build pinned Float64 3D contact backend	2026-10-06T00:52:17.4688285Z       "normal_impulse": 0.0,
checks (3.12)	Build pinned Float64 3D contact backend	2026-10-06T00:52:17.4688370Z       "normal_row": 28,
checks (3.12)	Build pinned Float64 3D contact backend	2026-10-06T00:52:17.4688480Z       "normal_velocity_m_s": 0.028782691173294236,
checks (3.12)	Build pinned Float64 3D contact backend	2026-10-06T00:52:17.4688576Z       "tangent_impulse_norm": 0.0,
checks (3.12)	Build pinned Float64 3D contact backend	2026-10-06T00:52:17.4688696Z       "tangent_velocity_norm_m_s": 0.00357162371371631
checks (3.12)	Build pinned Float64 3D contact backend	2026-10-06T00:52:17.4688766Z     },
checks (3.12)	Build pinned Float64 3D contact backend	2026-10-06T00:52:17.4688840Z     {
checks (3.12)	Build pinned Float64 3D contact backend	2026-10-06T00:52:17.4688926Z       "friction_capacity": 0.0,
checks (3.12)	Build pinned Float64 3D contact backend	2026-10-06T00:52:17.4689025Z       "friction_support_gap_J": 0.0,
checks (3.12)	Build pinned Float64 3D contact backend	2026-10-06T00:52:17.4689114Z       "normal_impulse": 0.0,
checks (3.12)	Build pinned Float64 3D contact backend	2026-10-06T00:52:17.4689200Z       "normal_row": 29,
checks (3.12)	Build pinned Float64 3D contact backend	2026-10-06T00:52:17.4689314Z       "normal_velocity_m_s": 4.512703100978399e-05,
checks (3.12)	Build pinned Float64 3D contact backend	2026-10-06T00:52:17.4689404Z       "tangent_impulse_norm": 0.0,
checks (3.12)	Build pinned Float64 3D contact backend	2026-10-06T00:52:17.4689517Z       "tangent_velocity_norm_m_s": 0.4663422267742386
checks (3.12)	Build pinned Float64 3D contact backend	2026-10-06T00:52:17.4689588Z     },
checks (3.12)	Build pinned Float64 3D contact backend	2026-10-06T00:52:17.4689663Z     {
checks (3.12)	Build pinned Float64 3D contact backend	2026-10-06T00:52:17.4689749Z       "friction_capacity": 0.0,
checks (3.12)	Build pinned Float64 3D contact backend	2026-10-06T00:52:17.4689848Z       "friction_support_gap_J": 0.0,
checks (3.12)	Build pinned Float64 3D contact backend	2026-10-06T00:52:17.4689932Z       "normal_impulse": 0.0,
checks (3.12)	Build pinned Float64 3D contact backend	2026-10-06T00:52:17.4690022Z       "normal_row": 30,
checks (3.12)	Build pinned Float64 3D contact backend	2026-10-06T00:52:17.4690130Z       "normal_velocity_m_s": 0.004153417758026428,
checks (3.12)	Build pinned Float64 3D contact backend	2026-10-06T00:52:17.4690220Z       "tangent_impulse_norm": 0.0,
checks (3.12)	Build pinned Float64 3D contact backend	2026-10-06T00:52:17.4690333Z       "tangent_velocity_norm_m_s": 0.2198921072847769
checks (3.12)	Build pinned Float64 3D contact backend	2026-10-06T00:52:17.4690402Z     },
checks (3.12)	Build pinned Float64 3D contact backend	2026-10-06T00:52:17.4690477Z     {
checks (3.12)	Build pinned Float64 3D contact backend	2026-10-06T00:52:17.4690563Z       "friction_capacity": 0.0,
checks (3.12)	Build pinned Float64 3D contact backend	2026-10-06T00:52:17.4690749Z       "friction_support_gap_J": 0.0,
checks (3.12)	Build pinned Float64 3D contact backend	2026-10-06T00:52:17.4690838Z       "normal_impulse": 0.0,
checks (3.12)	Build pinned Float64 3D contact backend	2026-10-06T00:52:17.4690917Z       "normal_row": 31,
checks (3.12)	Build pinned Float64 3D contact backend	2026-10-06T00:52:17.4691028Z       "normal_velocity_m_s": 0.0008646710624791101,
checks (3.12)	Build pinned Float64 3D contact backend	2026-10-06T00:52:17.4691118Z       "tangent_impulse_norm": 0.0,
checks (3.12)	Build pinned Float64 3D contact backend	2026-10-06T00:52:17.4691229Z       "tangent_velocity_norm_m_s": 0.4143471809145606
checks (3.12)	Build pinned Float64 3D contact backend	2026-10-06T00:52:17.4691299Z     },
checks (3.12)	Build pinned Float64 3D contact backend	2026-10-06T00:52:17.4691373Z     {
checks (3.12)	Build pinned Float64 3D contact backend	2026-10-06T00:52:17.4691459Z       "friction_capacity": 0.0,
checks (3.12)	Build pinned Float64 3D contact backend	2026-10-06T00:52:17.4691550Z       "friction_support_gap_J": 0.0,
checks (3.12)	Build pinned Float64 3D contact backend	2026-10-06T00:52:17.4691903Z       "normal_impulse": 0.0,
checks (3.12)	Build pinned Float64 3D contact backend	2026-10-06T00:52:17.4692060Z       "normal_row": 32,
checks (3.12)	Build pinned Float64 3D contact backend	2026-10-06T00:52:17.4692222Z       "normal_velocity_m_s": 0.003027187946799524,
checks (3.12)	Build pinned Float64 3D contact backend	2026-10-06T00:52:17.4692389Z       "tangent_impulse_norm": 0.0,
checks (3.12)	Build pinned Float64 3D contact backend	2026-10-06T00:52:17.4692554Z       "tangent_velocity_norm_m_s": 0.2823035324987281
checks (3.12)	Build pinned Float64 3D contact backend	2026-10-06T00:52:17.4692626Z     },
checks (3.12)	Build pinned Float64 3D contact backend	2026-10-06T00:52:17.4692707Z     {
checks (3.12)	Build pinned Float64 3D contact backend	2026-10-06T00:52:17.4692798Z       "friction_capacity": 0.0,
checks (3.12)	Build pinned Float64 3D contact backend	2026-10-06T00:52:17.4692888Z       "friction_support_gap_J": 0.0,
checks (3.12)	Build pinned Float64 3D contact backend	2026-10-06T00:52:17.4692978Z       "normal_impulse": 0.0,
checks (3.12)	Build pinned Float64 3D contact backend	2026-10-06T00:52:17.4693058Z       "normal_row": 33,
checks (3.12)	Build pinned Float64 3D contact backend	2026-10-06T00:52:17.4693161Z       "normal_velocity_m_s": 51.220570267596855,
checks (3.12)	Build pinned Float64 3D contact backend	2026-10-06T00:52:17.4693249Z       "tangent_impulse_norm": 0.0,
checks (3.12)	Build pinned Float64 3D contact backend	2026-10-06T00:52:17.4693361Z       "tangent_velocity_norm_m_s": 4.657023692467601
checks (3.12)	Build pinned Float64 3D contact backend	2026-10-06T00:52:17.4693434Z     },
checks (3.12)	Build pinned Float64 3D contact backend	2026-10-06T00:52:17.4693502Z     {
checks (3.12)	Build pinned Float64 3D contact backend	2026-10-06T00:52:17.4693610Z       "friction_capacity": 0.0033121302781225076,
checks (3.12)	Build pinned Float64 3D contact backend	2026-10-06T00:52:17.4693725Z       "friction_support_gap_J": 1.1796119636642288e-16,
checks (3.12)	Build pinned Float64 3D contact backend	2026-10-06T00:52:17.4693971Z       "normal_impulse": 0.008280325695306269,
checks (3.12)	Build pinned Float64 3D contact backend	2026-10-06T00:52:17.4694051Z       "normal_row": 34,
checks (3.12)	Build pinned Float64 3D contact backend	2026-10-06T00:52:17.4694165Z       "normal_velocity_m_s": 3.3491682734435035e-18,
checks (3.12)	Build pinned Float64 3D contact backend	2026-10-06T00:52:17.4694272Z       "tangent_impulse_norm": 0.0033121302781224994,
checks (3.12)	Build pinned Float64 3D contact backend	2026-10-06T00:52:17.4694392Z       "tangent_velocity_norm_m_s": 14.465081376022471
checks (3.12)	Build pinned Float64 3D contact backend	2026-10-06T00:52:17.4694466Z     },
checks (3.12)	Build pinned Float64 3D contact backend	2026-10-06T00:52:17.4694535Z     {
checks (3.12)	Build pinned Float64 3D contact backend	2026-10-06T00:52:17.4694626Z       "friction_capacity": 0.0,
checks (3.12)	Build pinned Float64 3D contact backend	2026-10-06T00:52:17.4694716Z       "friction_support_gap_J": 0.0,
checks (3.12)	Build pinned Float64 3D contact backend	2026-10-06T00:52:17.4694805Z       "normal_impulse": 0.0,
checks (3.12)	Build pinned Float64 3D contact backend	2026-10-06T00:52:17.4694884Z       "normal_row": 35,
checks (3.12)	Build pinned Float64 3D contact backend	2026-10-06T00:52:17.4694987Z       "normal_velocity_m_s": 1.5765461771085632,
checks (3.12)	Build pinned Float64 3D contact backend	2026-10-06T00:52:17.4695084Z       "tangent_impulse_norm": 0.0,
checks (3.12)	Build pinned Float64 3D contact backend	2026-10-06T00:52:17.4695189Z       "tangent_velocity_norm_m_s": 15.79243550016596
checks (3.12)	Build pinned Float64 3D contact backend	2026-10-06T00:52:17.4695265Z     },
checks (3.12)	Build pinned Float64 3D contact backend	2026-10-06T00:52:17.4695341Z     {
checks (3.12)	Build pinned Float64 3D contact backend	2026-10-06T00:52:17.4695447Z       "friction_capacity": 0.0018114558868309568,
checks (3.12)	Build pinned Float64 3D contact backend	2026-10-06T00:52:17.4695536Z       "friction_support_gap_J": 0.0,
checks (3.12)	Build pinned Float64 3D contact backend	2026-10-06T00:52:17.4695638Z       "normal_impulse": 0.0045286397170773915,
checks (3.12)	Build pinned Float64 3D contact backend	2026-10-06T00:52:17.4695723Z       "normal_row": 36,
checks (3.12)	Build pinned Float64 3D contact backend	2026-10-06T00:52:17.4695829Z       "normal_velocity_m_s": 3.128278398042278e-12,
checks (3.12)	Build pinned Float64 3D contact backend	2026-10-06T00:52:17.4695944Z       "tangent_impulse_norm": 0.0018114558868309568,
checks (3.12)	Build pinned Float64 3D contact backend	2026-10-06T00:52:17.4696053Z       "tangent_velocity_norm_m_s": 15.751227345824388
checks (3.12)	Build pinned Float64 3D contact backend	2026-10-06T00:52:17.4696128Z     },
checks (3.12)	Build pinned Float64 3D contact backend	2026-10-06T00:52:17.4696197Z     {
checks (3.12)	Build pinned Float64 3D contact backend	2026-10-06T00:52:17.4696289Z       "friction_capacity": 0.0,
checks (3.12)	Build pinned Float64 3D contact backend	2026-10-06T00:52:17.4696379Z       "friction_support_gap_J": 0.0,
checks (3.12)	Build pinned Float64 3D contact backend	2026-10-06T00:52:17.4696469Z       "normal_impulse": 0.0,
checks (3.12)	Build pinned Float64 3D contact backend	2026-10-06T00:52:17.4696552Z       "normal_row": 37,
checks (3.12)	Build pinned Float64 3D contact backend	2026-10-06T00:52:17.4696650Z       "normal_velocity_m_s": 16.39245820455608,
checks (3.12)	Build pinned Float64 3D contact backend	2026-10-06T00:52:17.4696742Z       "tangent_impulse_norm": 0.0,
checks (3.12)	Build pinned Float64 3D contact backend	2026-10-06T00:52:17.4696847Z       "tangent_velocity_norm_m_s": 0.2628590184289741
checks (3.12)	Build pinned Float64 3D contact backend	2026-10-06T00:52:17.4696925Z     },
checks (3.12)	Build pinned Float64 3D contact backend	2026-10-06T00:52:17.4696994Z     {
checks (3.12)	Build pinned Float64 3D contact backend	2026-10-06T00:52:17.4697085Z       "friction_capacity": 0.0,
checks (3.12)	Build pinned Float64 3D contact backend	2026-10-06T00:52:17.4697178Z       "friction_support_gap_J": 0.0,
checks (3.12)	Build pinned Float64 3D contact backend	2026-10-06T00:52:17.4697263Z       "normal_impulse": 0.0,
checks (3.12)	Build pinned Float64 3D contact backend	2026-10-06T00:52:17.4697347Z       "normal_row": 38,
checks (3.12)	Build pinned Float64 3D contact backend	2026-10-06T00:52:17.4697567Z       "normal_velocity_m_s": 14.185856069060215,
checks (3.12)	Build pinned Float64 3D contact backend	2026-10-06T00:52:17.4697659Z       "tangent_impulse_norm": 0.0,
checks (3.12)	Build pinned Float64 3D contact backend	2026-10-06T00:52:17.4697770Z       "tangent_velocity_norm_m_s": 3.3942501583926474
checks (3.12)	Build pinned Float64 3D contact backend	2026-10-06T00:52:17.4697845Z     },
checks (3.12)	Build pinned Float64 3D contact backend	2026-10-06T00:52:17.4697913Z     {
checks (3.12)	Build pinned Float64 3D contact backend	2026-10-06T00:52:17.4698001Z       "friction_capacity": 0.0,
checks (3.12)	Build pinned Float64 3D contact backend	2026-10-06T00:52:17.4698097Z       "friction_support_gap_J": 0.0,
checks (3.12)	Build pinned Float64 3D contact backend	2026-10-06T00:52:17.4698180Z       "normal_impulse": 0.0,
checks (3.12)	Build pinned Float64 3D contact backend	2026-10-06T00:52:17.4698263Z       "normal_row": 39,
checks (3.12)	Build pinned Float64 3D contact backend	2026-10-06T00:52:17.4698360Z       "normal_velocity_m_s": 16.27214765821247,
checks (3.12)	Build pinned Float64 3D contact backend	2026-10-06T00:52:17.4698455Z       "tangent_impulse_norm": 0.0,
checks (3.12)	Build pinned Float64 3D contact backend	2026-10-06T00:52:17.4698565Z       "tangent_velocity_norm_m_s": 1.8304651486159798
checks (3.12)	Build pinned Float64 3D contact backend	2026-10-06T00:52:17.4698640Z     },
checks (3.12)	Build pinned Float64 3D contact backend	2026-10-06T00:52:17.4698717Z     {
checks (3.12)	Build pinned Float64 3D contact backend	2026-10-06T00:52:17.4698805Z       "friction_capacity": 0.0,
checks (3.12)	Build pinned Float64 3D contact backend	2026-10-06T00:52:17.4698901Z       "friction_support_gap_J": 0.0,
checks (3.12)	Build pinned Float64 3D contact backend	2026-10-06T00:52:17.4698986Z       "normal_impulse": 0.0,
checks (3.12)	Build pinned Float64 3D contact backend	2026-10-06T00:52:17.4699074Z       "normal_row": 40,
checks (3.12)	Build pinned Float64 3D contact backend	2026-10-06T00:52:17.4699180Z       "normal_velocity_m_s": 0.5717235616572641,
checks (3.12)	Build pinned Float64 3D contact backend	2026-10-06T00:52:17.4699280Z       "tangent_impulse_norm": 0.0,
checks (3.12)	Build pinned Float64 3D contact backend	2026-10-06T00:52:17.4699401Z       "tangent_velocity_norm_m_s": 3.5418744319381013
checks (3.12)	Build pinned Float64 3D contact backend	2026-10-06T00:52:17.4699481Z     },
checks (3.12)	Build pinned Float64 3D contact backend	2026-10-06T00:52:17.4699551Z     {
checks (3.12)	Build pinned Float64 3D contact backend	2026-10-06T00:52:17.4699646Z       "friction_capacity": 0.0,
checks (3.12)	Build pinned Float64 3D contact backend	2026-10-06T00:52:17.4699741Z       "friction_support_gap_J": 0.0,
checks (3.12)	Build pinned Float64 3D contact backend	2026-10-06T00:52:17.4699832Z       "normal_impulse": 0.0,
checks (3.12)	Build pinned Float64 3D contact backend	2026-10-06T00:52:17.4699912Z       "normal_row": 41,
checks (3.12)	Build pinned Float64 3D contact backend	2026-10-06T00:52:17.4700016Z       "normal_velocity_m_s": 111.38082013895402,
checks (3.12)	Build pinned Float64 3D contact backend	2026-10-06T00:52:17.4700248Z       "tangent_impulse_norm": 0.0,
checks (3.12)	Build pinned Float64 3D contact backend	2026-10-06T00:52:17.4700359Z       "tangent_velocity_norm_m_s": 3.9913084895229534
checks (3.12)	Build pinned Float64 3D contact backend	2026-10-06T00:52:17.4700433Z     },
checks (3.12)	Build pinned Float64 3D contact backend	2026-10-06T00:52:17.4700501Z     {
checks (3.12)	Build pinned Float64 3D contact backend	2026-10-06T00:52:17.4700592Z       "friction_capacity": 0.0,
checks (3.12)	Build pinned Float64 3D contact backend	2026-10-06T00:52:17.4700681Z       "friction_support_gap_J": 0.0,
checks (3.12)	Build pinned Float64 3D contact backend	2026-10-06T00:52:17.4700770Z       "normal_impulse": 0.0,
checks (3.12)	Build pinned Float64 3D contact backend	2026-10-06T00:52:17.4700854Z       "normal_row": 42,
checks (3.12)	Build pinned Float64 3D contact backend	2026-10-06T00:52:17.4700958Z       "normal_velocity_m_s": 30.39769150344972,
checks (3.12)	Build pinned Float64 3D contact backend	2026-10-06T00:52:17.4701051Z       "tangent_impulse_norm": 0.0,
checks (3.12)	Build pinned Float64 3D contact backend	2026-10-06T00:52:17.4701161Z       "tangent_velocity_norm_m_s": 3.738925677773655
checks (3.12)	Build pinned Float64 3D contact backend	2026-10-06T00:52:17.4701235Z     },
checks (3.12)	Build pinned Float64 3D contact backend	2026-10-06T00:52:17.4701303Z     {
checks (3.12)	Build pinned Float64 3D contact backend	2026-10-06T00:52:17.4701394Z       "friction_capacity": 0.0,
checks (3.12)	Build pinned Float64 3D contact backend	2026-10-06T00:52:17.4701481Z       "friction_support_gap_J": 0.0,
checks (3.12)	Build pinned Float64 3D contact backend	2026-10-06T00:52:17.4701570Z       "normal_impulse": 0.0,
checks (3.12)	Build pinned Float64 3D contact backend	2026-10-06T00:52:17.4701883Z       "normal_row": 43,
checks (3.12)	Build pinned Float64 3D contact backend	2026-10-06T00:52:17.4702004Z       "normal_velocity_m_s": 51.79410338136327,
checks (3.12)	Build pinned Float64 3D contact backend	2026-10-06T00:52:17.4702105Z       "tangent_impulse_norm": 0.0,
checks (3.12)	Build pinned Float64 3D contact backend	2026-10-06T00:52:17.4702213Z       "tangent_velocity_norm_m_s": 3.8840549708087684
checks (3.12)	Build pinned Float64 3D contact backend	2026-10-06T00:52:17.4702287Z     },
checks (3.12)	Build pinned Float64 3D contact backend	2026-10-06T00:52:17.4702356Z     {
checks (3.12)	Build pinned Float64 3D contact backend	2026-10-06T00:52:17.4702463Z       "friction_capacity": 0.0013615623585726795,
checks (3.12)	Build pinned Float64 3D contact backend	2026-10-06T00:52:17.4702579Z       "friction_support_gap_J": 8.915644531460288e-16,
checks (3.12)	Build pinned Float64 3D contact backend	2026-10-06T00:52:17.4702685Z       "normal_impulse": 0.0034039058964316984,
checks (3.12)	Build pinned Float64 3D contact backend	2026-10-06T00:52:17.4702770Z       "normal_row": 44,
checks (3.12)	Build pinned Float64 3D contact backend	2026-10-06T00:52:17.4702882Z       "normal_velocity_m_s": -2.146511101405301e-09,
checks (3.12)	Build pinned Float64 3D contact backend	2026-10-06T00:52:17.4702991Z       "tangent_impulse_norm": 0.0004535360805817893,
checks (3.12)	Build pinned Float64 3D contact backend	2026-10-06T00:52:17.4703111Z       "tangent_velocity_norm_m_s": 5.980778810671241e-13
checks (3.12)	Build pinned Float64 3D contact backend	2026-10-06T00:52:17.4703184Z     },
checks (3.12)	Build pinned Float64 3D contact backend	2026-10-06T00:52:17.4703254Z     {
checks (3.12)	Build pinned Float64 3D contact backend	2026-10-06T00:52:17.4703359Z       "friction_capacity": 0.0014176448378682188,
checks (3.12)	Build pinned Float64 3D contact backend	2026-10-06T00:52:17.4703478Z       "friction_support_gap_J": 8.887856868917052e-15,
checks (3.12)	Build pinned Float64 3D contact backend	2026-10-06T00:52:17.4703578Z       "normal_impulse": 0.003544112094670547,
checks (3.12)	Build pinned Float64 3D contact backend	2026-10-06T00:52:17.4703664Z       "normal_row": 45,
checks (3.12)	Build pinned Float64 3D contact backend	2026-10-06T00:52:17.4703769Z       "normal_velocity_m_s": 7.187175233728865e-09,
checks (3.12)	Build pinned Float64 3D contact backend	2026-10-06T00:52:17.4703880Z       "tangent_impulse_norm": 0.0005792143126908384,
checks (3.12)	Build pinned Float64 3D contact backend	2026-10-06T00:52:17.4703998Z       "tangent_velocity_norm_m_s": 6.369627263763732e-12
checks (3.12)	Build pinned Float64 3D contact backend	2026-10-06T00:52:17.4704200Z     },
checks (3.12)	Build pinned Float64 3D contact backend	2026-10-06T00:52:17.4704273Z     {
checks (3.12)	Build pinned Float64 3D contact backend	2026-10-06T00:52:17.4704372Z       "friction_capacity": 0.000662212884120783,
checks (3.12)	Build pinned Float64 3D contact backend	2026-10-06T00:52:17.4704487Z       "friction_support_gap_J": 4.840483572963504e-22,
checks (3.12)	Build pinned Float64 3D contact backend	2026-10-06T00:52:17.4704580Z       "normal_impulse": 0.0016555322103019574,
checks (3.12)	Build pinned Float64 3D contact backend	2026-10-06T00:52:17.4704662Z       "normal_row": 46,
checks (3.12)	Build pinned Float64 3D contact backend	2026-10-06T00:52:17.4704772Z       "normal_velocity_m_s": -4.4146108770795e-09,
checks (3.12)	Build pinned Float64 3D contact backend	2026-10-06T00:52:17.4704879Z       "tangent_impulse_norm": 0.0002485542824468174,
checks (3.12)	Build pinned Float64 3D contact backend	2026-10-06T00:52:17.4705004Z       "tangent_velocity_norm_m_s": 6.2400521128423495e-19
checks (3.12)	Build pinned Float64 3D contact backend	2026-10-06T00:52:17.4705072Z     },
checks (3.12)	Build pinned Float64 3D contact backend	2026-10-06T00:52:17.4705151Z     {
checks (3.12)	Build pinned Float64 3D contact backend	2026-10-06T00:52:17.4705235Z       "friction_capacity": 0.0,
checks (3.12)	Build pinned Float64 3D contact backend	2026-10-06T00:52:17.4705329Z       "friction_support_gap_J": 0.0,
checks (3.12)	Build pinned Float64 3D contact backend	2026-10-06T00:52:17.4705413Z       "normal_impulse": 0.0,
checks (3.12)	Build pinned Float64 3D contact backend	2026-10-06T00:52:17.4705494Z       "normal_row": 47,
checks (3.12)	Build pinned Float64 3D contact backend	2026-10-06T00:52:17.4705592Z       "normal_velocity_m_s": 2.185621950147047,
checks (3.12)	Build pinned Float64 3D contact backend	2026-10-06T00:52:17.4705680Z       "tangent_impulse_norm": 0.0,
checks (3.12)	Build pinned Float64 3D contact backend	2026-10-06T00:52:17.4705802Z       "tangent_velocity_norm_m_s": 0.013437764965451446
checks (3.12)	Build pinned Float64 3D contact backend	2026-10-06T00:52:17.4705872Z     },
checks (3.12)	Build pinned Float64 3D contact backend	2026-10-06T00:52:17.4705940Z     {
checks (3.12)	Build pinned Float64 3D contact backend	2026-10-06T00:52:17.4706024Z       "friction_capacity": 0.0,
checks (3.12)	Build pinned Float64 3D contact backend	2026-10-06T00:52:17.4706117Z       "friction_support_gap_J": 0.0,
checks (3.12)	Build pinned Float64 3D contact backend	2026-10-06T00:52:17.4706200Z       "normal_impulse": 0.0,
checks (3.12)	Build pinned Float64 3D contact backend	2026-10-06T00:52:17.4706285Z       "normal_row": 48,
checks (3.12)	Build pinned Float64 3D contact backend	2026-10-06T00:52:17.4706388Z       "normal_velocity_m_s": 0.03886779994631695,
checks (3.12)	Build pinned Float64 3D contact backend	2026-10-06T00:52:17.4706477Z       "tangent_impulse_norm": 0.0,
checks (3.12)	Build pinned Float64 3D contact backend	2026-10-06T00:52:17.4706594Z       "tangent_velocity_norm_m_s": 0.018248881246062443
checks (3.12)	Build pinned Float64 3D contact backend	2026-10-06T00:52:17.4706782Z     },
checks (3.12)	Build pinned Float64 3D contact backend	2026-10-06T00:52:17.4706856Z     {
checks (3.12)	Build pinned Float64 3D contact backend	2026-10-06T00:52:17.4706942Z       "friction_capacity": 0.0,
checks (3.12)	Build pinned Float64 3D contact backend	2026-10-06T00:52:17.4707039Z       "friction_support_gap_J": 0.0,
checks (3.12)	Build pinned Float64 3D contact backend	2026-10-06T00:52:17.4707122Z       "normal_impulse": 0.0,
checks (3.12)	Build pinned Float64 3D contact backend	2026-10-06T00:52:17.4707206Z       "normal_row": 49,
checks (3.12)	Build pinned Float64 3D contact backend	2026-10-06T00:52:17.4707308Z       "normal_velocity_m_s": 1.462341656224982,
checks (3.12)	Build pinned Float64 3D contact backend	2026-10-06T00:52:17.4707404Z       "tangent_impulse_norm": 0.0,
checks (3.12)	Build pinned Float64 3D contact backend	2026-10-06T00:52:17.4707518Z       "tangent_velocity_norm_m_s": 0.10060052210966267
checks (3.12)	Build pinned Float64 3D contact backend	2026-10-06T00:52:17.4707587Z     },
checks (3.12)	Build pinned Float64 3D contact backend	2026-10-06T00:52:17.4707660Z     {
checks (3.12)	Build pinned Float64 3D contact backend	2026-10-06T00:52:17.4707759Z       "friction_capacity": 0.0008529548145275242,
checks (3.12)	Build pinned Float64 3D contact backend	2026-10-06T00:52:17.4707874Z       "friction_support_gap_J": 4.336808689942018e-19,
checks (3.12)	Build pinned Float64 3D contact backend	2026-10-06T00:52:17.4707973Z       "normal_impulse": 0.0021323870363188103,
checks (3.12)	Build pinned Float64 3D contact backend	2026-10-06T00:52:17.4708054Z       "normal_row": 50,
checks (3.12)	Build pinned Float64 3D contact backend	2026-10-06T00:52:17.4708163Z       "normal_velocity_m_s": 4.573977915173222e-19,
checks (3.12)	Build pinned Float64 3D contact backend	2026-10-06T00:52:17.4708266Z       "tangent_impulse_norm": 0.000852954814527522,
checks (3.12)	Build pinned Float64 3D contact backend	2026-10-06T00:52:17.4708385Z       "tangent_velocity_norm_m_s": 0.18556707251088306
checks (3.12)	Build pinned Float64 3D contact backend	2026-10-06T00:52:17.4708456Z     },
checks (3.12)	Build pinned Float64 3D contact backend	2026-10-06T00:52:17.4708530Z     {
checks (3.12)	Build pinned Float64 3D contact backend	2026-10-06T00:52:17.4708620Z       "friction_capacity": 0.0,
checks (3.12)	Build pinned Float64 3D contact backend	2026-10-06T00:52:17.4708710Z       "friction_support_gap_J": 0.0,
checks (3.12)	Build pinned Float64 3D contact backend	2026-10-06T00:52:17.4708801Z       "normal_impulse": 0.0,
checks (3.12)	Build pinned Float64 3D contact backend	2026-10-06T00:52:17.4708884Z       "normal_row": 51,
checks (3.12)	Build pinned Float64 3D contact backend	2026-10-06T00:52:17.4708991Z       "normal_velocity_m_s": 1.1908608788008363e-07,
checks (3.12)	Build pinned Float64 3D contact backend	2026-10-06T00:52:17.4709077Z       "tangent_impulse_norm": 0.0,
checks (3.12)	Build pinned Float64 3D contact backend	2026-10-06T00:52:17.4709186Z       "tangent_velocity_norm_m_s": 1.06790776674176
checks (3.12)	Build pinned Float64 3D contact backend	2026-10-06T00:52:17.4709262Z     },
checks (3.12)	Build pinned Float64 3D contact backend	2026-10-06T00:52:17.4709330Z     {
checks (3.12)	Build pinned Float64 3D contact backend	2026-10-06T00:52:17.4709439Z       "friction_capacity": 0.00011689866733353234,
checks (3.12)	Build pinned Float64 3D contact backend	2026-10-06T00:52:17.4709548Z       "friction_support_gap_J": 2.371692252312041e-20,
checks (3.12)	Build pinned Float64 3D contact backend	2026-10-06T00:52:17.4709645Z       "normal_impulse": 0.00029224666833383084,
checks (3.12)	Build pinned Float64 3D contact backend	2026-10-06T00:52:17.4709725Z       "normal_row": 52,
checks (3.12)	Build pinned Float64 3D contact backend	2026-10-06T00:52:17.4709836Z       "normal_velocity_m_s": 2.202285662861181e-19,
checks (3.12)	Build pinned Float64 3D contact backend	2026-10-06T00:52:17.4709944Z       "tangent_impulse_norm": 0.00011689866733353222,
checks (3.12)	Build pinned Float64 3D contact backend	2026-10-06T00:52:17.4710057Z       "tangent_velocity_norm_m_s": 0.18349311014780864
checks (3.12)	Build pinned Float64 3D contact backend	2026-10-06T00:52:17.4710132Z     },
checks (3.12)	Build pinned Float64 3D contact backend	2026-10-06T00:52:17.4710200Z     {
checks (3.12)	Build pinned Float64 3D contact backend	2026-10-06T00:52:17.4710292Z       "friction_capacity": 0.0,
checks (3.12)	Build pinned Float64 3D contact backend	2026-10-06T00:52:17.4710469Z       "friction_support_gap_J": 0.0,
checks (3.12)	Build pinned Float64 3D contact backend	2026-10-06T00:52:17.4710558Z       "normal_impulse": 0.0,
checks (3.12)	Build pinned Float64 3D contact backend	2026-10-06T00:52:17.4710638Z       "normal_row": 53,
checks (3.12)	Build pinned Float64 3D contact backend	2026-10-06T00:52:17.4710746Z       "normal_velocity_m_s": 6.25228037887203e-08,
checks (3.12)	Build pinned Float64 3D contact backend	2026-10-06T00:52:17.4710839Z       "tangent_impulse_norm": 0.0,
checks (3.12)	Build pinned Float64 3D contact backend	2026-10-06T00:52:17.4710946Z       "tangent_velocity_norm_m_s": 0.5834470623150593
checks (3.12)	Build pinned Float64 3D contact backend	2026-10-06T00:52:17.4711019Z     }
checks (3.12)	Build pinned Float64 3D contact backend	2026-10-06T00:52:17.4711089Z   ],
checks (3.12)	Build pinned Float64 3D contact backend	2026-10-06T00:52:17.4711193Z   "independent_law_accepted": true,
checks (3.12)	Build pinned Float64 3D contact backend	2026-10-06T00:52:17.4711296Z   "independent_passivity_accepted": true,
checks (3.12)	Build pinned Float64 3D contact backend	2026-10-06T00:52:17.4711439Z   "interior_sticking_velocity_m_s": 1.9846184612458192e-11,
checks (3.12)	Build pinned Float64 3D contact backend	2026-10-06T00:52:17.4711538Z   "iteration_budget": 4096,
checks (3.12)	Build pinned Float64 3D contact backend	2026-10-06T00:52:17.4711879Z   "maximum_dissipation_gap_J": 1.6414656944821026e-14,
checks (3.12)	Build pinned Float64 3D contact backend	2026-10-06T00:52:17.4712005Z   "negative_normal_impulse_scaled_m_s": 0.0,
checks (3.12)	Build pinned Float64 3D contact backend	2026-10-06T00:52:17.4712121Z   "negative_normal_velocity_m_s": 4.4146108770795e-09,
checks (3.12)	Build pinned Float64 3D contact backend	2026-10-06T00:52:17.4712268Z   "normal_complementarity_work_J": 2.5472154672375085e-11,
checks (3.12)	Build pinned Float64 3D contact backend	2026-10-06T00:52:17.4712360Z   "null_traction_seed_policy": {
checks (3.12)	Build pinned Float64 3D contact backend	2026-10-06T00:52:17.4712445Z     "attempts": 1,
checks (3.12)	Build pinned Float64 3D contact backend	2026-10-06T00:52:17.4712539Z     "component_cap_rejections": 0,
checks (3.12)	Build pinned Float64 3D contact backend	2026-10-06T00:52:17.4712625Z     "components": 16,
checks (3.12)	Build pinned Float64 3D contact backend	2026-10-06T00:52:17.4712706Z     "declines": 0,
checks (3.12)	Build pinned Float64 3D contact backend	2026-10-06T00:52:17.4712792Z     "iteration_steps": 4103,
checks (3.12)	Build pinned Float64 3D contact backend	2026-10-06T00:52:17.4712887Z     "largest_component_rows": 21,
checks (3.12)	Build pinned Float64 3D contact backend	2026-10-06T00:52:17.4712969Z     "newton_steps": 16,
checks (3.12)	Build pinned Float64 3D contact backend	2026-10-06T00:52:17.4713055Z     "null_svd_calls": 1,
checks (3.12)	Build pinned Float64 3D contact backend	2026-10-06T00:52:17.4713136Z     "seed_attempts": 2,
checks (3.12)	Build pinned Float64 3D contact backend	2026-10-06T00:52:17.4713270Z     "seed_response_change_max_m_s": 0.010340132960466871,
checks (3.12)	Build pinned Float64 3D contact backend	2026-10-06T00:52:17.4713489Z     "seed_svd_calls": 2,
checks (3.12)	Build pinned Float64 3D contact backend	2026-10-06T00:52:17.4713565Z     "solves": 1,
checks (3.12)	Build pinned Float64 3D contact backend	2026-10-06T00:52:17.4713648Z     "svd_calls": 4103
checks (3.12)	Build pinned Float64 3D contact backend	2026-10-06T00:52:17.4713718Z   },
checks (3.12)	Build pinned Float64 3D contact backend	2026-10-06T00:52:17.4713796Z   "p": [
checks (3.12)	Build pinned Float64 3D contact backend	2026-10-06T00:52:17.4713870Z     0.00236254715964101,
checks (3.12)	Build pinned Float64 3D contact backend	2026-10-06T00:52:17.4713947Z     0.0,
checks (3.12)	Build pinned Float64 3D contact backend	2026-10-06T00:52:17.4714028Z     0.0,
checks (3.12)	Build pinned Float64 3D contact backend	2026-10-06T00:52:17.4714102Z     0.0,
checks (3.12)	Build pinned Float64 3D contact backend	2026-10-06T00:52:17.4714176Z     0.0,
checks (3.12)	Build pinned Float64 3D contact backend	2026-10-06T00:52:17.4714246Z     0.0,
checks (3.12)	Build pinned Float64 3D contact backend	2026-10-06T00:52:17.4714321Z     0.0,
checks (3.12)	Build pinned Float64 3D contact backend	2026-10-06T00:52:17.4714390Z     0.0,
checks (3.12)	Build pinned Float64 3D contact backend	2026-10-06T00:52:17.4714465Z     0.0,
checks (3.12)	Build pinned Float64 3D contact backend	2026-10-06T00:52:17.4714534Z     0.0,
checks (3.12)	Build pinned Float64 3D contact backend	2026-10-06T00:52:17.4714606Z     0.0,
checks (3.12)	Build pinned Float64 3D contact backend	2026-10-06T00:52:17.4714684Z     0.002587300182268972,
checks (3.12)	Build pinned Float64 3D contact backend	2026-10-06T00:52:17.4714761Z     0.0,
checks (3.12)	Build pinned Float64 3D contact backend	2026-10-06T00:52:17.4714842Z     0.0014636014454932462,
checks (3.12)	Build pinned Float64 3D contact backend	2026-10-06T00:52:17.4714911Z     0.0,
checks (3.12)	Build pinned Float64 3D contact backend	2026-10-06T00:52:17.4714985Z     0.0,
checks (3.12)	Build pinned Float64 3D contact backend	2026-10-06T00:52:17.4715055Z     0.0,
checks (3.12)	Build pinned Float64 3D contact backend	2026-10-06T00:52:17.4715129Z     0.0,
checks (3.12)	Build pinned Float64 3D contact backend	2026-10-06T00:52:17.4715202Z     0.0,
checks (3.12)	Build pinned Float64 3D contact backend	2026-10-06T00:52:17.4715276Z     0.0,
checks (3.12)	Build pinned Float64 3D contact backend	2026-10-06T00:52:17.4715362Z     0.0,
checks (3.12)	Build pinned Float64 3D contact backend	2026-10-06T00:52:17.4715457Z     0.0,
checks (3.12)	Build pinned Float64 3D contact backend	2026-10-06T00:52:17.4715530Z     0.0,
checks (3.12)	Build pinned Float64 3D contact backend	2026-10-06T00:52:17.4715599Z     0.0,
checks (3.12)	Build pinned Float64 3D contact backend	2026-10-06T00:52:17.4715675Z     0.0,
checks (3.12)	Build pinned Float64 3D contact backend	2026-10-06T00:52:17.4715745Z     0.0,
checks (3.12)	Build pinned Float64 3D contact backend	2026-10-06T00:52:17.4715818Z     0.0,
checks (3.12)	Build pinned Float64 3D contact backend	2026-10-06T00:52:17.4715887Z     0.0,
checks (3.12)	Build pinned Float64 3D contact backend	2026-10-06T00:52:17.4715966Z     0.0,
checks (3.12)	Build pinned Float64 3D contact backend	2026-10-06T00:52:17.4716035Z     0.0,
checks (3.12)	Build pinned Float64 3D contact backend	2026-10-06T00:52:17.4716111Z     0.0,
checks (3.12)	Build pinned Float64 3D contact backend	2026-10-06T00:52:17.4716179Z     0.0,
checks (3.12)	Build pinned Float64 3D contact backend	2026-10-06T00:52:17.4716254Z     0.0,
checks (3.12)	Build pinned Float64 3D contact backend	2026-10-06T00:52:17.4716328Z     0.0,
checks (3.12)	Build pinned Float64 3D contact backend	2026-10-06T00:52:17.4716406Z     0.008280325695306269,
checks (3.12)	Build pinned Float64 3D contact backend	2026-10-06T00:52:17.4716479Z     0.0,
checks (3.12)	Build pinned Float64 3D contact backend	2026-10-06T00:52:17.4716554Z     0.0045286397170773915,
checks (3.12)	Build pinned Float64 3D contact backend	2026-10-06T00:52:17.4716627Z     0.0,
checks (3.12)	Build pinned Float64 3D contact backend	2026-10-06T00:52:17.4716696Z     0.0,
checks (3.12)	Build pinned Float64 3D contact backend	2026-10-06T00:52:17.4716804Z     0.0,
checks (3.12)	Build pinned Float64 3D contact backend	2026-10-06T00:52:17.4716874Z     0.0,
checks (3.12)	Build pinned Float64 3D contact backend	2026-10-06T00:52:17.4716950Z     0.0,
checks (3.12)	Build pinned Float64 3D contact backend	2026-10-06T00:52:17.4717024Z     0.0,
checks (3.12)	Build pinned Float64 3D contact backend	2026-10-06T00:52:17.4717092Z     0.0,
checks (3.12)	Build pinned Float64 3D contact backend	2026-10-06T00:52:17.4717176Z     0.0034039058964316984,
checks (3.12)	Build pinned Float64 3D contact backend	2026-10-06T00:52:17.4717250Z     0.003544112094670547,
checks (3.12)	Build pinned Float64 3D contact backend	2026-10-06T00:52:17.4717329Z     0.0016555322103019574,
checks (3.12)	Build pinned Float64 3D contact backend	2026-10-06T00:52:17.4717399Z     0.0,
checks (3.12)	Build pinned Float64 3D contact backend	2026-10-06T00:52:17.4717473Z     0.0,
checks (3.12)	Build pinned Float64 3D contact backend	2026-10-06T00:52:17.4717545Z     0.0,
checks (3.12)	Build pinned Float64 3D contact backend	2026-10-06T00:52:17.4717624Z     0.0021323870363188103,
checks (3.12)	Build pinned Float64 3D contact backend	2026-10-06T00:52:17.4717696Z     0.0,
checks (3.12)	Build pinned Float64 3D contact backend	2026-10-06T00:52:17.4717892Z     0.00029224666833383084,
checks (3.12)	Build pinned Float64 3D contact backend	2026-10-06T00:52:17.4717967Z     0.0,
checks (3.12)	Build pinned Float64 3D contact backend	2026-10-06T00:52:17.4718046Z     -0.0009264963416188238,
checks (3.12)	Build pinned Float64 3D contact backend	2026-10-06T00:52:17.4718125Z     0.0001861858802685666,
checks (3.12)	Build pinned Float64 3D contact backend	2026-10-06T00:52:17.4718195Z     0.0,
checks (3.12)	Build pinned Float64 3D contact backend	2026-10-06T00:52:17.4718273Z     0.0,
checks (3.12)	Build pinned Float64 3D contact backend	2026-10-06T00:52:17.4718341Z     0.0,
checks (3.12)	Build pinned Float64 3D contact backend	2026-10-06T00:52:17.4718415Z     0.0,
checks (3.12)	Build pinned Float64 3D contact backend	2026-10-06T00:52:17.4718489Z     0.0,
checks (3.12)	Build pinned Float64 3D contact backend	2026-10-06T00:52:17.4718558Z     0.0,
checks (3.12)	Build pinned Float64 3D contact backend	2026-10-06T00:52:17.4718631Z     0.0,
checks (3.12)	Build pinned Float64 3D contact backend	2026-10-06T00:52:17.4718699Z     0.0,
checks (3.12)	Build pinned Float64 3D contact backend	2026-10-06T00:52:17.4718771Z     0.0,
checks (3.12)	Build pinned Float64 3D contact backend	2026-10-06T00:52:17.4718839Z     0.0,
checks (3.12)	Build pinned Float64 3D contact backend	2026-10-06T00:52:17.4718912Z     0.0,
checks (3.12)	Build pinned Float64 3D contact backend	2026-10-06T00:52:17.4718981Z     0.0,
checks (3.12)	Build pinned Float64 3D contact backend	2026-10-06T00:52:17.4719057Z     0.0,
checks (3.12)	Build pinned Float64 3D contact backend	2026-10-06T00:52:17.4719131Z     0.0,
checks (3.12)	Build pinned Float64 3D contact backend	2026-10-06T00:52:17.4719200Z     0.0,
checks (3.12)	Build pinned Float64 3D contact backend	2026-10-06T00:52:17.4719273Z     0.0,
checks (3.12)	Build pinned Float64 3D contact backend	2026-10-06T00:52:17.4719342Z     0.0,
checks (3.12)	Build pinned Float64 3D contact backend	2026-10-06T00:52:17.4719416Z     0.0,
checks (3.12)	Build pinned Float64 3D contact backend	2026-10-06T00:52:17.4719485Z     0.0,
checks (3.12)	Build pinned Float64 3D contact backend	2026-10-06T00:52:17.4719558Z     0.0,
checks (3.12)	Build pinned Float64 3D contact backend	2026-10-06T00:52:17.4719636Z     -0.0002630013867847021,
checks (3.12)	Build pinned Float64 3D contact backend	2026-10-06T00:52:17.4719723Z     -0.0010009444679183617,
checks (3.12)	Build pinned Float64 3D contact backend	2026-10-06T00:52:17.4719799Z     0.0,
checks (3.12)	Build pinned Float64 3D contact backend	2026-10-06T00:52:17.4719873Z     -0.0,
checks (3.12)	Build pinned Float64 3D contact backend	2026-10-06T00:52:17.4719955Z     -0.0003408713119787854,
checks (3.12)	Build pinned Float64 3D contact backend	2026-10-06T00:52:17.4720029Z     0.00022390124523462843,
checks (3.12)	Build pinned Float64 3D contact backend	2026-10-06T00:52:17.4720101Z     0.0,
checks (3.12)	Build pinned Float64 3D contact backend	2026-10-06T00:52:17.4720170Z     0.0,
checks (3.12)	Build pinned Float64 3D contact backend	2026-10-06T00:52:17.4720243Z     0.0,
checks (3.12)	Build pinned Float64 3D contact backend	2026-10-06T00:52:17.4720313Z     0.0,
checks (3.12)	Build pinned Float64 3D contact backend	2026-10-06T00:52:17.4720388Z     0.0,
checks (3.12)	Build pinned Float64 3D contact backend	2026-10-06T00:52:17.4720462Z     0.0,
checks (3.12)	Build pinned Float64 3D contact backend	2026-10-06T00:52:17.4720531Z     0.0,
checks (3.12)	Build pinned Float64 3D contact backend	2026-10-06T00:52:17.4720606Z     0.0,
checks (3.12)	Build pinned Float64 3D contact backend	2026-10-06T00:52:17.4720675Z     0.0,
checks (3.12)	Build pinned Float64 3D contact backend	2026-10-06T00:52:17.4720749Z     0.0,
checks (3.12)	Build pinned Float64 3D contact backend	2026-10-06T00:52:17.4720820Z     0.0,
checks (3.12)	Build pinned Float64 3D contact backend	2026-10-06T00:52:17.4720988Z     0.0,
checks (3.12)	Build pinned Float64 3D contact backend	2026-10-06T00:52:17.4721058Z     0.0,
checks (3.12)	Build pinned Float64 3D contact backend	2026-10-06T00:52:17.4721131Z     0.0,
checks (3.12)	Build pinned Float64 3D contact backend	2026-10-06T00:52:17.4721199Z     0.0,
checks (3.12)	Build pinned Float64 3D contact backend	2026-10-06T00:52:17.4721272Z     0.0,
checks (3.12)	Build pinned Float64 3D contact backend	2026-10-06T00:52:17.4721346Z     0.0,
checks (3.12)	Build pinned Float64 3D contact backend	2026-10-06T00:52:17.4721414Z     0.0,
checks (3.12)	Build pinned Float64 3D contact backend	2026-10-06T00:52:17.4721489Z     0.0,
checks (3.12)	Build pinned Float64 3D contact backend	2026-10-06T00:52:17.4721558Z     0.0,
checks (3.12)	Build pinned Float64 3D contact backend	2026-10-06T00:52:17.4721772Z     0.0,
checks (3.12)	Build pinned Float64 3D contact backend	2026-10-06T00:52:17.4721850Z     0.0,
checks (3.12)	Build pinned Float64 3D contact backend	2026-10-06T00:52:17.4721925Z     0.0,
checks (3.12)	Build pinned Float64 3D contact backend	2026-10-06T00:52:17.4721993Z     0.0,
checks (3.12)	Build pinned Float64 3D contact backend	2026-10-06T00:52:17.4722066Z     0.0,
checks (3.12)	Build pinned Float64 3D contact backend	2026-10-06T00:52:17.4722146Z     0.0,
checks (3.12)	Build pinned Float64 3D contact backend	2026-10-06T00:52:17.4722215Z     0.0,
checks (3.12)	Build pinned Float64 3D contact backend	2026-10-06T00:52:17.4722288Z     0.0,
checks (3.12)	Build pinned Float64 3D contact backend	2026-10-06T00:52:17.4722356Z     0.0,
checks (3.12)	Build pinned Float64 3D contact backend	2026-10-06T00:52:17.4722431Z     0.0,
checks (3.12)	Build pinned Float64 3D contact backend	2026-10-06T00:52:17.4722499Z     0.0,
checks (3.12)	Build pinned Float64 3D contact backend	2026-10-06T00:52:17.4722572Z     0.0,
checks (3.12)	Build pinned Float64 3D contact backend	2026-10-06T00:52:17.4722642Z     0.0,
checks (3.12)	Build pinned Float64 3D contact backend	2026-10-06T00:52:17.4722716Z     0.0,
checks (3.12)	Build pinned Float64 3D contact backend	2026-10-06T00:52:17.4722789Z     0.0,
checks (3.12)	Build pinned Float64 3D contact backend	2026-10-06T00:52:17.4722857Z     0.0,
checks (3.12)	Build pinned Float64 3D contact backend	2026-10-06T00:52:17.4722931Z     0.0,
checks (3.12)	Build pinned Float64 3D contact backend	2026-10-06T00:52:17.4723000Z     0.0,
checks (3.12)	Build pinned Float64 3D contact backend	2026-10-06T00:52:17.4723087Z     0.0,
checks (3.12)	Build pinned Float64 3D contact backend	2026-10-06T00:52:17.4723158Z     0.0,
checks (3.12)	Build pinned Float64 3D contact backend	2026-10-06T00:52:17.4723250Z     -0.003282632505649916,
checks (3.12)	Build pinned Float64 3D contact backend	2026-10-06T00:52:17.4723330Z     -0.00044105647269525317,
checks (3.12)	Build pinned Float64 3D contact backend	2026-10-06T00:52:17.4723411Z     0.0,
checks (3.12)	Build pinned Float64 3D contact backend	2026-10-06T00:52:17.4723486Z     -0.0,
checks (3.12)	Build pinned Float64 3D contact backend	2026-10-06T00:52:17.4723561Z     -0.0017992166501364384,
checks (3.12)	Build pinned Float64 3D contact backend	2026-10-06T00:52:17.4723642Z     -0.00021021863810409734,
checks (3.12)	Build pinned Float64 3D contact backend	2026-10-06T00:52:17.4723715Z     0.0,
checks (3.12)	Build pinned Float64 3D contact backend	2026-10-06T00:52:17.4723793Z     0.0,
checks (3.12)	Build pinned Float64 3D contact backend	2026-10-06T00:52:17.4723861Z     0.0,
checks (3.12)	Build pinned Float64 3D contact backend	2026-10-06T00:52:17.4723935Z     0.0,
checks (3.12)	Build pinned Float64 3D contact backend	2026-10-06T00:52:17.4724003Z     0.0,
checks (3.12)	Build pinned Float64 3D contact backend	2026-10-06T00:52:17.4724079Z     0.0,
checks (3.12)	Build pinned Float64 3D contact backend	2026-10-06T00:52:17.4724154Z     0.0,
checks (3.12)	Build pinned Float64 3D contact backend	2026-10-06T00:52:17.4724222Z     0.0,
checks (3.12)	Build pinned Float64 3D contact backend	2026-10-06T00:52:17.4724295Z     0.0,
checks (3.12)	Build pinned Float64 3D contact backend	2026-10-06T00:52:17.4724364Z     0.0,
checks (3.12)	Build pinned Float64 3D contact backend	2026-10-06T00:52:17.4724437Z     0.0,
checks (3.12)	Build pinned Float64 3D contact backend	2026-10-06T00:52:17.4724506Z     0.0,
checks (3.12)	Build pinned Float64 3D contact backend	2026-10-06T00:52:17.4724581Z     0.0,
checks (3.12)	Build pinned Float64 3D contact backend	2026-10-06T00:52:17.4724650Z     0.0,
checks (3.12)	Build pinned Float64 3D contact backend	2026-10-06T00:52:17.4724732Z     0.0004231281855901442,
checks (3.12)	Build pinned Float64 3D contact backend	2026-10-06T00:52:17.4724814Z     -0.00016327129248181916,
checks (3.12)	Build pinned Float64 3D contact backend	2026-10-06T00:52:17.4724896Z     0.0005561360880360191,
checks (3.12)	Build pinned Float64 3D contact backend	2026-10-06T00:52:17.4724975Z     0.00016186992188147112,
checks (3.12)	Build pinned Float64 3D contact backend	2026-10-06T00:52:17.4725048Z     0.00024658890950532723,
checks (3.12)	Build pinned Float64 3D contact backend	2026-10-06T00:52:17.4725131Z     -3.1195208472229004e-05,
checks (3.12)	Build pinned Float64 3D contact backend	2026-10-06T00:52:17.4725202Z     0.0,
checks (3.12)	Build pinned Float64 3D contact backend	2026-10-06T00:52:17.4725279Z     0.0,
checks (3.12)	Build pinned Float64 3D contact backend	2026-10-06T00:52:17.4725349Z     0.0,
checks (3.12)	Build pinned Float64 3D contact backend	2026-10-06T00:52:17.4725550Z     0.0,
checks (3.12)	Build pinned Float64 3D contact backend	2026-10-06T00:52:17.4725625Z     0.0,
checks (3.12)	Build pinned Float64 3D contact backend	2026-10-06T00:52:17.4725694Z     0.0,
checks (3.12)	Build pinned Float64 3D contact backend	2026-10-06T00:52:17.4725776Z     0.00013073187932066696,
checks (3.12)	Build pinned Float64 3D contact backend	2026-10-06T00:52:17.4725851Z     0.0008428766762433079,
checks (3.12)	Build pinned Float64 3D contact backend	2026-10-06T00:52:17.4725924Z     0.0,
checks (3.12)	Build pinned Float64 3D contact backend	2026-10-06T00:52:17.4725995Z     0.0,
checks (3.12)	Build pinned Float64 3D contact backend	2026-10-06T00:52:17.4726075Z     -0.0001165223887869435,
checks (3.12)	Build pinned Float64 3D contact backend	2026-10-06T00:52:17.4726151Z     9.371837372693528e-06,
checks (3.12)	Build pinned Float64 3D contact backend	2026-10-06T00:52:17.4726224Z     0.0,
checks (3.12)	Build pinned Float64 3D contact backend	2026-10-06T00:52:17.4726299Z     0.0
checks (3.12)	Build pinned Float64 3D contact backend	2026-10-06T00:52:17.4726369Z   ],
checks (3.12)	Build pinned Float64 3D contact backend	2026-10-06T00:52:17.4726492Z   "passive_change_bound_J": -0.08098558676263061,
checks (3.12)	Build pinned Float64 3D contact backend	2026-10-06T00:52:17.4726587Z   "passivity_scale": 1.0811424204040925,
checks (3.12)	Build pinned Float64 3D contact backend	2026-10-06T00:52:17.4726714Z   "positive_friction_work_J": 4.795895150293174e-15,
checks (3.12)	Build pinned Float64 3D contact backend	2026-10-06T00:52:17.4726807Z   "projection_tail_policy": {
checks (3.12)	Build pinned Float64 3D contact backend	2026-10-06T00:52:17.4726891Z     "attempts": 0,
checks (3.12)	Build pinned Float64 3D contact backend	2026-10-06T00:52:17.4726972Z     "compiled": true,
checks (3.12)	Build pinned Float64 3D contact backend	2026-10-06T00:52:17.4727054Z     "declines": 0,
checks (3.12)	Build pinned Float64 3D contact backend	2026-10-06T00:52:17.4727146Z     "iteration_steps": 0,
checks (3.12)	Build pinned Float64 3D contact backend	2026-10-06T00:52:17.4727245Z     "max_iteration_steps": 2048,
checks (3.12)	Build pinned Float64 3D contact backend	2026-10-06T00:52:17.4727326Z     "max_rows": 64,
checks (3.12)	Build pinned Float64 3D contact backend	2026-10-06T00:52:17.4727408Z     "max_svd_calls": 2048,
checks (3.12)	Build pinned Float64 3D contact backend	2026-10-06T00:52:17.4727494Z     "newton_steps": 0,
checks (3.12)	Build pinned Float64 3D contact backend	2026-10-06T00:52:17.4727568Z     "solves": 0,
checks (3.12)	Build pinned Float64 3D contact backend	2026-10-06T00:52:17.4727697Z     "stage": "after_all_existing_pipeline_failure",
checks (3.12)	Build pinned Float64 3D contact backend	2026-10-06T00:52:17.4727779Z     "svd_calls": 0
checks (3.12)	Build pinned Float64 3D contact backend	2026-10-06T00:52:17.4727848Z   },
checks (3.12)	Build pinned Float64 3D contact backend	2026-10-06T00:52:17.4727929Z   "rows": 162,
checks (3.12)	Build pinned Float64 3D contact backend	2026-10-06T00:52:17.4728058Z   "schema": "native-circular-coulomb-replay-v1",
checks (3.12)	Build pinned Float64 3D contact backend	2026-10-06T00:52:17.4728149Z   "solver_accepted": true,
checks (3.12)	Build pinned Float64 3D contact backend	2026-10-06T00:52:17.4728226Z   "stats": {
checks (3.12)	Build pinned Float64 3D contact backend	2026-10-06T00:52:17.4728321Z     "active_mode_guesses": 0,
checks (3.12)	Build pinned Float64 3D contact backend	2026-10-06T00:52:17.4728526Z     "active_passes": 0,
checks (3.12)	Build pinned Float64 3D contact backend	2026-10-06T00:52:17.4728626Z     "active_pressure_svd_calls": 0,
checks (3.12)	Build pinned Float64 3D contact backend	2026-10-06T00:52:17.4728712Z     "active_solves": 0,
checks (3.12)	Build pinned Float64 3D contact backend	2026-10-06T00:52:17.4728793Z     "active_svd_calls": 0,
checks (3.12)	Build pinned Float64 3D contact backend	2026-10-06T00:52:17.4728878Z     "cold_restarts": 0,
checks (3.12)	Build pinned Float64 3D contact backend	2026-10-06T00:52:17.4728980Z     "continuation_budget_rejections": 0,
checks (3.12)	Build pinned Float64 3D contact backend	2026-10-06T00:52:17.4729077Z     "continuation_solves": 0,
checks (3.12)	Build pinned Float64 3D contact backend	2026-10-06T00:52:17.4729163Z     "continuation_stages": 0,
checks (3.12)	Build pinned Float64 3D contact backend	2026-10-06T00:52:17.4729257Z     "continuation_svd_calls": 0,
checks (3.12)	Build pinned Float64 3D contact backend	2026-10-06T00:52:17.4729343Z     "gauge_restarts": 0,
checks (3.12)	Build pinned Float64 3D contact backend	2026-10-06T00:52:17.4729432Z     "iteration_sweeps_total": 0,
checks (3.12)	Build pinned Float64 3D contact backend	2026-10-06T00:52:17.4729539Z     "lapack_recovery_compiled": true,
checks (3.12)	Build pinned Float64 3D contact backend	2026-10-06T00:52:17.4729620Z     "newton_steps": 0,
checks (3.12)	Build pinned Float64 3D contact backend	2026-10-06T00:52:17.4729720Z     "null_pressure_boundary_moves": 0,
checks (3.12)	Build pinned Float64 3D contact backend	2026-10-06T00:52:17.4729809Z     "null_pressure_solves": 0,
checks (3.12)	Build pinned Float64 3D contact backend	2026-10-06T00:52:17.4729903Z     "null_pressure_svd_calls": 0,
checks (3.12)	Build pinned Float64 3D contact backend	2026-10-06T00:52:17.4729991Z     "opposing_restarts": 0,
checks (3.12)	Build pinned Float64 3D contact backend	2026-10-06T00:52:17.4730094Z     "polish_budget_rejections": 0,
checks (3.12)	Build pinned Float64 3D contact backend	2026-10-06T00:52:17.4730179Z     "polish_solves": 0,
checks (3.12)	Build pinned Float64 3D contact backend	2026-10-06T00:52:17.4730259Z     "polish_steps": 0,
checks (3.12)	Build pinned Float64 3D contact backend	2026-10-06T00:52:17.4730347Z     "polish_svd_calls": 0,
checks (3.12)	Build pinned Float64 3D contact backend	2026-10-06T00:52:17.4730437Z     "polish_svd_rejections": 0,
checks (3.12)	Build pinned Float64 3D contact backend	2026-10-06T00:52:17.4730525Z     "pressure_solves": 0,
checks (3.12)	Build pinned Float64 3D contact backend	2026-10-06T00:52:17.4730614Z     "pressure_svd_calls": 0,
checks (3.12)	Build pinned Float64 3D contact backend	2026-10-06T00:52:17.4730699Z     "rank_restarts": 0,
checks (3.12)	Build pinned Float64 3D contact backend	2026-10-06T00:52:17.4730795Z     "residual_m_s": 7.187175234070599e-09,
checks (3.12)	Build pinned Float64 3D contact backend	2026-10-06T00:52:17.4730872Z     "solves": 1,
checks (3.12)	Build pinned Float64 3D contact backend	2026-10-06T00:52:17.4730976Z     "supplemental_iteration_steps": 0,
checks (3.12)	Build pinned Float64 3D contact backend	2026-10-06T00:52:17.4731068Z     "supplemental_pivot_calls": 0,
checks (3.12)	Build pinned Float64 3D contact backend	2026-10-06T00:52:17.4731170Z     "supplemental_pressure_svd_calls": 0,
checks (3.12)	Build pinned Float64 3D contact backend	2026-10-06T00:52:17.4731264Z     "supplemental_projector_calls": 0,
checks (3.12)	Build pinned Float64 3D contact backend	2026-10-06T00:52:17.4731357Z     "supplemental_restarts": 0,
checks (3.12)	Build pinned Float64 3D contact backend	2026-10-06T00:52:17.4731444Z     "supplemental_solves": 0,
checks (3.12)	Build pinned Float64 3D contact backend	2026-10-06T00:52:17.4731538Z     "supplemental_svd_calls": 0,
checks (3.12)	Build pinned Float64 3D contact backend	2026-10-06T00:52:17.4731929Z     "support_component_cap_rejections": 0,
checks (3.12)	Build pinned Float64 3D contact backend	2026-10-06T00:52:17.4732062Z     "support_expanded_contacts": 0,
checks (3.12)	Build pinned Float64 3D contact backend	2026-10-06T00:52:17.4732158Z     "support_helper_calls": 0,
checks (3.12)	Build pinned Float64 3D contact backend	2026-10-06T00:52:17.4732252Z     "support_iteration_steps": 0,
checks (3.12)	Build pinned Float64 3D contact backend	2026-10-06T00:52:17.4732345Z     "support_largest_rows": 0,
checks (3.12)	Build pinned Float64 3D contact backend	2026-10-06T00:52:17.4732431Z     "support_passes": 0,
checks (3.12)	Build pinned Float64 3D contact backend	2026-10-06T00:52:17.4732658Z     "support_pivot_calls": 0,
checks (3.12)	Build pinned Float64 3D contact backend	2026-10-06T00:52:17.4732760Z     "support_pressure_svd_calls": 0,
checks (3.12)	Build pinned Float64 3D contact backend	2026-10-06T00:52:17.4732853Z     "support_skipped_components": 0,
checks (3.12)	Build pinned Float64 3D contact backend	2026-10-06T00:52:17.4732939Z     "support_solves": 0,
checks (3.12)	Build pinned Float64 3D contact backend	2026-10-06T00:52:17.4733022Z     "support_svd_calls": 0,
checks (3.12)	Build pinned Float64 3D contact backend	2026-10-06T00:52:17.4733104Z     "sweeps_max": 0
checks (3.12)	Build pinned Float64 3D contact backend	2026-10-06T00:52:17.4733175Z   },
checks (3.12)	Build pinned Float64 3D contact backend	2026-10-06T00:52:17.4733265Z   "tolerance_m_s": 1e-08,
checks (3.12)	Build pinned Float64 3D contact backend	2026-10-06T00:52:17.4733348Z   "w": [
checks (3.12)	Build pinned Float64 3D contact backend	2026-10-06T00:52:17.4733533Z     -1.6093625997831706e-19,
checks (3.12)	Build pinned Float64 3D contact backend	2026-10-06T00:52:17.4733675Z     0.6391193604924634,
checks (3.12)	Build pinned Float64 3D contact backend	2026-10-06T00:52:17.4733787Z     5.489915950742366,
checks (3.12)	Build pinned Float64 3D contact backend	2026-10-06T00:52:17.4733911Z     65.99369354366762,
checks (3.12)	Build pinned Float64 3D contact backend	2026-10-06T00:52:17.4734031Z     214.5513020309145,
checks (3.12)	Build pinned Float64 3D contact backend	2026-10-06T00:52:17.4734155Z     76.52827355317083,
checks (3.12)	Build pinned Float64 3D contact backend	2026-10-06T00:52:17.4734288Z     0.9237025756033469,
checks (3.12)	Build pinned Float64 3D contact backend	2026-10-06T00:52:17.4734385Z     165.03087298676004,
checks (3.12)	Build pinned Float64 3D contact backend	2026-10-06T00:52:17.4734464Z     123.53452783278222,
checks (3.12)	Build pinned Float64 3D contact backend	2026-10-06T00:52:17.4734537Z     67.37574171220822,
checks (3.12)	Build pinned Float64 3D contact backend	2026-10-06T00:52:17.4734626Z     0.40088223482769586,
checks (3.12)	Build pinned Float64 3D contact backend	2026-10-06T00:52:17.4734704Z     1.0221035714845506e-11,
checks (3.12)	Build pinned Float64 3D contact backend	2026-10-06T00:52:17.4734782Z     30.463642734902812,
checks (3.12)	Build pinned Float64 3D contact backend	2026-10-06T00:52:17.4734860Z     -1.307136408661147e-11,
checks (3.12)	Build pinned Float64 3D contact backend	2026-10-06T00:52:17.4734938Z     174.09028334459464,
checks (3.12)	Build pinned Float64 3D contact backend	2026-10-06T00:52:17.4735012Z     0.22432464471190447,
checks (3.12)	Build pinned Float64 3D contact backend	2026-10-06T00:52:17.4735090Z     1.288663106393132,
checks (3.12)	Build pinned Float64 3D contact backend	2026-10-06T00:52:17.4735167Z     268.7671766141052,
checks (3.12)	Build pinned Float64 3D contact backend	2026-10-06T00:52:17.4735240Z     13.778232135774317,
checks (3.12)	Build pinned Float64 3D contact backend	2026-10-06T00:52:17.4735320Z     29.354245966313172,
checks (3.12)	Build pinned Float64 3D contact backend	2026-10-06T00:52:17.4735393Z     6.52117455791047,
checks (3.12)	Build pinned Float64 3D contact backend	2026-10-06T00:52:17.4735470Z     23.615503630593768,
checks (3.12)	Build pinned Float64 3D contact backend	2026-10-06T00:52:17.4735690Z     68.27444562333812,
checks (3.12)	Build pinned Float64 3D contact backend	2026-10-06T00:52:17.4735769Z     71.79145198700401,
checks (3.12)	Build pinned Float64 3D contact backend	2026-10-06T00:52:17.4735844Z     0.48762213898891277,
checks (3.12)	Build pinned Float64 3D contact backend	2026-10-06T00:52:17.4735922Z     184.35591756498118,
checks (3.12)	Build pinned Float64 3D contact backend	2026-10-06T00:52:17.4735999Z     7.669051364009079,
checks (3.12)	Build pinned Float64 3D contact backend	2026-10-06T00:52:17.4736074Z     24.695600779999445,
checks (3.12)	Build pinned Float64 3D contact backend	2026-10-06T00:52:17.4736154Z     0.028782691173294236,
checks (3.12)	Build pinned Float64 3D contact backend	2026-10-06T00:52:17.4736237Z     4.512703100978399e-05,
checks (3.12)	Build pinned Float64 3D contact backend	2026-10-06T00:52:17.4736317Z     0.004153417758026428,
checks (3.12)	Build pinned Float64 3D contact backend	2026-10-06T00:52:17.4736391Z     0.0008646710624791101,
checks (3.12)	Build pinned Float64 3D contact backend	2026-10-06T00:52:17.4736471Z     0.003027187946799524,
checks (3.12)	Build pinned Float64 3D contact backend	2026-10-06T00:52:17.4736550Z     51.220570267596855,
checks (3.12)	Build pinned Float64 3D contact backend	2026-10-06T00:52:17.4736627Z     3.3491682734435035e-18,
checks (3.12)	Build pinned Float64 3D contact backend	2026-10-06T00:52:17.4736704Z     1.5765461771085632,
checks (3.12)	Build pinned Float64 3D contact backend	2026-10-06T00:52:17.4736779Z     3.128278398042278e-12,
checks (3.12)	Build pinned Float64 3D contact backend	2026-10-06T00:52:17.4736858Z     16.39245820455608,
checks (3.12)	Build pinned Float64 3D contact backend	2026-10-06T00:52:17.4736930Z     14.185856069060215,
checks (3.12)	Build pinned Float64 3D contact backend	2026-10-06T00:52:17.4737008Z     16.27214765821247,
checks (3.12)	Build pinned Float64 3D contact backend	2026-10-06T00:52:17.4737082Z     0.5717235616572641,
checks (3.12)	Build pinned Float64 3D contact backend	2026-10-06T00:52:17.4737165Z     111.38082013895402,
checks (3.12)	Build pinned Float64 3D contact backend	2026-10-06T00:52:17.4737244Z     30.39769150344972,
checks (3.12)	Build pinned Float64 3D contact backend	2026-10-06T00:52:17.4737316Z     51.79410338136327,
checks (3.12)	Build pinned Float64 3D contact backend	2026-10-06T00:52:17.4737398Z     -2.146511101405301e-09,
checks (3.12)	Build pinned Float64 3D contact backend	2026-10-06T00:52:17.4737475Z     7.187175233728865e-09,
checks (3.12)	Build pinned Float64 3D contact backend	2026-10-06T00:52:17.4737558Z     -4.4146108770795e-09,
checks (3.12)	Build pinned Float64 3D contact backend	2026-10-06T00:52:17.4737630Z     2.185621950147047,
checks (3.12)	Build pinned Float64 3D contact backend	2026-10-06T00:52:17.4737712Z     0.03886779994631695,
checks (3.12)	Build pinned Float64 3D contact backend	2026-10-06T00:52:17.4737793Z     1.462341656224982,
checks (3.12)	Build pinned Float64 3D contact backend	2026-10-06T00:52:17.4737868Z     4.573977915173222e-19,
checks (3.12)	Build pinned Float64 3D contact backend	2026-10-06T00:52:17.4737950Z     1.1908608788008363e-07,
checks (3.12)	Build pinned Float64 3D contact backend	2026-10-06T00:52:17.4738024Z     2.202285662861181e-19,
checks (3.12)	Build pinned Float64 3D contact backend	2026-10-06T00:52:17.4738104Z     6.25228037887203e-08,
checks (3.12)	Build pinned Float64 3D contact backend	2026-10-06T00:52:17.4738178Z     4.383965531301939,
checks (3.12)	Build pinned Float64 3D contact backend	2026-10-06T00:52:17.4738259Z     -0.8809883480881758,
checks (3.12)	Build pinned Float64 3D contact backend	2026-10-06T00:52:17.4738332Z     5.8235811230041765,
checks (3.12)	Build pinned Float64 3D contact backend	2026-10-06T00:52:17.4738410Z     4.523076659129469,
checks (3.12)	Build pinned Float64 3D contact backend	2026-10-06T00:52:17.4738489Z     -0.07845898149944996,
checks (3.12)	Build pinned Float64 3D contact backend	2026-10-06T00:52:17.4738562Z     0.7125811495399881,
checks (3.12)	Build pinned Float64 3D contact backend	2026-10-06T00:52:17.4738646Z     0.048406571190757725,
checks (3.12)	Build pinned Float64 3D contact backend	2026-10-06T00:52:17.4738721Z     -0.17205140340344716,
checks (3.12)	Build pinned Float64 3D contact backend	2026-10-06T00:52:17.4738799Z     3.236553643751299,
checks (3.12)	Build pinned Float64 3D contact backend	2026-10-06T00:52:17.4738876Z     4.92584201382226,
checks (3.12)	Build pinned Float64 3D contact backend	2026-10-06T00:52:17.4738953Z     3.096438827234344,
checks (3.12)	Build pinned Float64 3D contact backend	2026-10-06T00:52:17.4739026Z     4.715450995644629,
checks (3.12)	Build pinned Float64 3D contact backend	2026-10-06T00:52:17.4739106Z     -2.7788300442857694,
checks (3.12)	Build pinned Float64 3D contact backend	2026-10-06T00:52:17.4739281Z     -5.315287606340729,
checks (3.12)	Build pinned Float64 3D contact backend	2026-10-06T00:52:17.4739356Z     -5.042859391869639,
checks (3.12)	Build pinned Float64 3D contact backend	2026-10-06T00:52:17.4739434Z     1.8385348902343421,
checks (3.12)	Build pinned Float64 3D contact backend	2026-10-06T00:52:17.4739508Z     -5.260718064197637,
checks (3.12)	Build pinned Float64 3D contact backend	2026-10-06T00:52:17.4739584Z     2.802899369051405,
checks (3.12)	Build pinned Float64 3D contact backend	2026-10-06T00:52:17.4739658Z     2.5846335722162053,
checks (3.12)	Build pinned Float64 3D contact backend	2026-10-06T00:52:17.4739736Z     2.4261629225335297,
checks (3.12)	Build pinned Float64 3D contact backend	2026-10-06T00:52:17.4739813Z     3.1389025325757083,
checks (3.12)	Build pinned Float64 3D contact backend	2026-10-06T00:52:17.4739886Z     0.9436328819831354,
checks (3.12)	Build pinned Float64 3D contact backend	2026-10-06T00:52:17.4739971Z     6.347097717361843e-09,
checks (3.12)	Build pinned Float64 3D contact backend	2026-10-06T00:52:17.4740046Z     2.377037866828401e-08,
checks (3.12)	Build pinned Float64 3D contact backend	2026-10-06T00:52:17.4740125Z     -0.017512812072452862,
checks (3.12)	Build pinned Float64 3D contact backend	2026-10-06T00:52:17.4740205Z     -0.0009385959387537994,
checks (3.12)	Build pinned Float64 3D contact backend	2026-10-06T00:52:17.4740289Z     -1.0518793139031174e-12,
checks (3.12)	Build pinned Float64 3D contact backend	2026-10-06T00:52:17.4740364Z     1.981828937069885e-11,
checks (3.12)	Build pinned Float64 3D contact backend	2026-10-06T00:52:17.4740441Z     3.892288770374307,
checks (3.12)	Build pinned Float64 3D contact backend	2026-10-06T00:52:17.4740520Z     0.8635451629128365,
checks (3.12)	Build pinned Float64 3D contact backend	2026-10-06T00:52:17.4740591Z     4.404993223260632,
checks (3.12)	Build pinned Float64 3D contact backend	2026-10-06T00:52:17.4740673Z     -0.7016962440995452,
checks (3.12)	Build pinned Float64 3D contact backend	2026-10-06T00:52:17.4740753Z     -0.5400533722822959,
checks (3.12)	Build pinned Float64 3D contact backend	2026-10-06T00:52:17.4740832Z     -2.8095742107528023,
checks (3.12)	Build pinned Float64 3D contact backend	2026-10-06T00:52:17.4740908Z     10.103123984820613,
checks (3.12)	Build pinned Float64 3D contact backend	2026-10-06T00:52:17.4740986Z     5.922474561478595,
checks (3.12)	Build pinned Float64 3D contact backend	2026-10-06T00:52:17.4741059Z     2.352546344217313,
checks (3.12)	Build pinned Float64 3D contact backend	2026-10-06T00:52:17.4741138Z     -1.2177132836102564,
checks (3.12)	Build pinned Float64 3D contact backend	2026-10-06T00:52:17.4741215Z     0.4537285028722467,
checks (3.12)	Build pinned Float64 3D contact backend	2026-10-06T00:52:17.4741294Z     -0.03843929933051661,
checks (3.12)	Build pinned Float64 3D contact backend	2026-10-06T00:52:17.4741373Z     -0.015065600677523982,
checks (3.12)	Build pinned Float64 3D contact backend	2026-10-06T00:52:17.4741451Z     -0.08496876081513029,
checks (3.12)	Build pinned Float64 3D contact backend	2026-10-06T00:52:17.4741531Z     0.11587008642799916,
checks (3.12)	Build pinned Float64 3D contact backend	2026-10-06T00:52:17.4741604Z     0.8358237272877921,
checks (3.12)	Build pinned Float64 3D contact backend	2026-10-06T00:52:17.4742050Z     -0.09410314367060142,
checks (3.12)	Build pinned Float64 3D contact backend	2026-10-06T00:52:17.4742133Z     0.09416483375847551,
checks (3.12)	Build pinned Float64 3D contact backend	2026-10-06T00:52:17.4742209Z     -0.008299084255089908,
checks (3.12)	Build pinned Float64 3D contact backend	2026-10-06T00:52:17.4742289Z     0.03077128430323636,
checks (3.12)	Build pinned Float64 3D contact backend	2026-10-06T00:52:17.4742362Z     0.009648296582106346,
checks (3.12)	Build pinned Float64 3D contact backend	2026-10-06T00:52:17.4742443Z     0.03745773734192173,
checks (3.12)	Build pinned Float64 3D contact backend	2026-10-06T00:52:17.4742516Z     -1.7894399523516111,
checks (3.12)	Build pinned Float64 3D contact backend	2026-10-06T00:52:17.4742602Z     -0.44225027095222746,
checks (3.12)	Build pinned Float64 3D contact backend	2026-10-06T00:52:17.4742676Z     0.11044625673804861,
checks (3.12)	Build pinned Float64 3D contact backend	2026-10-06T00:52:17.4742754Z     -2.0646458157265943,
checks (3.12)	Build pinned Float64 3D contact backend	2026-10-06T00:52:17.4742835Z     -0.13701097811021035,
checks (3.12)	Build pinned Float64 3D contact backend	2026-10-06T00:52:17.4742910Z     -0.0011705873199498713,
checks (3.12)	Build pinned Float64 3D contact backend	2026-10-06T00:52:17.4743000Z     -6.050180980805022e-05,
checks (3.12)	Build pinned Float64 3D contact backend	2026-10-06T00:52:17.4743074Z     0.003571111239291019,
checks (3.12)	Build pinned Float64 3D contact backend	2026-10-06T00:52:17.4743153Z     0.22472663479762828,
checks (3.12)	Build pinned Float64 3D contact backend	2026-10-06T00:52:17.4743229Z     -0.40862331319356804,
checks (3.12)	Build pinned Float64 3D contact backend	2026-10-06T00:52:17.4743307Z     0.026786999102349565,
checks (3.12)	Build pinned Float64 3D contact backend	2026-10-06T00:52:17.4743387Z     -0.21825442842066356,
checks (3.12)	Build pinned Float64 3D contact backend	2026-10-06T00:52:17.4743460Z     0.18523129036705968,
checks (3.12)	Build pinned Float64 3D contact backend	2026-10-06T00:52:17.4743544Z     -0.37063857786366167,
checks (3.12)	Build pinned Float64 3D contact backend	2026-10-06T00:52:17.4743618Z     0.0810314028534664,
checks (3.12)	Build pinned Float64 3D contact backend	2026-10-06T00:52:17.4743697Z     -0.27042410434881664,
checks (3.12)	Build pinned Float64 3D contact backend	2026-10-06T00:52:17.4743770Z     2.771005311082549,
checks (3.12)	Build pinned Float64 3D contact backend	2026-10-06T00:52:17.4743848Z     3.742913202060245,
checks (3.12)	Build pinned Float64 3D contact backend	2026-10-06T00:52:17.4743920Z     14.336255622384186,
checks (3.12)	Build pinned Float64 3D contact backend	2026-10-06T00:52:17.4743999Z     1.926227905677298,
checks (3.12)	Build pinned Float64 3D contact backend	2026-10-06T00:52:17.4744079Z     15.512928004543909,
checks (3.12)	Build pinned Float64 3D contact backend	2026-10-06T00:52:17.4744151Z     2.958054048312744,
checks (3.12)	Build pinned Float64 3D contact backend	2026-10-06T00:52:17.4744229Z     15.644803004432251,
checks (3.12)	Build pinned Float64 3D contact backend	2026-10-06T00:52:17.4744301Z     1.8279228245069834,
checks (3.12)	Build pinned Float64 3D contact backend	2026-10-06T00:52:17.4744379Z     0.13418767601259243,
checks (3.12)	Build pinned Float64 3D contact backend	2026-10-06T00:52:17.4744455Z     -0.2260277221399695,
checks (3.12)	Build pinned Float64 3D contact backend	2026-10-06T00:52:17.4744532Z     3.096285228689529,
checks (3.12)	Build pinned Float64 3D contact backend	2026-10-06T00:52:17.4744607Z     -1.3906659988464318,
checks (3.12)	Build pinned Float64 3D contact backend	2026-10-06T00:52:17.4744682Z     1.627031916206576,
checks (3.12)	Build pinned Float64 3D contact backend	2026-10-06T00:52:17.4744761Z     -0.8386714517275989,
checks (3.12)	Build pinned Float64 3D contact backend	2026-10-06T00:52:17.4744832Z     3.311131123419285,
checks (3.12)	Build pinned Float64 3D contact backend	2026-10-06T00:52:17.4744910Z     1.2574916203064703,
checks (3.12)	Build pinned Float64 3D contact backend	2026-10-06T00:52:17.4744989Z     3.440066036034553,
checks (3.12)	Build pinned Float64 3D contact backend	2026-10-06T00:52:17.4745066Z     2.023978538981952,
checks (3.12)	Build pinned Float64 3D contact backend	2026-10-06T00:52:17.4745138Z     3.303374307163378,
checks (3.12)	Build pinned Float64 3D contact backend	2026-10-06T00:52:17.4745216Z     1.7513661555163318,
checks (3.12)	Build pinned Float64 3D contact backend	2026-10-06T00:52:17.4745295Z     -3.1213847382093154,
checks (3.12)	Build pinned Float64 3D contact backend	2026-10-06T00:52:17.4745373Z     2.3114584859647094,
checks (3.12)	Build pinned Float64 3D contact backend	2026-10-06T00:52:17.4745454Z     3.6528745794243284e-13,
checks (3.12)	Build pinned Float64 3D contact backend	2026-10-06T00:52:17.4745653Z     4.73563327224244e-13,
checks (3.12)	Build pinned Float64 3D contact backend	2026-10-06T00:52:17.4745736Z     -2.014178395197321e-12,
checks (3.12)	Build pinned Float64 3D contact backend	2026-10-06T00:52:17.4745812Z     6.042783867689014e-12,
checks (3.12)	Build pinned Float64 3D contact backend	2026-10-06T00:52:17.4745892Z     3.5236570605778894e-19,
checks (3.12)	Build pinned Float64 3D contact backend	2026-10-06T00:52:17.4745966Z     5.149960319306146e-19,
checks (3.12)	Build pinned Float64 3D contact backend	2026-10-06T00:52:17.4746049Z     -0.007451177189014259,
checks (3.12)	Build pinned Float64 3D contact backend	2026-10-06T00:52:17.4746128Z     -0.0111827315877932,
checks (3.12)	Build pinned Float64 3D contact backend	2026-10-06T00:52:17.4746202Z     -0.01173275648778027,
checks (3.12)	Build pinned Float64 3D contact backend	2026-10-06T00:52:17.4746282Z     -0.013977270546545902,
checks (3.12)	Build pinned Float64 3D contact backend	2026-10-06T00:52:17.4746356Z     -0.036301436283014056,
checks (3.12)	Build pinned Float64 3D contact backend	2026-10-06T00:52:17.4746433Z     0.09382254938194227,
checks (3.12)	Build pinned Float64 3D contact backend	2026-10-06T00:52:17.4746508Z     -0.02844175531481152,
checks (3.12)	Build pinned Float64 3D contact backend	2026-10-06T00:52:17.4746590Z     -0.18337449374128267,
checks (3.12)	Build pinned Float64 3D contact backend	2026-10-06T00:52:17.4746669Z     0.9072330402919941,
checks (3.12)	Build pinned Float64 3D contact backend	2026-10-06T00:52:17.4746743Z     0.5633428874761075,
checks (3.12)	Build pinned Float64 3D contact backend	2026-10-06T00:52:17.4746821Z     0.18290247449412353,
checks (3.12)	Build pinned Float64 3D contact backend	2026-10-06T00:52:17.4746895Z     -0.014710754421250093,
checks (3.12)	Build pinned Float64 3D contact backend	2026-10-06T00:52:17.4746974Z     0.5236755048806973,
checks (3.12)	Build pinned Float64 3D contact backend	2026-10-06T00:52:17.4747049Z     0.2572439311471109
checks (3.12)	Build pinned Float64 3D contact backend	2026-10-06T00:52:17.4747129Z   ]
checks (3.12)	Build pinned Float64 3D contact backend	2026-10-06T00:52:17.4747201Z }
checks (3.12)	Build pinned Float64 3D contact backend	2026-10-06T00:52:18.1516549Z {
checks (3.12)	Build pinned Float64 3D contact backend	2026-10-06T00:52:18.1517366Z   "accepted": true,
checks (3.12)	Build pinned Float64 3D contact backend	2026-10-06T00:52:18.1518279Z   "active_normal_velocity_m_s": 8.742352952673116e-10,
checks (3.12)	Build pinned Float64 3D contact backend	2026-10-06T00:52:18.1519136Z   "circle_violation_scaled_m_s": 3.4031790580272544e-16,
checks (3.12)	Build pinned Float64 3D contact backend	2026-10-06T00:52:18.1519883Z   "contacts": [
checks (3.12)	Build pinned Float64 3D contact backend	2026-10-06T00:52:18.1520281Z     {
checks (3.12)	Build pinned Float64 3D contact backend	2026-10-06T00:52:18.1520766Z       "friction_capacity": 3.423009794944227e-16,
checks (3.12)	Build pinned Float64 3D contact backend	2026-10-06T00:52:18.1522125Z       "friction_support_gap_J": 3.963007604944296e-17,
checks (3.12)	Build pinned Float64 3D contact backend	2026-10-06T00:52:18.1523050Z       "normal_impulse": 8.557524487360566e-16,
checks (3.12)	Build pinned Float64 3D contact backend	2026-10-06T00:52:18.1524330Z       "normal_row": 0,
checks (3.12)	Build pinned Float64 3D contact backend	2026-10-06T00:52:18.1524918Z       "normal_velocity_m_s": 107.39099131250723,
checks (3.12)	Build pinned Float64 3D contact backend	2026-10-06T00:52:18.1525974Z       "tangent_impulse_norm": 3.4230097949442273e-16,
checks (3.12)	Build pinned Float64 3D contact backend	2026-10-06T00:52:18.1526897Z       "tangent_velocity_norm_m_s": 3.481538433136239
checks (3.12)	Build pinned Float64 3D contact backend	2026-10-06T00:52:18.1527662Z     },
checks (3.12)	Build pinned Float64 3D contact backend	2026-10-06T00:52:18.1528021Z     {
checks (3.12)	Build pinned Float64 3D contact backend	2026-10-06T00:52:18.1528579Z       "friction_capacity": 0.21599509337682427,
checks (3.12)	Build pinned Float64 3D contact backend	2026-10-06T00:52:18.1529441Z       "friction_support_gap_J": 2.220446049250313e-16,
checks (3.12)	Build pinned Float64 3D contact backend	2026-10-06T00:52:18.1530199Z       "normal_impulse": 0.5399877334420606,
checks (3.12)	Build pinned Float64 3D contact backend	2026-10-06T00:52:18.1530801Z       "normal_row": 1,
checks (3.12)	Build pinned Float64 3D contact backend	2026-10-06T00:52:18.1531332Z       "normal_velocity_m_s": 2.886579864025407e-15,
checks (3.12)	Build pinned Float64 3D contact backend	2026-10-06T00:52:18.1532301Z       "tangent_impulse_norm": 0.21599509337682427,
checks (3.12)	Build pinned Float64 3D contact backend	2026-10-06T00:52:18.1533011Z       "tangent_velocity_norm_m_s": 5.033796668097919
checks (3.12)	Build pinned Float64 3D contact backend	2026-10-06T00:52:18.1533663Z     },
checks (3.12)	Build pinned Float64 3D contact backend	2026-10-06T00:52:18.1534048Z     {
checks (3.12)	Build pinned Float64 3D contact backend	2026-10-06T00:52:18.1534466Z       "friction_capacity": 0.0,
checks (3.12)	Build pinned Float64 3D contact backend	2026-10-06T00:52:18.1535043Z       "friction_support_gap_J": 0.0,
checks (3.12)	Build pinned Float64 3D contact backend	2026-10-06T00:52:18.1535636Z       "normal_impulse": 0.0,
checks (3.12)	Build pinned Float64 3D contact backend	2026-10-06T00:52:18.1536158Z       "normal_row": 2,
checks (3.12)	Build pinned Float64 3D contact backend	2026-10-06T00:52:18.1536674Z       "normal_velocity_m_s": 2029.8700200381409,
checks (3.12)	Build pinned Float64 3D contact backend	2026-10-06T00:52:18.1537258Z       "tangent_impulse_norm": 0.0,
checks (3.12)	Build pinned Float64 3D contact backend	2026-10-06T00:52:18.1537724Z       "tangent_velocity_norm_m_s": 6.284117753668254
checks (3.12)	Build pinned Float64 3D contact backend	2026-10-06T00:52:18.1538083Z     },
checks (3.12)	Build pinned Float64 3D contact backend	2026-10-06T00:52:18.1538256Z     {
checks (3.12)	Build pinned Float64 3D contact backend	2026-10-06T00:52:18.1538443Z       "friction_capacity": 0.0,
checks (3.12)	Build pinned Float64 3D contact backend	2026-10-06T00:52:18.1538702Z       "friction_support_gap_J": 0.0,
checks (3.12)	Build pinned Float64 3D contact backend	2026-10-06T00:52:18.1538964Z       "normal_impulse": 0.0,
checks (3.12)	Build pinned Float64 3D contact backend	2026-10-06T00:52:18.1539185Z       "normal_row": 3,
checks (3.12)	Build pinned Float64 3D contact backend	2026-10-06T00:52:18.1539415Z       "normal_velocity_m_s": 0.19659496778345167,
checks (3.12)	Build pinned Float64 3D contact backend	2026-10-06T00:52:18.1539696Z       "tangent_impulse_norm": 0.0,
checks (3.12)	Build pinned Float64 3D contact backend	2026-10-06T00:52:18.1539985Z       "tangent_velocity_norm_m_s": 0.0038583384061173774
checks (3.12)	Build pinned Float64 3D contact backend	2026-10-06T00:52:18.1540262Z     },
checks (3.12)	Build pinned Float64 3D contact backend	2026-10-06T00:52:18.1540433Z     {
checks (3.12)	Build pinned Float64 3D contact backend	2026-10-06T00:52:18.1540621Z       "friction_capacity": 0.0,
checks (3.12)	Build pinned Float64 3D contact backend	2026-10-06T00:52:18.1540862Z       "friction_support_gap_J": 0.0,
checks (3.12)	Build pinned Float64 3D contact backend	2026-10-06T00:52:18.1541168Z       "normal_impulse": 0.0,
checks (3.12)	Build pinned Float64 3D contact backend	2026-10-06T00:52:18.1541429Z       "normal_row": 4,
checks (3.12)	Build pinned Float64 3D contact backend	2026-10-06T00:52:18.1542000Z       "normal_velocity_m_s": 692.5786857404239,
checks (3.12)	Build pinned Float64 3D contact backend	2026-10-06T00:52:18.1542379Z       "tangent_impulse_norm": 0.0,
checks (3.12)	Build pinned Float64 3D contact backend	2026-10-06T00:52:18.1542975Z       "tangent_velocity_norm_m_s": 3.7577578597944297
checks (3.12)	Build pinned Float64 3D contact backend	2026-10-06T00:52:18.1543246Z     },
checks (3.12)	Build pinned Float64 3D contact backend	2026-10-06T00:52:18.1543411Z     {
checks (3.12)	Build pinned Float64 3D contact backend	2026-10-06T00:52:18.1543591Z       "friction_capacity": 0.0,
checks (3.12)	Build pinned Float64 3D contact backend	2026-10-06T00:52:18.1543841Z       "friction_support_gap_J": 0.0,
checks (3.12)	Build pinned Float64 3D contact backend	2026-10-06T00:52:18.1544092Z       "normal_impulse": 0.0,
checks (3.12)	Build pinned Float64 3D contact backend	2026-10-06T00:52:18.1544310Z       "normal_row": 5,
checks (3.12)	Build pinned Float64 3D contact backend	2026-10-06T00:52:18.1544537Z       "normal_velocity_m_s": 139.58767316748305,
checks (3.12)	Build pinned Float64 3D contact backend	2026-10-06T00:52:18.1544813Z       "tangent_impulse_norm": 0.0,
checks (3.12)	Build pinned Float64 3D contact backend	2026-10-06T00:52:18.1545085Z       "tangent_velocity_norm_m_s": 0.13747618126668926
checks (3.12)	Build pinned Float64 3D contact backend	2026-10-06T00:52:18.1545355Z     },
checks (3.12)	Build pinned Float64 3D contact backend	2026-10-06T00:52:18.1545524Z     {
checks (3.12)	Build pinned Float64 3D contact backend	2026-10-06T00:52:18.1545704Z       "friction_capacity": 0.0,
checks (3.12)	Build pinned Float64 3D contact backend	2026-10-06T00:52:18.1545947Z       "friction_support_gap_J": 0.0,
checks (3.12)	Build pinned Float64 3D contact backend	2026-10-06T00:52:18.1546201Z       "normal_impulse": 0.0,
checks (3.12)	Build pinned Float64 3D contact backend	2026-10-06T00:52:18.1546430Z       "normal_row": 6,
checks (3.12)	Build pinned Float64 3D contact backend	2026-10-06T00:52:18.1546649Z       "normal_velocity_m_s": 1381.1709940536875,
checks (3.12)	Build pinned Float64 3D contact backend	2026-10-06T00:52:18.1546922Z       "tangent_impulse_norm": 0.0,
checks (3.12)	Build pinned Float64 3D contact backend	2026-10-06T00:52:18.1547198Z       "tangent_velocity_norm_m_s": 0.7674967078252002
checks (3.12)	Build pinned Float64 3D contact backend	2026-10-06T00:52:18.1547463Z     },
checks (3.12)	Build pinned Float64 3D contact backend	2026-10-06T00:52:18.1547623Z     {
checks (3.12)	Build pinned Float64 3D contact backend	2026-10-06T00:52:18.1547806Z       "friction_capacity": 0.0,
checks (3.12)	Build pinned Float64 3D contact backend	2026-10-06T00:52:18.1548044Z       "friction_support_gap_J": 0.0,
checks (3.12)	Build pinned Float64 3D contact backend	2026-10-06T00:52:18.1548294Z       "normal_impulse": 0.0,
checks (3.12)	Build pinned Float64 3D contact backend	2026-10-06T00:52:18.1548513Z       "normal_row": 7,
checks (3.12)	Build pinned Float64 3D contact backend	2026-10-06T00:52:18.1548738Z       "normal_velocity_m_s": 529.4351344660862,
checks (3.12)	Build pinned Float64 3D contact backend	2026-10-06T00:52:18.1549010Z       "tangent_impulse_norm": 0.0,
checks (3.12)	Build pinned Float64 3D contact backend	2026-10-06T00:52:18.1549276Z       "tangent_velocity_norm_m_s": 0.13716291875994244
checks (3.12)	Build pinned Float64 3D contact backend	2026-10-06T00:52:18.1549677Z     },
checks (3.12)	Build pinned Float64 3D contact backend	2026-10-06T00:52:18.1549837Z     {
checks (3.12)	Build pinned Float64 3D contact backend	2026-10-06T00:52:18.1550031Z       "friction_capacity": 0.0002853887604874518,
checks (3.12)	Build pinned Float64 3D contact backend	2026-10-06T00:52:18.1550342Z       "friction_support_gap_J": 1.1275702593849246e-17,
checks (3.12)	Build pinned Float64 3D contact backend	2026-10-06T00:52:18.1550648Z       "normal_impulse": 0.0007134719012186295,
checks (3.12)	Build pinned Float64 3D contact backend	2026-10-06T00:52:18.1550912Z       "normal_row": 8,
checks (3.12)	Build pinned Float64 3D contact backend	2026-10-06T00:52:18.1551146Z       "normal_velocity_m_s": 4.0657581468206416e-20,
checks (3.12)	Build pinned Float64 3D contact backend	2026-10-06T00:52:18.1551457Z       "tangent_impulse_norm": 0.0002853887604874512,
checks (3.12)	Build pinned Float64 3D contact backend	2026-10-06T00:52:18.1552083Z       "tangent_velocity_norm_m_s": 18.429835673553722
checks (3.12)	Build pinned Float64 3D contact backend	2026-10-06T00:52:18.1552408Z     },
checks (3.12)	Build pinned Float64 3D contact backend	2026-10-06T00:52:18.1552572Z     {
checks (3.12)	Build pinned Float64 3D contact backend	2026-10-06T00:52:18.1552755Z       "friction_capacity": 0.0,
checks (3.12)	Build pinned Float64 3D contact backend	2026-10-06T00:52:18.1552999Z       "friction_support_gap_J": 0.0,
checks (3.12)	Build pinned Float64 3D contact backend	2026-10-06T00:52:18.1553245Z       "normal_impulse": 0.0,
checks (3.12)	Build pinned Float64 3D contact backend	2026-10-06T00:52:18.1553468Z       "normal_row": 9,
checks (3.12)	Build pinned Float64 3D contact backend	2026-10-06T00:52:18.1553684Z       "normal_velocity_m_s": 106.91738990482429,
checks (3.12)	Build pinned Float64 3D contact backend	2026-10-06T00:52:18.1553957Z       "tangent_impulse_norm": 0.0,
checks (3.12)	Build pinned Float64 3D contact backend	2026-10-06T00:52:18.1554239Z       "tangent_velocity_norm_m_s": 0.9597460553811061
checks (3.12)	Build pinned Float64 3D contact backend	2026-10-06T00:52:18.1554509Z     },
checks (3.12)	Build pinned Float64 3D contact backend	2026-10-06T00:52:18.1554666Z     {
checks (3.12)	Build pinned Float64 3D contact backend	2026-10-06T00:52:18.1554846Z       "friction_capacity": 0.0,
checks (3.12)	Build pinned Float64 3D contact backend	2026-10-06T00:52:18.1555085Z       "friction_support_gap_J": 0.0,
checks (3.12)	Build pinned Float64 3D contact backend	2026-10-06T00:52:18.1555335Z       "normal_impulse": 0.0,
checks (3.12)	Build pinned Float64 3D contact backend	2026-10-06T00:52:18.1555561Z       "normal_row": 10,
checks (3.12)	Build pinned Float64 3D contact backend	2026-10-06T00:52:18.1555790Z       "normal_velocity_m_s": 63.13717783099456,
checks (3.12)	Build pinned Float64 3D contact backend	2026-10-06T00:52:18.1556062Z       "tangent_impulse_norm": 0.0,
checks (3.12)	Build pinned Float64 3D contact backend	2026-10-06T00:52:18.1556331Z       "tangent_velocity_norm_m_s": 0.35555654396991543
checks (3.12)	Build pinned Float64 3D contact backend	2026-10-06T00:52:18.1556605Z     },
checks (3.12)	Build pinned Float64 3D contact backend	2026-10-06T00:52:18.1556767Z     {
checks (3.12)	Build pinned Float64 3D contact backend	2026-10-06T00:52:18.1556964Z       "friction_capacity": 0.00011953418929129814,
checks (3.12)	Build pinned Float64 3D contact backend	2026-10-06T00:52:18.1557269Z       "friction_support_gap_J": 1.2171096902156087e-24,
checks (3.12)	Build pinned Float64 3D contact backend	2026-10-06T00:52:18.1557570Z       "normal_impulse": 0.00029883547322824533,
checks (3.12)	Build pinned Float64 3D contact backend	2026-10-06T00:52:18.1557835Z       "normal_row": 11,
checks (3.12)	Build pinned Float64 3D contact backend	2026-10-06T00:52:18.1558075Z       "normal_velocity_m_s": 1.0842021724855044e-19,
checks (3.12)	Build pinned Float64 3D contact backend	2026-10-06T00:52:18.1558378Z       "tangent_impulse_norm": 9.952596955617887e-05,
checks (3.12)	Build pinned Float64 3D contact backend	2026-10-06T00:52:18.1558679Z       "tangent_velocity_norm_m_s": 6.06087439757635e-20
checks (3.12)	Build pinned Float64 3D contact backend	2026-10-06T00:52:18.1558947Z     },
checks (3.12)	Build pinned Float64 3D contact backend	2026-10-06T00:52:18.1559106Z     {
checks (3.12)	Build pinned Float64 3D contact backend	2026-10-06T00:52:18.1559305Z       "friction_capacity": 0.00017027091587279723,
checks (3.12)	Build pinned Float64 3D contact backend	2026-10-06T00:52:18.1559753Z       "friction_support_gap_J": 1.852884572118782e-22,
checks (3.12)	Build pinned Float64 3D contact backend	2026-10-06T00:52:18.1560047Z       "normal_impulse": 0.0004256772896819931,
checks (3.12)	Build pinned Float64 3D contact backend	2026-10-06T00:52:18.1560307Z       "normal_row": 12,
checks (3.12)	Build pinned Float64 3D contact backend	2026-10-06T00:52:18.1560546Z       "normal_velocity_m_s": -1.0842021724855044e-19,
checks (3.12)	Build pinned Float64 3D contact backend	2026-10-06T00:52:18.1560847Z       "tangent_impulse_norm": 0.000170270915872797,
checks (3.12)	Build pinned Float64 3D contact backend	2026-10-06T00:52:18.1561159Z       "tangent_velocity_norm_m_s": 0.0007578130999255215
checks (3.12)	Build pinned Float64 3D contact backend	2026-10-06T00:52:18.1561428Z     },
checks (3.12)	Build pinned Float64 3D contact backend	2026-10-06T00:52:18.1561587Z     {
checks (3.12)	Build pinned Float64 3D contact backend	2026-10-06T00:52:18.1562031Z       "friction_capacity": 0.0,
checks (3.12)	Build pinned Float64 3D contact backend	2026-10-06T00:52:18.1562279Z       "friction_support_gap_J": 0.0,
checks (3.12)	Build pinned Float64 3D contact backend	2026-10-06T00:52:18.1562535Z       "normal_impulse": 0.0,
checks (3.12)	Build pinned Float64 3D contact backend	2026-10-06T00:52:18.1562753Z       "normal_row": 13,
checks (3.12)	Build pinned Float64 3D contact backend	2026-10-06T00:52:18.1562972Z       "normal_velocity_m_s": 35.69287419306183,
checks (3.12)	Build pinned Float64 3D contact backend	2026-10-06T00:52:18.1563242Z       "tangent_impulse_norm": 0.0,
checks (3.12)	Build pinned Float64 3D contact backend	2026-10-06T00:52:18.1563512Z       "tangent_velocity_norm_m_s": 0.0010192126713506214
checks (3.12)	Build pinned Float64 3D contact backend	2026-10-06T00:52:18.1563787Z     },
checks (3.12)	Build pinned Float64 3D contact backend	2026-10-06T00:52:18.1563948Z     {
checks (3.12)	Build pinned Float64 3D contact backend	2026-10-06T00:52:18.1564123Z       "friction_capacity": 0.0,
checks (3.12)	Build pinned Float64 3D contact backend	2026-10-06T00:52:18.1564358Z       "friction_support_gap_J": 0.0,
checks (3.12)	Build pinned Float64 3D contact backend	2026-10-06T00:52:18.1564610Z       "normal_impulse": 0.0,
checks (3.12)	Build pinned Float64 3D contact backend	2026-10-06T00:52:18.1564830Z       "normal_row": 14,
checks (3.12)	Build pinned Float64 3D contact backend	2026-10-06T00:52:18.1565061Z       "normal_velocity_m_s": 0.9362397975031908,
checks (3.12)	Build pinned Float64 3D contact backend	2026-10-06T00:52:18.1565335Z       "tangent_impulse_norm": 0.0,
checks (3.12)	Build pinned Float64 3D contact backend	2026-10-06T00:52:18.1565613Z       "tangent_velocity_norm_m_s": 0.00018234769365768798
checks (3.12)	Build pinned Float64 3D contact backend	2026-10-06T00:52:18.1565884Z     },
checks (3.12)	Build pinned Float64 3D contact backend	2026-10-06T00:52:18.1566042Z     {
checks (3.12)	Build pinned Float64 3D contact backend	2026-10-06T00:52:18.1566228Z       "friction_capacity": 0.4120594226260461,
checks (3.12)	Build pinned Float64 3D contact backend	2026-10-06T00:52:18.1566639Z       "friction_support_gap_J": 0.0,
checks (3.12)	Build pinned Float64 3D contact backend	2026-10-06T00:52:18.1566897Z       "normal_impulse": 1.0301485565651152,
checks (3.12)	Build pinned Float64 3D contact backend	2026-10-06T00:52:18.1567154Z       "normal_row": 15,
checks (3.12)	Build pinned Float64 3D contact backend	2026-10-06T00:52:18.1567390Z       "normal_velocity_m_s": 1.7733177079537477e-10,
checks (3.12)	Build pinned Float64 3D contact backend	2026-10-06T00:52:18.1567687Z       "tangent_impulse_norm": 0.4120594226260461,
checks (3.12)	Build pinned Float64 3D contact backend	2026-10-06T00:52:18.1567991Z       "tangent_velocity_norm_m_s": 0.3703615655893399
checks (3.12)	Build pinned Float64 3D contact backend	2026-10-06T00:52:18.1568255Z     },
checks (3.12)	Build pinned Float64 3D contact backend	2026-10-06T00:52:18.1568416Z     {
checks (3.12)	Build pinned Float64 3D contact backend	2026-10-06T00:52:18.1568592Z       "friction_capacity": 0.0,
checks (3.12)	Build pinned Float64 3D contact backend	2026-10-06T00:52:18.1568832Z       "friction_support_gap_J": 0.0,
checks (3.12)	Build pinned Float64 3D contact backend	2026-10-06T00:52:18.1569081Z       "normal_impulse": 0.0,
checks (3.12)	Build pinned Float64 3D contact backend	2026-10-06T00:52:18.1569302Z       "normal_row": 16,
checks (3.12)	Build pinned Float64 3D contact backend	2026-10-06T00:52:18.1569527Z       "normal_velocity_m_s": 358.61043197183994,
checks (3.12)	Build pinned Float64 3D contact backend	2026-10-06T00:52:18.1569807Z       "tangent_impulse_norm": 0.0,
checks (3.12)	Build pinned Float64 3D contact backend	2026-10-06T00:52:18.1570073Z       "tangent_velocity_norm_m_s": 7.3167415522775245
checks (3.12)	Build pinned Float64 3D contact backend	2026-10-06T00:52:18.1570335Z     },
checks (3.12)	Build pinned Float64 3D contact backend	2026-10-06T00:52:18.1570499Z     {
checks (3.12)	Build pinned Float64 3D contact backend	2026-10-06T00:52:18.1570674Z       "friction_capacity": 0.0,
checks (3.12)	Build pinned Float64 3D contact backend	2026-10-06T00:52:18.1570908Z       "friction_support_gap_J": 0.0,
checks (3.12)	Build pinned Float64 3D contact backend	2026-10-06T00:52:18.1571153Z       "normal_impulse": 0.0,
checks (3.12)	Build pinned Float64 3D contact backend	2026-10-06T00:52:18.1571370Z       "normal_row": 17,
checks (3.12)	Build pinned Float64 3D contact backend	2026-10-06T00:52:18.1571594Z       "normal_velocity_m_s": 120.0312069107801,
checks (3.12)	Build pinned Float64 3D contact backend	2026-10-06T00:52:18.1572245Z       "tangent_impulse_norm": 0.0,
checks (3.12)	Build pinned Float64 3D contact backend	2026-10-06T00:52:18.1572518Z       "tangent_velocity_norm_m_s": 6.645239878067809
checks (3.12)	Build pinned Float64 3D contact backend	2026-10-06T00:52:18.1572785Z     },
checks (3.12)	Build pinned Float64 3D contact backend	2026-10-06T00:52:18.1572947Z     {
checks (3.12)	Build pinned Float64 3D contact backend	2026-10-06T00:52:18.1573142Z       "friction_capacity": 0.0,
checks (3.12)	Build pinned Float64 3D contact backend	2026-10-06T00:52:18.1573378Z       "friction_support_gap_J": 0.0,
checks (3.12)	Build pinned Float64 3D contact backend	2026-10-06T00:52:18.1573626Z       "normal_impulse": 0.0,
checks (3.12)	Build pinned Float64 3D contact backend	2026-10-06T00:52:18.1573844Z       "normal_row": 18,
checks (3.12)	Build pinned Float64 3D contact backend	2026-10-06T00:52:18.1574062Z       "normal_velocity_m_s": 867.9854151299248,
checks (3.12)	Build pinned Float64 3D contact backend	2026-10-06T00:52:18.1574335Z       "tangent_impulse_norm": 0.0,
checks (3.12)	Build pinned Float64 3D contact backend	2026-10-06T00:52:18.1574598Z       "tangent_velocity_norm_m_s": 3.6110944934172347
checks (3.12)	Build pinned Float64 3D contact backend	2026-10-06T00:52:18.1574865Z     },
checks (3.12)	Build pinned Float64 3D contact backend	2026-10-06T00:52:18.1575030Z     {
checks (3.12)	Build pinned Float64 3D contact backend	2026-10-06T00:52:18.1575207Z       "friction_capacity": 0.0,
checks (3.12)	Build pinned Float64 3D contact backend	2026-10-06T00:52:18.1575440Z       "friction_support_gap_J": 0.0,
checks (3.12)	Build pinned Float64 3D contact backend	2026-10-06T00:52:18.1575683Z       "normal_impulse": 0.0,
checks (3.12)	Build pinned Float64 3D contact backend	2026-10-06T00:52:18.1575901Z       "normal_row": 19,
checks (3.12)	Build pinned Float64 3D contact backend	2026-10-06T00:52:18.1576123Z       "normal_velocity_m_s": 182.85123328441577,
checks (3.12)	Build pinned Float64 3D contact backend	2026-10-06T00:52:18.1576540Z       "tangent_impulse_norm": 0.0,
checks (3.12)	Build pinned Float64 3D contact backend	2026-10-06T00:52:18.1576810Z       "tangent_velocity_norm_m_s": 3.687884463841753
checks (3.12)	Build pinned Float64 3D contact backend	2026-10-06T00:52:18.1577071Z     },
checks (3.12)	Build pinned Float64 3D contact backend	2026-10-06T00:52:18.1577235Z     {
checks (3.12)	Build pinned Float64 3D contact backend	2026-10-06T00:52:18.1577409Z       "friction_capacity": 0.0,
checks (3.12)	Build pinned Float64 3D contact backend	2026-10-06T00:52:18.1577653Z       "friction_support_gap_J": 0.0,
checks (3.12)	Build pinned Float64 3D contact backend	2026-10-06T00:52:18.1577899Z       "normal_impulse": 0.0,
checks (3.12)	Build pinned Float64 3D contact backend	2026-10-06T00:52:18.1578118Z       "normal_row": 20,
checks (3.12)	Build pinned Float64 3D contact backend	2026-10-06T00:52:18.1578337Z       "normal_velocity_m_s": 397.18654371827176,
checks (3.12)	Build pinned Float64 3D contact backend	2026-10-06T00:52:18.1578607Z       "tangent_impulse_norm": 0.0,
checks (3.12)	Build pinned Float64 3D contact backend	2026-10-06T00:52:18.1578869Z       "tangent_velocity_norm_m_s": 3.5142413541060336
checks (3.12)	Build pinned Float64 3D contact backend	2026-10-06T00:52:18.1579137Z     },
checks (3.12)	Build pinned Float64 3D contact backend	2026-10-06T00:52:18.1579294Z     {
checks (3.12)	Build pinned Float64 3D contact backend	2026-10-06T00:52:18.1579474Z       "friction_capacity": 0.0,
checks (3.12)	Build pinned Float64 3D contact backend	2026-10-06T00:52:18.1579729Z       "friction_support_gap_J": 0.0,
checks (3.12)	Build pinned Float64 3D contact backend	2026-10-06T00:52:18.1579992Z       "normal_impulse": 0.0,
checks (3.12)	Build pinned Float64 3D contact backend	2026-10-06T00:52:18.1580215Z       "normal_row": 21,
checks (3.12)	Build pinned Float64 3D contact backend	2026-10-06T00:52:18.1580453Z       "normal_velocity_m_s": 45.71727299363437,
checks (3.12)	Build pinned Float64 3D contact backend	2026-10-06T00:52:18.1580729Z       "tangent_impulse_norm": 0.0,
checks (3.12)	Build pinned Float64 3D contact backend	2026-10-06T00:52:18.1580997Z       "tangent_velocity_norm_m_s": 7.319165466056678
checks (3.12)	Build pinned Float64 3D contact backend	2026-10-06T00:52:18.1581267Z     },
checks (3.12)	Build pinned Float64 3D contact backend	2026-10-06T00:52:18.1581434Z     {
checks (3.12)	Build pinned Float64 3D contact backend	2026-10-06T00:52:18.1581613Z       "friction_capacity": 0.0,
checks (3.12)	Build pinned Float64 3D contact backend	2026-10-06T00:52:18.1582175Z       "friction_support_gap_J": 0.0,
checks (3.12)	Build pinned Float64 3D contact backend	2026-10-06T00:52:18.1582432Z       "normal_impulse": 0.0,
checks (3.12)	Build pinned Float64 3D contact backend	2026-10-06T00:52:18.1582657Z       "normal_row": 22,
checks (3.12)	Build pinned Float64 3D contact backend	2026-10-06T00:52:18.1582891Z       "normal_velocity_m_s": 390.9724355898163,
checks (3.12)	Build pinned Float64 3D contact backend	2026-10-06T00:52:18.1583172Z       "tangent_impulse_norm": 0.0,
checks (3.12)	Build pinned Float64 3D contact backend	2026-10-06T00:52:18.1583579Z       "tangent_velocity_norm_m_s": 0.4575875530648548
checks (3.12)	Build pinned Float64 3D contact backend	2026-10-06T00:52:18.1583852Z     },
checks (3.12)	Build pinned Float64 3D contact backend	2026-10-06T00:52:18.1584013Z     {
checks (3.12)	Build pinned Float64 3D contact backend	2026-10-06T00:52:18.1584197Z       "friction_capacity": 0.0,
checks (3.12)	Build pinned Float64 3D contact backend	2026-10-06T00:52:18.1584439Z       "friction_support_gap_J": 0.0,
checks (3.12)	Build pinned Float64 3D contact backend	2026-10-06T00:52:18.1584788Z       "normal_impulse": 0.0,
checks (3.12)	Build pinned Float64 3D contact backend	2026-10-06T00:52:18.1585117Z       "normal_row": 23,
checks (3.12)	Build pinned Float64 3D contact backend	2026-10-06T00:52:18.1597249Z       "normal_velocity_m_s": 287.97764152884065,
checks (3.12)	Build pinned Float64 3D contact backend	2026-10-06T00:52:18.1597586Z       "tangent_impulse_norm": 0.0,
checks (3.12)	Build pinned Float64 3D contact backend	2026-10-06T00:52:18.1597883Z       "tangent_velocity_norm_m_s": 4.436300626672687
checks (3.12)	Build pinned Float64 3D contact backend	2026-10-06T00:52:18.1598164Z     },
checks (3.12)	Build pinned Float64 3D contact backend	2026-10-06T00:52:18.1598335Z     {
checks (3.12)	Build pinned Float64 3D contact backend	2026-10-06T00:52:18.1598522Z       "friction_capacity": 0.0,
checks (3.12)	Build pinned Float64 3D contact backend	2026-10-06T00:52:18.1598773Z       "friction_support_gap_J": 0.0,
checks (3.12)	Build pinned Float64 3D contact backend	2026-10-06T00:52:18.1599045Z       "normal_impulse": 0.0,
checks (3.12)	Build pinned Float64 3D contact backend	2026-10-06T00:52:18.1599280Z       "normal_row": 24,
checks (3.12)	Build pinned Float64 3D contact backend	2026-10-06T00:52:18.1599514Z       "normal_velocity_m_s": 27.770542512280656,
checks (3.12)	Build pinned Float64 3D contact backend	2026-10-06T00:52:18.1599812Z       "tangent_impulse_norm": 0.0,
checks (3.12)	Build pinned Float64 3D contact backend	2026-10-06T00:52:18.1600093Z       "tangent_velocity_norm_m_s": 3.6997675099292264
checks (3.12)	Build pinned Float64 3D contact backend	2026-10-06T00:52:18.1600367Z     },
checks (3.12)	Build pinned Float64 3D contact backend	2026-10-06T00:52:18.1600538Z     {
checks (3.12)	Build pinned Float64 3D contact backend	2026-10-06T00:52:18.1600740Z       "friction_capacity": 1.510948869774276e-05,
checks (3.12)	Build pinned Float64 3D contact backend	2026-10-06T00:52:18.1601061Z       "friction_support_gap_J": 2.710505431213761e-20,
checks (3.12)	Build pinned Float64 3D contact backend	2026-10-06T00:52:18.1601378Z       "normal_impulse": 3.77737217443569e-05,
checks (3.12)	Build pinned Float64 3D contact backend	2026-10-06T00:52:18.1601932Z       "normal_row": 25,
checks (3.12)	Build pinned Float64 3D contact backend	2026-10-06T00:52:18.1602287Z       "normal_velocity_m_s": -2.202285662861181e-20,
checks (3.12)	Build pinned Float64 3D contact backend	2026-10-06T00:52:18.1602608Z       "tangent_impulse_norm": 1.5109488697742757e-05,
checks (3.12)	Build pinned Float64 3D contact backend	2026-10-06T00:52:18.1602927Z       "tangent_velocity_norm_m_s": 7.987057100893858
checks (3.12)	Build pinned Float64 3D contact backend	2026-10-06T00:52:18.1603202Z     },
checks (3.12)	Build pinned Float64 3D contact backend	2026-10-06T00:52:18.1603369Z     {
checks (3.12)	Build pinned Float64 3D contact backend	2026-10-06T00:52:18.1603552Z       "friction_capacity": 0.0,
checks (3.12)	Build pinned Float64 3D contact backend	2026-10-06T00:52:18.1603802Z       "friction_support_gap_J": 0.0,
checks (3.12)	Build pinned Float64 3D contact backend	2026-10-06T00:52:18.1604059Z       "normal_impulse": 0.0,
checks (3.12)	Build pinned Float64 3D contact backend	2026-10-06T00:52:18.1604292Z       "normal_row": 26,
checks (3.12)	Build pinned Float64 3D contact backend	2026-10-06T00:52:18.1604524Z       "normal_velocity_m_s": 5.902460414682234,
checks (3.12)	Build pinned Float64 3D contact backend	2026-10-06T00:52:18.1604812Z       "tangent_impulse_norm": 0.0,
checks (3.12)	Build pinned Float64 3D contact backend	2026-10-06T00:52:18.1605095Z       "tangent_velocity_norm_m_s": 2.123604229444484
checks (3.12)	Build pinned Float64 3D contact backend	2026-10-06T00:52:18.1605387Z     },
checks (3.12)	Build pinned Float64 3D contact backend	2026-10-06T00:52:18.1605552Z     {
checks (3.12)	Build pinned Float64 3D contact backend	2026-10-06T00:52:18.1605739Z       "friction_capacity": 0.0,
checks (3.12)	Build pinned Float64 3D contact backend	2026-10-06T00:52:18.1606254Z       "friction_support_gap_J": 0.0,
checks (3.12)	Build pinned Float64 3D contact backend	2026-10-06T00:52:18.1606511Z       "normal_impulse": 0.0,
checks (3.12)	Build pinned Float64 3D contact backend	2026-10-06T00:52:18.1606737Z       "normal_row": 27,
checks (3.12)	Build pinned Float64 3D contact backend	2026-10-06T00:52:18.1606968Z       "normal_velocity_m_s": 779.9557068193892,
checks (3.12)	Build pinned Float64 3D contact backend	2026-10-06T00:52:18.1607253Z       "tangent_impulse_norm": 0.0,
checks (3.12)	Build pinned Float64 3D contact backend	2026-10-06T00:52:18.1607529Z       "tangent_velocity_norm_m_s": 2.27065684432984
checks (3.12)	Build pinned Float64 3D contact backend	2026-10-06T00:52:18.1607800Z     },
checks (3.12)	Build pinned Float64 3D contact backend	2026-10-06T00:52:18.1607964Z     {
checks (3.12)	Build pinned Float64 3D contact backend	2026-10-06T00:52:18.1608147Z       "friction_capacity": 0.0,
checks (3.12)	Build pinned Float64 3D contact backend	2026-10-06T00:52:18.1608392Z       "friction_support_gap_J": 0.0,
checks (3.12)	Build pinned Float64 3D contact backend	2026-10-06T00:52:18.1608643Z       "normal_impulse": 0.0,
checks (3.12)	Build pinned Float64 3D contact backend	2026-10-06T00:52:18.1608875Z       "normal_row": 28,
checks (3.12)	Build pinned Float64 3D contact backend	2026-10-06T00:52:18.1609103Z       "normal_velocity_m_s": 353.7407187405311,
checks (3.12)	Build pinned Float64 3D contact backend	2026-10-06T00:52:18.1609377Z       "tangent_impulse_norm": 0.0,
checks (3.12)	Build pinned Float64 3D contact backend	2026-10-06T00:52:18.1609651Z       "tangent_velocity_norm_m_s": 2.188445221473291
checks (3.12)	Build pinned Float64 3D contact backend	2026-10-06T00:52:18.1609921Z     },
checks (3.12)	Build pinned Float64 3D contact backend	2026-10-06T00:52:18.1610093Z     {
checks (3.12)	Build pinned Float64 3D contact backend	2026-10-06T00:52:18.1610282Z       "friction_capacity": 0.0,
checks (3.12)	Build pinned Float64 3D contact backend	2026-10-06T00:52:18.1610520Z       "friction_support_gap_J": 0.0,
checks (3.12)	Build pinned Float64 3D contact backend	2026-10-06T00:52:18.1610771Z       "normal_impulse": 0.0,
checks (3.12)	Build pinned Float64 3D contact backend	2026-10-06T00:52:18.1610995Z       "normal_row": 29,
checks (3.12)	Build pinned Float64 3D contact backend	2026-10-06T00:52:18.1611221Z       "normal_velocity_m_s": 834.9860199758217,
checks (3.12)	Build pinned Float64 3D contact backend	2026-10-06T00:52:18.1611494Z       "tangent_impulse_norm": 0.0,
checks (3.12)	Build pinned Float64 3D contact backend	2026-10-06T00:52:18.1612051Z       "tangent_velocity_norm_m_s": 2.2519650649388057
checks (3.12)	Build pinned Float64 3D contact backend	2026-10-06T00:52:18.1612337Z     },
checks (3.12)	Build pinned Float64 3D contact backend	2026-10-06T00:52:18.1612504Z     {
checks (3.12)	Build pinned Float64 3D contact backend	2026-10-06T00:52:18.1612685Z       "friction_capacity": 0.0,
checks (3.12)	Build pinned Float64 3D contact backend	2026-10-06T00:52:18.1612932Z       "friction_support_gap_J": 0.0,
checks (3.12)	Build pinned Float64 3D contact backend	2026-10-06T00:52:18.1613323Z       "normal_impulse": 0.0,
checks (3.12)	Build pinned Float64 3D contact backend	2026-10-06T00:52:18.1613551Z       "normal_row": 30,
checks (3.12)	Build pinned Float64 3D contact backend	2026-10-06T00:52:18.1613777Z       "normal_velocity_m_s": 64.09287085392583,
checks (3.12)	Build pinned Float64 3D contact backend	2026-10-06T00:52:18.1614053Z       "tangent_impulse_norm": 0.0,
checks (3.12)	Build pinned Float64 3D contact backend	2026-10-06T00:52:18.1614322Z       "tangent_velocity_norm_m_s": 4.034645164286495
checks (3.12)	Build pinned Float64 3D contact backend	2026-10-06T00:52:18.1614589Z     },
checks (3.12)	Build pinned Float64 3D contact backend	2026-10-06T00:52:18.1614757Z     {
checks (3.12)	Build pinned Float64 3D contact backend	2026-10-06T00:52:18.1614937Z       "friction_capacity": 0.0,
checks (3.12)	Build pinned Float64 3D contact backend	2026-10-06T00:52:18.1615175Z       "friction_support_gap_J": 0.0,
checks (3.12)	Build pinned Float64 3D contact backend	2026-10-06T00:52:18.1615429Z       "normal_impulse": 0.0,
checks (3.12)	Build pinned Float64 3D contact backend	2026-10-06T00:52:18.1615651Z       "normal_row": 31,
checks (3.12)	Build pinned Float64 3D contact backend	2026-10-06T00:52:18.1615875Z       "normal_velocity_m_s": 2.775424437974385,
checks (3.12)	Build pinned Float64 3D contact backend	2026-10-06T00:52:18.1616149Z       "tangent_impulse_norm": 0.0,
checks (3.12)	Build pinned Float64 3D contact backend	2026-10-06T00:52:18.1616419Z       "tangent_velocity_norm_m_s": 14.695634848140987
checks (3.12)	Build pinned Float64 3D contact backend	2026-10-06T00:52:18.1616689Z     },
checks (3.12)	Build pinned Float64 3D contact backend	2026-10-06T00:52:18.1616861Z     {
checks (3.12)	Build pinned Float64 3D contact backend	2026-10-06T00:52:18.1617046Z       "friction_capacity": 0.0,
checks (3.12)	Build pinned Float64 3D contact backend	2026-10-06T00:52:18.1617296Z       "friction_support_gap_J": 0.0,
checks (3.12)	Build pinned Float64 3D contact backend	2026-10-06T00:52:18.1617549Z       "normal_impulse": 0.0,
checks (3.12)	Build pinned Float64 3D contact backend	2026-10-06T00:52:18.1617779Z       "normal_row": 32,
checks (3.12)	Build pinned Float64 3D contact backend	2026-10-06T00:52:18.1618013Z       "normal_velocity_m_s": 1446.5126498990235,
checks (3.12)	Build pinned Float64 3D contact backend	2026-10-06T00:52:18.1618337Z       "tangent_impulse_norm": 0.0,
checks (3.12)	Build pinned Float64 3D contact backend	2026-10-06T00:52:18.1618608Z       "tangent_velocity_norm_m_s": 1.0948437271060782
checks (3.12)	Build pinned Float64 3D contact backend	2026-10-06T00:52:18.1618888Z     },
checks (3.12)	Build pinned Float64 3D contact backend	2026-10-06T00:52:18.1619051Z     {
checks (3.12)	Build pinned Float64 3D contact backend	2026-10-06T00:52:18.1619231Z       "friction_capacity": 0.0,
checks (3.12)	Build pinned Float64 3D contact backend	2026-10-06T00:52:18.1619471Z       "friction_support_gap_J": 0.0,
checks (3.12)	Build pinned Float64 3D contact backend	2026-10-06T00:52:18.1619726Z       "normal_impulse": 0.0,
checks (3.12)	Build pinned Float64 3D contact backend	2026-10-06T00:52:18.1619950Z       "normal_row": 33,
checks (3.12)	Build pinned Float64 3D contact backend	2026-10-06T00:52:18.1620178Z       "normal_velocity_m_s": 824.9713563366889,
checks (3.12)	Build pinned Float64 3D contact backend	2026-10-06T00:52:18.1620460Z       "tangent_impulse_norm": 0.0,
checks (3.12)	Build pinned Float64 3D contact backend	2026-10-06T00:52:18.1620726Z       "tangent_velocity_norm_m_s": 0.8238070804583852
checks (3.12)	Build pinned Float64 3D contact backend	2026-10-06T00:52:18.1620992Z     },
checks (3.12)	Build pinned Float64 3D contact backend	2026-10-06T00:52:18.1621159Z     {
checks (3.12)	Build pinned Float64 3D contact backend	2026-10-06T00:52:18.1621344Z       "friction_capacity": 0.0,
checks (3.12)	Build pinned Float64 3D contact backend	2026-10-06T00:52:18.1621596Z       "friction_support_gap_J": 0.0,
checks (3.12)	Build pinned Float64 3D contact backend	2026-10-06T00:52:18.1622011Z       "normal_impulse": 0.0,
checks (3.12)	Build pinned Float64 3D contact backend	2026-10-06T00:52:18.1622244Z       "normal_row": 34,
checks (3.12)	Build pinned Float64 3D contact backend	2026-10-06T00:52:18.1622479Z       "normal_velocity_m_s": 6.73282262983731,
checks (3.12)	Build pinned Float64 3D contact backend	2026-10-06T00:52:18.1622757Z       "tangent_impulse_norm": 0.0,
checks (3.12)	Build pinned Float64 3D contact backend	2026-10-06T00:52:18.1623048Z       "tangent_velocity_norm_m_s": 0.022527114273706707
checks (3.12)	Build pinned Float64 3D contact backend	2026-10-06T00:52:18.1623464Z     },
checks (3.12)	Build pinned Float64 3D contact backend	2026-10-06T00:52:18.1623631Z     {
checks (3.12)	Build pinned Float64 3D contact backend	2026-10-06T00:52:18.1623818Z       "friction_capacity": 0.0,
checks (3.12)	Build pinned Float64 3D contact backend	2026-10-06T00:52:18.1624061Z       "friction_support_gap_J": 0.0,
checks (3.12)	Build pinned Float64 3D contact backend	2026-10-06T00:52:18.1624312Z       "normal_impulse": 0.0,
checks (3.12)	Build pinned Float64 3D contact backend	2026-10-06T00:52:18.1624533Z       "normal_row": 35,
checks (3.12)	Build pinned Float64 3D contact backend	2026-10-06T00:52:18.1624760Z       "normal_velocity_m_s": 4.403769921371439,
checks (3.12)	Build pinned Float64 3D contact backend	2026-10-06T00:52:18.1625040Z       "tangent_impulse_norm": 0.0,
checks (3.12)	Build pinned Float64 3D contact backend	2026-10-06T00:52:18.1625313Z       "tangent_velocity_norm_m_s": 0.04293939621324101
checks (3.12)	Build pinned Float64 3D contact backend	2026-10-06T00:52:18.1625591Z     },
checks (3.12)	Build pinned Float64 3D contact backend	2026-10-06T00:52:18.1625756Z     {
checks (3.12)	Build pinned Float64 3D contact backend	2026-10-06T00:52:18.1625941Z       "friction_capacity": 0.0,
checks (3.12)	Build pinned Float64 3D contact backend	2026-10-06T00:52:18.1626193Z       "friction_support_gap_J": 0.0,
checks (3.12)	Build pinned Float64 3D contact backend	2026-10-06T00:52:18.1626457Z       "normal_impulse": 0.0,
checks (3.12)	Build pinned Float64 3D contact backend	2026-10-06T00:52:18.1626686Z       "normal_row": 36,
checks (3.12)	Build pinned Float64 3D contact backend	2026-10-06T00:52:18.1626914Z       "normal_velocity_m_s": 5.434128496454156,
checks (3.12)	Build pinned Float64 3D contact backend	2026-10-06T00:52:18.1627189Z       "tangent_impulse_norm": 0.0,
checks (3.12)	Build pinned Float64 3D contact backend	2026-10-06T00:52:18.1627472Z       "tangent_velocity_norm_m_s": 0.03689818988527487
checks (3.12)	Build pinned Float64 3D contact backend	2026-10-06T00:52:18.1627740Z     },
checks (3.12)	Build pinned Float64 3D contact backend	2026-10-06T00:52:18.1627906Z     {
checks (3.12)	Build pinned Float64 3D contact backend	2026-10-06T00:52:18.1628094Z       "friction_capacity": 0.0,
checks (3.12)	Build pinned Float64 3D contact backend	2026-10-06T00:52:18.1628334Z       "friction_support_gap_J": 0.0,
checks (3.12)	Build pinned Float64 3D contact backend	2026-10-06T00:52:18.1628585Z       "normal_impulse": 0.0,
checks (3.12)	Build pinned Float64 3D contact backend	2026-10-06T00:52:18.1628808Z       "normal_row": 37,
checks (3.12)	Build pinned Float64 3D contact backend	2026-10-06T00:52:18.1629039Z       "normal_velocity_m_s": 6.9805639115093365,
checks (3.12)	Build pinned Float64 3D contact backend	2026-10-06T00:52:18.1629321Z       "tangent_impulse_norm": 0.0,
checks (3.12)	Build pinned Float64 3D contact backend	2026-10-06T00:52:18.1629589Z       "tangent_velocity_norm_m_s": 0.028028097042509758
checks (3.12)	Build pinned Float64 3D contact backend	2026-10-06T00:52:18.1629988Z     },
checks (3.12)	Build pinned Float64 3D contact backend	2026-10-06T00:52:18.1630152Z     {
checks (3.12)	Build pinned Float64 3D contact backend	2026-10-06T00:52:18.1630331Z       "friction_capacity": 0.0,
checks (3.12)	Build pinned Float64 3D contact backend	2026-10-06T00:52:18.1630567Z       "friction_support_gap_J": 0.0,
checks (3.12)	Build pinned Float64 3D contact backend	2026-10-06T00:52:18.1630824Z       "normal_impulse": 0.0,
checks (3.12)	Build pinned Float64 3D contact backend	2026-10-06T00:52:18.1631049Z       "normal_row": 38,
checks (3.12)	Build pinned Float64 3D contact backend	2026-10-06T00:52:18.1631277Z       "normal_velocity_m_s": 0.002316506046407359,
checks (3.12)	Build pinned Float64 3D contact backend	2026-10-06T00:52:18.1631562Z       "tangent_impulse_norm": 0.0,
checks (3.12)	Build pinned Float64 3D contact backend	2026-10-06T00:52:18.1631970Z       "tangent_velocity_norm_m_s": 3.0056145633009983
checks (3.12)	Build pinned Float64 3D contact backend	2026-10-06T00:52:18.1632240Z     },
checks (3.12)	Build pinned Float64 3D contact backend	2026-10-06T00:52:18.1632401Z     {
checks (3.12)	Build pinned Float64 3D contact backend	2026-10-06T00:52:18.1632610Z       "friction_capacity": 7.771736183846113e-06,
checks (3.12)	Build pinned Float64 3D contact backend	2026-10-06T00:52:18.1632925Z       "friction_support_gap_J": 8.470329472543003e-22,
checks (3.12)	Build pinned Float64 3D contact backend	2026-10-06T00:52:18.1633236Z       "normal_impulse": 1.9429340459615283e-05,
checks (3.12)	Build pinned Float64 3D contact backend	2026-10-06T00:52:18.1633509Z       "normal_row": 39,
checks (3.12)	Build pinned Float64 3D contact backend	2026-10-06T00:52:18.1633742Z       "normal_velocity_m_s": 6.776263578034403e-21,
checks (3.12)	Build pinned Float64 3D contact backend	2026-10-06T00:52:18.1634053Z       "tangent_impulse_norm": 7.771736183846105e-06,
checks (3.12)	Build pinned Float64 3D contact backend	2026-10-06T00:52:18.1634372Z       "tangent_velocity_norm_m_s": 0.08150749629481717
checks (3.12)	Build pinned Float64 3D contact backend	2026-10-06T00:52:18.1634645Z     },
checks (3.12)	Build pinned Float64 3D contact backend	2026-10-06T00:52:18.1634811Z     {
checks (3.12)	Build pinned Float64 3D contact backend	2026-10-06T00:52:18.1634995Z       "friction_capacity": 0.0,
checks (3.12)	Build pinned Float64 3D contact backend	2026-10-06T00:52:18.1635238Z       "friction_support_gap_J": 0.0,
checks (3.12)	Build pinned Float64 3D contact backend	2026-10-06T00:52:18.1635496Z       "normal_impulse": 0.0,
checks (3.12)	Build pinned Float64 3D contact backend	2026-10-06T00:52:18.1635724Z       "normal_row": 40,
checks (3.12)	Build pinned Float64 3D contact backend	2026-10-06T00:52:18.1635955Z       "normal_velocity_m_s": 0.0005492320541384485,
checks (3.12)	Build pinned Float64 3D contact backend	2026-10-06T00:52:18.1636235Z       "tangent_impulse_norm": 0.0,
checks (3.12)	Build pinned Float64 3D contact backend	2026-10-06T00:52:18.1636520Z       "tangent_velocity_norm_m_s": 0.7446189684374314
checks (3.12)	Build pinned Float64 3D contact backend	2026-10-06T00:52:18.1636792Z     },
checks (3.12)	Build pinned Float64 3D contact backend	2026-10-06T00:52:18.1636960Z     {
checks (3.12)	Build pinned Float64 3D contact backend	2026-10-06T00:52:18.1637148Z       "friction_capacity": 0.0,
checks (3.12)	Build pinned Float64 3D contact backend	2026-10-06T00:52:18.1637387Z       "friction_support_gap_J": 0.0,
checks (3.12)	Build pinned Float64 3D contact backend	2026-10-06T00:52:18.1637637Z       "normal_impulse": 0.0,
checks (3.12)	Build pinned Float64 3D contact backend	2026-10-06T00:52:18.1637862Z       "normal_row": 41,
checks (3.12)	Build pinned Float64 3D contact backend	2026-10-06T00:52:18.1638094Z       "normal_velocity_m_s": 0.0005096562968560646,
checks (3.12)	Build pinned Float64 3D contact backend	2026-10-06T00:52:18.1638381Z       "tangent_impulse_norm": 0.0,
checks (3.12)	Build pinned Float64 3D contact backend	2026-10-06T00:52:18.1638648Z       "tangent_velocity_norm_m_s": 4.380212500510229
checks (3.12)	Build pinned Float64 3D contact backend	2026-10-06T00:52:18.1638914Z     },
checks (3.12)	Build pinned Float64 3D contact backend	2026-10-06T00:52:18.1639079Z     {
checks (3.12)	Build pinned Float64 3D contact backend	2026-10-06T00:52:18.1639262Z       "friction_capacity": 0.0,
checks (3.12)	Build pinned Float64 3D contact backend	2026-10-06T00:52:18.1639504Z       "friction_support_gap_J": 0.0,
checks (3.12)	Build pinned Float64 3D contact backend	2026-10-06T00:52:18.1639887Z       "normal_impulse": 0.0,
checks (3.12)	Build pinned Float64 3D contact backend	2026-10-06T00:52:18.1640109Z       "normal_row": 42,
checks (3.12)	Build pinned Float64 3D contact backend	2026-10-06T00:52:18.1640336Z       "normal_velocity_m_s": 0.03204956113995649,
checks (3.12)	Build pinned Float64 3D contact backend	2026-10-06T00:52:18.1640612Z       "tangent_impulse_norm": 0.0,
checks (3.12)	Build pinned Float64 3D contact backend	2026-10-06T00:52:18.1640877Z       "tangent_velocity_norm_m_s": 4.323452851302843
checks (3.12)	Build pinned Float64 3D contact backend	2026-10-06T00:52:18.1641140Z     },
checks (3.12)	Build pinned Float64 3D contact backend	2026-10-06T00:52:18.1641305Z     {
checks (3.12)	Build pinned Float64 3D contact backend	2026-10-06T00:52:18.1641480Z       "friction_capacity": 0.0,
checks (3.12)	Build pinned Float64 3D contact backend	2026-10-06T00:52:18.1641894Z       "friction_support_gap_J": 0.0,
checks (3.12)	Build pinned Float64 3D contact backend	2026-10-06T00:52:18.1642272Z       "normal_impulse": 0.0,
checks (3.12)	Build pinned Float64 3D contact backend	2026-10-06T00:52:18.1642518Z       "normal_row": 43,
checks (3.12)	Build pinned Float64 3D contact backend	2026-10-06T00:52:18.1642754Z       "normal_velocity_m_s": 0.022529525761951382,
checks (3.12)	Build pinned Float64 3D contact backend	2026-10-06T00:52:18.1643045Z       "tangent_impulse_norm": 0.0,
checks (3.12)	Build pinned Float64 3D contact backend	2026-10-06T00:52:18.1643314Z       "tangent_velocity_norm_m_s": 4.331395565131948
checks (3.12)	Build pinned Float64 3D contact backend	2026-10-06T00:52:18.1643578Z     },
checks (3.12)	Build pinned Float64 3D contact backend	2026-10-06T00:52:18.1643741Z     {
checks (3.12)	Build pinned Float64 3D contact backend	2026-10-06T00:52:18.1643918Z       "friction_capacity": 0.0,
checks (3.12)	Build pinned Float64 3D contact backend	2026-10-06T00:52:18.1644161Z       "friction_support_gap_J": 0.0,
checks (3.12)	Build pinned Float64 3D contact backend	2026-10-06T00:52:18.1644414Z       "normal_impulse": 0.0,
checks (3.12)	Build pinned Float64 3D contact backend	2026-10-06T00:52:18.1644634Z       "normal_row": 44,
checks (3.12)	Build pinned Float64 3D contact backend	2026-10-06T00:52:18.1644861Z       "normal_velocity_m_s": 0.021032381080852234,
checks (3.12)	Build pinned Float64 3D contact backend	2026-10-06T00:52:18.1645146Z       "tangent_impulse_norm": 0.0,
checks (3.12)	Build pinned Float64 3D contact backend	2026-10-06T00:52:18.1645414Z       "tangent_velocity_norm_m_s": 4.339827199758215
checks (3.12)	Build pinned Float64 3D contact backend	2026-10-06T00:52:18.1645678Z     },
checks (3.12)	Build pinned Float64 3D contact backend	2026-10-06T00:52:18.1645840Z     {
checks (3.12)	Build pinned Float64 3D contact backend	2026-10-06T00:52:18.1646019Z       "friction_capacity": 0.0,
checks (3.12)	Build pinned Float64 3D contact backend	2026-10-06T00:52:18.1646258Z       "friction_support_gap_J": 0.0,
checks (3.12)	Build pinned Float64 3D contact backend	2026-10-06T00:52:18.1646506Z       "normal_impulse": 0.0,
checks (3.12)	Build pinned Float64 3D contact backend	2026-10-06T00:52:18.1646736Z       "normal_row": 45,
checks (3.12)	Build pinned Float64 3D contact backend	2026-10-06T00:52:18.1647099Z       "normal_velocity_m_s": 0.2589648217932267,
checks (3.12)	Build pinned Float64 3D contact backend	2026-10-06T00:52:18.1647377Z       "tangent_impulse_norm": 0.0,
checks (3.12)	Build pinned Float64 3D contact backend	2026-10-06T00:52:18.1647651Z       "tangent_velocity_norm_m_s": 0.8471052714292272
checks (3.12)	Build pinned Float64 3D contact backend	2026-10-06T00:52:18.1647915Z     },
checks (3.12)	Build pinned Float64 3D contact backend	2026-10-06T00:52:18.1648077Z     {
checks (3.12)	Build pinned Float64 3D contact backend	2026-10-06T00:52:18.1648273Z       "friction_capacity": 1.4441479000200992e-12,
checks (3.12)	Build pinned Float64 3D contact backend	2026-10-06T00:52:18.1648581Z       "friction_support_gap_J": 4.2409162264681595e-27,
checks (3.12)	Build pinned Float64 3D contact backend	2026-10-06T00:52:18.1648885Z       "normal_impulse": 3.6103697500502475e-12,
checks (3.12)	Build pinned Float64 3D contact backend	2026-10-06T00:52:18.1649157Z       "normal_row": 46,
checks (3.12)	Build pinned Float64 3D contact backend	2026-10-06T00:52:18.1649399Z       "normal_velocity_m_s": -7.446846945286351e-28,
checks (3.12)	Build pinned Float64 3D contact backend	2026-10-06T00:52:18.1649705Z       "tangent_impulse_norm": 1.444147900020094e-12,
checks (3.12)	Build pinned Float64 3D contact backend	2026-10-06T00:52:18.1650011Z       "tangent_velocity_norm_m_s": 0.8503189421207231
checks (3.12)	Build pinned Float64 3D contact backend	2026-10-06T00:52:18.1650280Z     },
checks (3.12)	Build pinned Float64 3D contact backend	2026-10-06T00:52:18.1650443Z     {
checks (3.12)	Build pinned Float64 3D contact backend	2026-10-06T00:52:18.1650621Z       "friction_capacity": 0.0,
checks (3.12)	Build pinned Float64 3D contact backend	2026-10-06T00:52:18.1650864Z       "friction_support_gap_J": 0.0,
checks (3.12)	Build pinned Float64 3D contact backend	2026-10-06T00:52:18.1651124Z       "normal_impulse": 0.0,
checks (3.12)	Build pinned Float64 3D contact backend	2026-10-06T00:52:18.1651347Z       "normal_row": 47,
checks (3.12)	Build pinned Float64 3D contact backend	2026-10-06T00:52:18.1651579Z       "normal_velocity_m_s": 0.0008445111282346667,
checks (3.12)	Build pinned Float64 3D contact backend	2026-10-06T00:52:18.1652180Z       "tangent_impulse_norm": 0.0,
checks (3.12)	Build pinned Float64 3D contact backend	2026-10-06T00:52:18.1652453Z       "tangent_velocity_norm_m_s": 0.8364069566486781
checks (3.12)	Build pinned Float64 3D contact backend	2026-10-06T00:52:18.1652725Z     },
checks (3.12)	Build pinned Float64 3D contact backend	2026-10-06T00:52:18.1652889Z     {
checks (3.12)	Build pinned Float64 3D contact backend	2026-10-06T00:52:18.1653074Z       "friction_capacity": 0.0,
checks (3.12)	Build pinned Float64 3D contact backend	2026-10-06T00:52:18.1653313Z       "friction_support_gap_J": 0.0,
checks (3.12)	Build pinned Float64 3D contact backend	2026-10-06T00:52:18.1653564Z       "normal_impulse": 0.0,
checks (3.12)	Build pinned Float64 3D contact backend	2026-10-06T00:52:18.1653785Z       "normal_row": 48,
checks (3.12)	Build pinned Float64 3D contact backend	2026-10-06T00:52:18.1654015Z       "normal_velocity_m_s": 0.0008020701459466651,
checks (3.12)	Build pinned Float64 3D contact backend	2026-10-06T00:52:18.1654293Z       "tangent_impulse_norm": 0.0,
checks (3.12)	Build pinned Float64 3D contact backend	2026-10-06T00:52:18.1654559Z       "tangent_velocity_norm_m_s": 0.8265107364629775
checks (3.12)	Build pinned Float64 3D contact backend	2026-10-06T00:52:18.1654822Z     },
checks (3.12)	Build pinned Float64 3D contact backend	2026-10-06T00:52:18.1654985Z     {
checks (3.12)	Build pinned Float64 3D contact backend	2026-10-06T00:52:18.1655164Z       "friction_capacity": 0.0,
checks (3.12)	Build pinned Float64 3D contact backend	2026-10-06T00:52:18.1655415Z       "friction_support_gap_J": 0.0,
checks (3.12)	Build pinned Float64 3D contact backend	2026-10-06T00:52:18.1655664Z       "normal_impulse": 0.0,
checks (3.12)	Build pinned Float64 3D contact backend	2026-10-06T00:52:18.1655884Z       "normal_row": 49,
checks (3.12)	Build pinned Float64 3D contact backend	2026-10-06T00:52:18.1656112Z       "normal_velocity_m_s": 0.17495883921368713,
checks (3.12)	Build pinned Float64 3D contact backend	2026-10-06T00:52:18.1656390Z       "tangent_impulse_norm": 0.0,
checks (3.12)	Build pinned Float64 3D contact backend	2026-10-06T00:52:18.1656655Z       "tangent_velocity_norm_m_s": 2.9359347962798092
checks (3.12)	Build pinned Float64 3D contact backend	2026-10-06T00:52:18.1657070Z     },
checks (3.12)	Build pinned Float64 3D contact backend	2026-10-06T00:52:18.1657232Z     {
checks (3.12)	Build pinned Float64 3D contact backend	2026-10-06T00:52:18.1657410Z       "friction_capacity": 0.0,
checks (3.12)	Build pinned Float64 3D contact backend	2026-10-06T00:52:18.1657648Z       "friction_support_gap_J": 0.0,
checks (3.12)	Build pinned Float64 3D contact backend	2026-10-06T00:52:18.1657895Z       "normal_impulse": 0.0,
checks (3.12)	Build pinned Float64 3D contact backend	2026-10-06T00:52:18.1658122Z       "normal_row": 50,
checks (3.12)	Build pinned Float64 3D contact backend	2026-10-06T00:52:18.1658349Z       "normal_velocity_m_s": 57.92125678341937,
checks (3.12)	Build pinned Float64 3D contact backend	2026-10-06T00:52:18.1658624Z       "tangent_impulse_norm": 0.0,
checks (3.12)	Build pinned Float64 3D contact backend	2026-10-06T00:52:18.1658888Z       "tangent_velocity_norm_m_s": 3.110724983624417
checks (3.12)	Build pinned Float64 3D contact backend	2026-10-06T00:52:18.1659151Z     },
checks (3.12)	Build pinned Float64 3D contact backend	2026-10-06T00:52:18.1659313Z     {
checks (3.12)	Build pinned Float64 3D contact backend	2026-10-06T00:52:18.1659500Z       "friction_capacity": 0.0,
checks (3.12)	Build pinned Float64 3D contact backend	2026-10-06T00:52:18.1659737Z       "friction_support_gap_J": 0.0,
checks (3.12)	Build pinned Float64 3D contact backend	2026-10-06T00:52:18.1659983Z       "normal_impulse": 0.0,
checks (3.12)	Build pinned Float64 3D contact backend	2026-10-06T00:52:18.1660205Z       "normal_row": 51,
checks (3.12)	Build pinned Float64 3D contact backend	2026-10-06T00:52:18.1660430Z       "normal_velocity_m_s": 98.10031855753269,
checks (3.12)	Build pinned Float64 3D contact backend	2026-10-06T00:52:18.1660710Z       "tangent_impulse_norm": 0.0,
checks (3.12)	Build pinned Float64 3D contact backend	2026-10-06T00:52:18.1660986Z       "tangent_velocity_norm_m_s": 3.3129460904210397
checks (3.12)	Build pinned Float64 3D contact backend	2026-10-06T00:52:18.1661248Z     },
checks (3.12)	Build pinned Float64 3D contact backend	2026-10-06T00:52:18.1661411Z     {
checks (3.12)	Build pinned Float64 3D contact backend	2026-10-06T00:52:18.1661589Z       "friction_capacity": 0.0,
checks (3.12)	Build pinned Float64 3D contact backend	2026-10-06T00:52:18.1661981Z       "friction_support_gap_J": 0.0,
checks (3.12)	Build pinned Float64 3D contact backend	2026-10-06T00:52:18.1662230Z       "normal_impulse": 0.0,
checks (3.12)	Build pinned Float64 3D contact backend	2026-10-06T00:52:18.1662451Z       "normal_row": 52,
checks (3.12)	Build pinned Float64 3D contact backend	2026-10-06T00:52:18.1662670Z       "normal_velocity_m_s": 924.4543010983033,
checks (3.12)	Build pinned Float64 3D contact backend	2026-10-06T00:52:18.1662940Z       "tangent_impulse_norm": 0.0,
checks (3.12)	Build pinned Float64 3D contact backend	2026-10-06T00:52:18.1663213Z       "tangent_velocity_norm_m_s": 2.7953134865912452
checks (3.12)	Build pinned Float64 3D contact backend	2026-10-06T00:52:18.1663476Z     },
checks (3.12)	Build pinned Float64 3D contact backend	2026-10-06T00:52:18.1663768Z     {
checks (3.12)	Build pinned Float64 3D contact backend	2026-10-06T00:52:18.1663963Z       "friction_capacity": 0.0002519606865409992,
checks (3.12)	Build pinned Float64 3D contact backend	2026-10-06T00:52:18.1664262Z       "friction_support_gap_J": 9.75781955236954e-19,
checks (3.12)	Build pinned Float64 3D contact backend	2026-10-06T00:52:18.1664557Z       "normal_impulse": 0.000629901716352498,
checks (3.12)	Build pinned Float64 3D contact backend	2026-10-06T00:52:18.1664818Z       "normal_row": 53,
checks (3.12)	Build pinned Float64 3D contact backend	2026-10-06T00:52:18.1665054Z       "normal_velocity_m_s": -4.404571325722362e-20,
checks (3.12)	Build pinned Float64 3D contact backend	2026-10-06T00:52:18.1665364Z       "tangent_impulse_norm": 0.0002519606865409984,
checks (3.12)	Build pinned Float64 3D contact backend	2026-10-06T00:52:18.1665667Z       "tangent_velocity_norm_m_s": 1.1340393740503623
checks (3.12)	Build pinned Float64 3D contact backend	2026-10-06T00:52:18.1665935Z     },
checks (3.12)	Build pinned Float64 3D contact backend	2026-10-06T00:52:18.1666096Z     {
checks (3.12)	Build pinned Float64 3D contact backend	2026-10-06T00:52:18.1666271Z       "friction_capacity": 0.0,
checks (3.12)	Build pinned Float64 3D contact backend	2026-10-06T00:52:18.1666511Z       "friction_support_gap_J": 0.0,
checks (3.12)	Build pinned Float64 3D contact backend	2026-10-06T00:52:18.1666759Z       "normal_impulse": 0.0,
checks (3.12)	Build pinned Float64 3D contact backend	2026-10-06T00:52:18.1666982Z       "normal_row": 54,
checks (3.12)	Build pinned Float64 3D contact backend	2026-10-06T00:52:18.1667207Z       "normal_velocity_m_s": 25.945238778693028,
checks (3.12)	Build pinned Float64 3D contact backend	2026-10-06T00:52:18.1667483Z       "tangent_impulse_norm": 0.0,
checks (3.12)	Build pinned Float64 3D contact backend	2026-10-06T00:52:18.1667760Z       "tangent_velocity_norm_m_s": 0.018596995970516565
checks (3.12)	Build pinned Float64 3D contact backend	2026-10-06T00:52:18.1668032Z     },
checks (3.12)	Build pinned Float64 3D contact backend	2026-10-06T00:52:18.1668192Z     {
checks (3.12)	Build pinned Float64 3D contact backend	2026-10-06T00:52:18.1668376Z       "friction_capacity": 0.0,
checks (3.12)	Build pinned Float64 3D contact backend	2026-10-06T00:52:18.1668611Z       "friction_support_gap_J": 0.0,
checks (3.12)	Build pinned Float64 3D contact backend	2026-10-06T00:52:18.1668859Z       "normal_impulse": 0.0,
checks (3.12)	Build pinned Float64 3D contact backend	2026-10-06T00:52:18.1669081Z       "normal_row": 55,
checks (3.12)	Build pinned Float64 3D contact backend	2026-10-06T00:52:18.1669313Z       "normal_velocity_m_s": 31.277667162343835,
checks (3.12)	Build pinned Float64 3D contact backend	2026-10-06T00:52:18.1669594Z       "tangent_impulse_norm": 0.0,
checks (3.12)	Build pinned Float64 3D contact backend	2026-10-06T00:52:18.1669870Z       "tangent_velocity_norm_m_s": 0.08491272001581351
checks (3.12)	Build pinned Float64 3D contact backend	2026-10-06T00:52:18.1670140Z     },
checks (3.12)	Build pinned Float64 3D contact backend	2026-10-06T00:52:18.1670308Z     {
checks (3.12)	Build pinned Float64 3D contact backend	2026-10-06T00:52:18.1670490Z       "friction_capacity": 0.0,
checks (3.12)	Build pinned Float64 3D contact backend	2026-10-06T00:52:18.1670741Z       "friction_support_gap_J": 0.0,
checks (3.12)	Build pinned Float64 3D contact backend	2026-10-06T00:52:18.1671000Z       "normal_impulse": 0.0,
checks (3.12)	Build pinned Float64 3D contact backend	2026-10-06T00:52:18.1671230Z       "normal_row": 56,
checks (3.12)	Build pinned Float64 3D contact backend	2026-10-06T00:52:18.1671458Z       "normal_velocity_m_s": 3607.8754061249656,
checks (3.12)	Build pinned Float64 3D contact backend	2026-10-06T00:52:18.1671878Z       "tangent_impulse_norm": 0.0,
checks (3.12)	Build pinned Float64 3D contact backend	2026-10-06T00:52:18.1672149Z       "tangent_velocity_norm_m_s": 4.127816609278302
checks (3.12)	Build pinned Float64 3D contact backend	2026-10-06T00:52:18.1672416Z     },
checks (3.12)	Build pinned Float64 3D contact backend	2026-10-06T00:52:18.1672581Z     {
checks (3.12)	Build pinned Float64 3D contact backend	2026-10-06T00:52:18.1672762Z       "friction_capacity": 0.0,
checks (3.12)	Build pinned Float64 3D contact backend	2026-10-06T00:52:18.1673005Z       "friction_support_gap_J": 0.0,
checks (3.12)	Build pinned Float64 3D contact backend	2026-10-06T00:52:18.1673258Z       "normal_impulse": 0.0,
checks (3.12)	Build pinned Float64 3D contact backend	2026-10-06T00:52:18.1673642Z       "normal_row": 57,
checks (3.12)	Build pinned Float64 3D contact backend	2026-10-06T00:52:18.1673885Z       "normal_velocity_m_s": 0.012555471551667804,
checks (3.12)	Build pinned Float64 3D contact backend	2026-10-06T00:52:18.1674172Z       "tangent_impulse_norm": 0.0,
checks (3.12)	Build pinned Float64 3D contact backend	2026-10-06T00:52:18.1674445Z       "tangent_velocity_norm_m_s": 3.2001617829999756
checks (3.12)	Build pinned Float64 3D contact backend	2026-10-06T00:52:18.1674717Z     },
checks (3.12)	Build pinned Float64 3D contact backend	2026-10-06T00:52:18.1674882Z     {
checks (3.12)	Build pinned Float64 3D contact backend	2026-10-06T00:52:18.1675062Z       "friction_capacity": 0.0,
checks (3.12)	Build pinned Float64 3D contact backend	2026-10-06T00:52:18.1675310Z       "friction_support_gap_J": 0.0,
checks (3.12)	Build pinned Float64 3D contact backend	2026-10-06T00:52:18.1675563Z       "normal_impulse": 0.0,
checks (3.12)	Build pinned Float64 3D contact backend	2026-10-06T00:52:18.1675790Z       "normal_row": 58,
checks (3.12)	Build pinned Float64 3D contact backend	2026-10-06T00:52:18.1676022Z       "normal_velocity_m_s": 54.963090124751275,
checks (3.12)	Build pinned Float64 3D contact backend	2026-10-06T00:52:18.1676312Z       "tangent_impulse_norm": 0.0,
checks (3.12)	Build pinned Float64 3D contact backend	2026-10-06T00:52:18.1676586Z       "tangent_velocity_norm_m_s": 0.020670062923298864
checks (3.12)	Build pinned Float64 3D contact backend	2026-10-06T00:52:18.1676861Z     },
checks (3.12)	Build pinned Float64 3D contact backend	2026-10-06T00:52:18.1677028Z     {
checks (3.12)	Build pinned Float64 3D contact backend	2026-10-06T00:52:18.1677209Z       "friction_capacity": 0.0,
checks (3.12)	Build pinned Float64 3D contact backend	2026-10-06T00:52:18.1677447Z       "friction_support_gap_J": 0.0,
checks (3.12)	Build pinned Float64 3D contact backend	2026-10-06T00:52:18.1677705Z       "normal_impulse": 0.0,
checks (3.12)	Build pinned Float64 3D contact backend	2026-10-06T00:52:18.1677931Z       "normal_row": 59,
checks (3.12)	Build pinned Float64 3D contact backend	2026-10-06T00:52:18.1678158Z       "normal_velocity_m_s": 60.661938705887636,
checks (3.12)	Build pinned Float64 3D contact backend	2026-10-06T00:52:18.1678434Z       "tangent_impulse_norm": 0.0,
checks (3.12)	Build pinned Float64 3D contact backend	2026-10-06T00:52:18.1678718Z       "tangent_velocity_norm_m_s": 0.015870725858323848
checks (3.12)	Build pinned Float64 3D contact backend	2026-10-06T00:52:18.1678990Z     },
checks (3.12)	Build pinned Float64 3D contact backend	2026-10-06T00:52:18.1679158Z     {
checks (3.12)	Build pinned Float64 3D contact backend	2026-10-06T00:52:18.1679337Z       "friction_capacity": 0.0,
checks (3.12)	Build pinned Float64 3D contact backend	2026-10-06T00:52:18.1679578Z       "friction_support_gap_J": 0.0,
checks (3.12)	Build pinned Float64 3D contact backend	2026-10-06T00:52:18.1679835Z       "normal_impulse": 0.0,
checks (3.12)	Build pinned Float64 3D contact backend	2026-10-06T00:52:18.1680062Z       "normal_row": 60,
checks (3.12)	Build pinned Float64 3D contact backend	2026-10-06T00:52:18.1680425Z       "normal_velocity_m_s": 57.27032161830805,
checks (3.12)	Build pinned Float64 3D contact backend	2026-10-06T00:52:18.1680706Z       "tangent_impulse_norm": 0.0,
checks (3.12)	Build pinned Float64 3D contact backend	2026-10-06T00:52:18.1680980Z       "tangent_velocity_norm_m_s": 0.01865279551635963
checks (3.12)	Build pinned Float64 3D contact backend	2026-10-06T00:52:18.1681252Z     },
checks (3.12)	Build pinned Float64 3D contact backend	2026-10-06T00:52:18.1681420Z     {
checks (3.12)	Build pinned Float64 3D contact backend	2026-10-06T00:52:18.1681730Z       "friction_capacity": 0.0,
checks (3.12)	Build pinned Float64 3D contact backend	2026-10-06T00:52:18.1682143Z       "friction_support_gap_J": 0.0,
checks (3.12)	Build pinned Float64 3D contact backend	2026-10-06T00:52:18.1682417Z       "normal_impulse": 0.0,
checks (3.12)	Build pinned Float64 3D contact backend	2026-10-06T00:52:18.1682646Z       "normal_row": 61,
checks (3.12)	Build pinned Float64 3D contact backend	2026-10-06T00:52:18.1682876Z       "normal_velocity_m_s": 56.09145706875261,
checks (3.12)	Build pinned Float64 3D contact backend	2026-10-06T00:52:18.1683155Z       "tangent_impulse_norm": 0.0,
checks (3.12)	Build pinned Float64 3D contact backend	2026-10-06T00:52:18.1683430Z       "tangent_velocity_norm_m_s": 0.019673385470736555
checks (3.12)	Build pinned Float64 3D contact backend	2026-10-06T00:52:18.1683704Z     },
checks (3.12)	Build pinned Float64 3D contact backend	2026-10-06T00:52:18.1683869Z     {
checks (3.12)	Build pinned Float64 3D contact backend	2026-10-06T00:52:18.1684055Z       "friction_capacity": 0.0,
checks (3.12)	Build pinned Float64 3D contact backend	2026-10-06T00:52:18.1684297Z       "friction_support_gap_J": 0.0,
checks (3.12)	Build pinned Float64 3D contact backend	2026-10-06T00:52:18.1684547Z       "normal_impulse": 0.0,
checks (3.12)	Build pinned Float64 3D contact backend	2026-10-06T00:52:18.1684780Z       "normal_row": 62,
checks (3.12)	Build pinned Float64 3D contact backend	2026-10-06T00:52:18.1685014Z       "normal_velocity_m_s": 1159.4660777194088,
checks (3.12)	Build pinned Float64 3D contact backend	2026-10-06T00:52:18.1685289Z       "tangent_impulse_norm": 0.0,
checks (3.12)	Build pinned Float64 3D contact backend	2026-10-06T00:52:18.1685559Z       "tangent_velocity_norm_m_s": 1.3943497893555266
checks (3.12)	Build pinned Float64 3D contact backend	2026-10-06T00:52:18.1685828Z     },
checks (3.12)	Build pinned Float64 3D contact backend	2026-10-06T00:52:18.1685993Z     {
checks (3.12)	Build pinned Float64 3D contact backend	2026-10-06T00:52:18.1686173Z       "friction_capacity": 0.0,
checks (3.12)	Build pinned Float64 3D contact backend	2026-10-06T00:52:18.1686417Z       "friction_support_gap_J": 0.0,
checks (3.12)	Build pinned Float64 3D contact backend	2026-10-06T00:52:18.1686673Z       "normal_impulse": 0.0,
checks (3.12)	Build pinned Float64 3D contact backend	2026-10-06T00:52:18.1686894Z       "normal_row": 63,
checks (3.12)	Build pinned Float64 3D contact backend	2026-10-06T00:52:18.1687119Z       "normal_velocity_m_s": 1.5840063143553065,
checks (3.12)	Build pinned Float64 3D contact backend	2026-10-06T00:52:18.1687392Z       "tangent_impulse_norm": 0.0,
checks (3.12)	Build pinned Float64 3D contact backend	2026-10-06T00:52:18.1687665Z       "tangent_velocity_norm_m_s": 0.012637176440591803
checks (3.12)	Build pinned Float64 3D contact backend	2026-10-06T00:52:18.1687938Z     },
checks (3.12)	Build pinned Float64 3D contact backend	2026-10-06T00:52:18.1688103Z     {
checks (3.12)	Build pinned Float64 3D contact backend	2026-10-06T00:52:18.1688286Z       "friction_capacity": 0.0,
checks (3.12)	Build pinned Float64 3D contact backend	2026-10-06T00:52:18.1688532Z       "friction_support_gap_J": 0.0,
checks (3.12)	Build pinned Float64 3D contact backend	2026-10-06T00:52:18.1688799Z       "normal_impulse": 0.0,
checks (3.12)	Build pinned Float64 3D contact backend	2026-10-06T00:52:18.1689027Z       "normal_row": 64,
checks (3.12)	Build pinned Float64 3D contact backend	2026-10-06T00:52:18.1689255Z       "normal_velocity_m_s": 66.80017792001021,
checks (3.12)	Build pinned Float64 3D contact backend	2026-10-06T00:52:18.1689528Z       "tangent_impulse_norm": 0.0,
checks (3.12)	Build pinned Float64 3D contact backend	2026-10-06T00:52:18.1689793Z       "tangent_velocity_norm_m_s": 1.168427888809884
checks (3.12)	Build pinned Float64 3D contact backend	2026-10-06T00:52:18.1690059Z     },
checks (3.12)	Build pinned Float64 3D contact backend	2026-10-06T00:52:18.1690363Z     {
checks (3.12)	Build pinned Float64 3D contact backend	2026-10-06T00:52:18.1690540Z       "friction_capacity": 0.0,
checks (3.12)	Build pinned Float64 3D contact backend	2026-10-06T00:52:18.1690779Z       "friction_support_gap_J": 0.0,
checks (3.12)	Build pinned Float64 3D contact backend	2026-10-06T00:52:18.1691029Z       "normal_impulse": 0.0,
checks (3.12)	Build pinned Float64 3D contact backend	2026-10-06T00:52:18.1691251Z       "normal_row": 65,
checks (3.12)	Build pinned Float64 3D contact backend	2026-10-06T00:52:18.1691477Z       "normal_velocity_m_s": 51.03401140438288,
checks (3.12)	Build pinned Float64 3D contact backend	2026-10-06T00:52:18.1692163Z       "tangent_impulse_norm": 0.0,
checks (3.12)	Build pinned Float64 3D contact backend	2026-10-06T00:52:18.1692468Z       "tangent_velocity_norm_m_s": 0.8877851577428607
checks (3.12)	Build pinned Float64 3D contact backend	2026-10-06T00:52:18.1692738Z     },
checks (3.12)	Build pinned Float64 3D contact backend	2026-10-06T00:52:18.1692903Z     {
checks (3.12)	Build pinned Float64 3D contact backend	2026-10-06T00:52:18.1693082Z       "friction_capacity": 0.0,
checks (3.12)	Build pinned Float64 3D contact backend	2026-10-06T00:52:18.1693321Z       "friction_support_gap_J": 0.0,
checks (3.12)	Build pinned Float64 3D contact backend	2026-10-06T00:52:18.1693575Z       "normal_impulse": 0.0,
checks (3.12)	Build pinned Float64 3D contact backend	2026-10-06T00:52:18.1693794Z       "normal_row": 66,
checks (3.12)	Build pinned Float64 3D contact backend	2026-10-06T00:52:18.1694017Z       "normal_velocity_m_s": 37.76397017671205,
checks (3.12)	Build pinned Float64 3D contact backend	2026-10-06T00:52:18.1694292Z       "tangent_impulse_norm": 0.0,
checks (3.12)	Build pinned Float64 3D contact backend	2026-10-06T00:52:18.1694567Z       "tangent_velocity_norm_m_s": 0.014701427924963326
checks (3.12)	Build pinned Float64 3D contact backend	2026-10-06T00:52:18.1694843Z     },
checks (3.12)	Build pinned Float64 3D contact backend	2026-10-06T00:52:18.1695006Z     {
checks (3.12)	Build pinned Float64 3D contact backend	2026-10-06T00:52:18.1695186Z       "friction_capacity": 0.0,
checks (3.12)	Build pinned Float64 3D contact backend	2026-10-06T00:52:18.1695424Z       "friction_support_gap_J": 0.0,
checks (3.12)	Build pinned Float64 3D contact backend	2026-10-06T00:52:18.1695676Z       "normal_impulse": 0.0,
checks (3.12)	Build pinned Float64 3D contact backend	2026-10-06T00:52:18.1695897Z       "normal_row": 67,
checks (3.12)	Build pinned Float64 3D contact backend	2026-10-06T00:52:18.1696122Z       "normal_velocity_m_s": 37.486550352433326,
checks (3.12)	Build pinned Float64 3D contact backend	2026-10-06T00:52:18.1696401Z       "tangent_impulse_norm": 0.0,
checks (3.12)	Build pinned Float64 3D contact backend	2026-10-06T00:52:18.1696672Z       "tangent_velocity_norm_m_s": 0.03147157999896919
checks (3.12)	Build pinned Float64 3D contact backend	2026-10-06T00:52:18.1696943Z     },
checks (3.12)	Build pinned Float64 3D contact backend	2026-10-06T00:52:18.1697112Z     {
checks (3.12)	Build pinned Float64 3D contact backend	2026-10-06T00:52:18.1697290Z       "friction_capacity": 0.0,
checks (3.12)	Build pinned Float64 3D contact backend	2026-10-06T00:52:18.1697677Z       "friction_support_gap_J": 0.0,
checks (3.12)	Build pinned Float64 3D contact backend	2026-10-06T00:52:18.1697924Z       "normal_impulse": 0.0,
checks (3.12)	Build pinned Float64 3D contact backend	2026-10-06T00:52:18.1698145Z       "normal_row": 68,
checks (3.12)	Build pinned Float64 3D contact backend	2026-10-06T00:52:18.1698369Z       "normal_velocity_m_s": 37.590712729747565,
checks (3.12)	Build pinned Float64 3D contact backend	2026-10-06T00:52:18.1698640Z       "tangent_impulse_norm": 0.0,
checks (3.12)	Build pinned Float64 3D contact backend	2026-10-06T00:52:18.1698911Z       "tangent_velocity_norm_m_s": 0.021830633495700094
checks (3.12)	Build pinned Float64 3D contact backend	2026-10-06T00:52:18.1699187Z     },
checks (3.12)	Build pinned Float64 3D contact backend	2026-10-06T00:52:18.1699355Z     {
checks (3.12)	Build pinned Float64 3D contact backend	2026-10-06T00:52:18.1699533Z       "friction_capacity": 0.0,
checks (3.12)	Build pinned Float64 3D contact backend	2026-10-06T00:52:18.1699777Z       "friction_support_gap_J": 0.0,
checks (3.12)	Build pinned Float64 3D contact backend	2026-10-06T00:52:18.1700028Z       "normal_impulse": 0.0,
checks (3.12)	Build pinned Float64 3D contact backend	2026-10-06T00:52:18.1700248Z       "normal_row": 69,
checks (3.12)	Build pinned Float64 3D contact backend	2026-10-06T00:52:18.1700471Z       "normal_velocity_m_s": 38.630049249776334,
checks (3.12)	Build pinned Float64 3D contact backend	2026-10-06T00:52:18.1700742Z       "tangent_impulse_norm": 0.0,
checks (3.12)	Build pinned Float64 3D contact backend	2026-10-06T00:52:18.1701013Z       "tangent_velocity_norm_m_s": 0.10022222749124693
checks (3.12)	Build pinned Float64 3D contact backend	2026-10-06T00:52:18.1701282Z     },
checks (3.12)	Build pinned Float64 3D contact backend	2026-10-06T00:52:18.1701447Z     {
checks (3.12)	Build pinned Float64 3D contact backend	2026-10-06T00:52:18.1701630Z       "friction_capacity": 0.0,
checks (3.12)	Build pinned Float64 3D contact backend	2026-10-06T00:52:18.1702018Z       "friction_support_gap_J": 0.0,
checks (3.12)	Build pinned Float64 3D contact backend	2026-10-06T00:52:18.1702272Z       "normal_impulse": 0.0,
checks (3.12)	Build pinned Float64 3D contact backend	2026-10-06T00:52:18.1702493Z       "normal_row": 70,
checks (3.12)	Build pinned Float64 3D contact backend	2026-10-06T00:52:18.1702719Z       "normal_velocity_m_s": 867.8886974403409,
checks (3.12)	Build pinned Float64 3D contact backend	2026-10-06T00:52:18.1702993Z       "tangent_impulse_norm": 0.0,
checks (3.12)	Build pinned Float64 3D contact backend	2026-10-06T00:52:18.1703265Z       "tangent_velocity_norm_m_s": 0.5666013505333212
checks (3.12)	Build pinned Float64 3D contact backend	2026-10-06T00:52:18.1703529Z     },
checks (3.12)	Build pinned Float64 3D contact backend	2026-10-06T00:52:18.1703693Z     {
checks (3.12)	Build pinned Float64 3D contact backend	2026-10-06T00:52:18.1703875Z       "friction_capacity": 0.0,
checks (3.12)	Build pinned Float64 3D contact backend	2026-10-06T00:52:18.1704116Z       "friction_support_gap_J": 0.0,
checks (3.12)	Build pinned Float64 3D contact backend	2026-10-06T00:52:18.1704367Z       "normal_impulse": 0.0,
checks (3.12)	Build pinned Float64 3D contact backend	2026-10-06T00:52:18.1704590Z       "normal_row": 71,
checks (3.12)	Build pinned Float64 3D contact backend	2026-10-06T00:52:18.1704819Z       "normal_velocity_m_s": 0.5339915453869487,
checks (3.12)	Build pinned Float64 3D contact backend	2026-10-06T00:52:18.1705093Z       "tangent_impulse_norm": 0.0,
checks (3.12)	Build pinned Float64 3D contact backend	2026-10-06T00:52:18.1705362Z       "tangent_velocity_norm_m_s": 0.48163068626377453
checks (3.12)	Build pinned Float64 3D contact backend	2026-10-06T00:52:18.1705628Z     },
checks (3.12)	Build pinned Float64 3D contact backend	2026-10-06T00:52:18.1705801Z     {
checks (3.12)	Build pinned Float64 3D contact backend	2026-10-06T00:52:18.1705983Z       "friction_capacity": 0.0,
checks (3.12)	Build pinned Float64 3D contact backend	2026-10-06T00:52:18.1706222Z       "friction_support_gap_J": 0.0,
checks (3.12)	Build pinned Float64 3D contact backend	2026-10-06T00:52:18.1706473Z       "normal_impulse": 0.0,
checks (3.12)	Build pinned Float64 3D contact backend	2026-10-06T00:52:18.1706708Z       "normal_row": 72,
checks (3.12)	Build pinned Float64 3D contact backend	2026-10-06T00:52:18.1706932Z       "normal_velocity_m_s": 0.3019746569938774,
checks (3.12)	Build pinned Float64 3D contact backend	2026-10-06T00:52:18.1707342Z       "tangent_impulse_norm": 0.0,
checks (3.12)	Build pinned Float64 3D contact backend	2026-10-06T00:52:18.1707612Z       "tangent_velocity_norm_m_s": 0.5295697000993979
checks (3.12)	Build pinned Float64 3D contact backend	2026-10-06T00:52:18.1707880Z     },
checks (3.12)	Build pinned Float64 3D contact backend	2026-10-06T00:52:18.1708042Z     {
checks (3.12)	Build pinned Float64 3D contact backend	2026-10-06T00:52:18.1708224Z       "friction_capacity": 0.0,
checks (3.12)	Build pinned Float64 3D contact backend	2026-10-06T00:52:18.1708462Z       "friction_support_gap_J": 0.0,
checks (3.12)	Build pinned Float64 3D contact backend	2026-10-06T00:52:18.1708711Z       "normal_impulse": 0.0,
checks (3.12)	Build pinned Float64 3D contact backend	2026-10-06T00:52:18.1708929Z       "normal_row": 73,
checks (3.12)	Build pinned Float64 3D contact backend	2026-10-06T00:52:18.1709153Z       "normal_velocity_m_s": 0.4412970293063174,
checks (3.12)	Build pinned Float64 3D contact backend	2026-10-06T00:52:18.1709428Z       "tangent_impulse_norm": 0.0,
checks (3.12)	Build pinned Float64 3D contact backend	2026-10-06T00:52:18.1709695Z       "tangent_velocity_norm_m_s": 0.5002087227048594
checks (3.12)	Build pinned Float64 3D contact backend	2026-10-06T00:52:18.1709968Z     },
checks (3.12)	Build pinned Float64 3D contact backend	2026-10-06T00:52:18.1710135Z     {
checks (3.12)	Build pinned Float64 3D contact backend	2026-10-06T00:52:18.1710314Z       "friction_capacity": 0.0,
checks (3.12)	Build pinned Float64 3D contact backend	2026-10-06T00:52:18.1710554Z       "friction_support_gap_J": 0.0,
checks (3.12)	Build pinned Float64 3D contact backend	2026-10-06T00:52:18.1710803Z       "normal_impulse": 0.0,
checks (3.12)	Build pinned Float64 3D contact backend	2026-10-06T00:52:18.1711026Z       "normal_row": 74,
checks (3.12)	Build pinned Float64 3D contact backend	2026-10-06T00:52:18.1711248Z       "normal_velocity_m_s": 3009.300275042123,
checks (3.12)	Build pinned Float64 3D contact backend	2026-10-06T00:52:18.1711528Z       "tangent_impulse_norm": 0.0,
checks (3.12)	Build pinned Float64 3D contact backend	2026-10-06T00:52:18.1711922Z       "tangent_velocity_norm_m_s": 0.8985043299333846
checks (3.12)	Build pinned Float64 3D contact backend	2026-10-06T00:52:18.1712187Z     },
checks (3.12)	Build pinned Float64 3D contact backend	2026-10-06T00:52:18.1712349Z     {
checks (3.12)	Build pinned Float64 3D contact backend	2026-10-06T00:52:18.1712531Z       "friction_capacity": 0.0,
checks (3.12)	Build pinned Float64 3D contact backend	2026-10-06T00:52:18.1712768Z       "friction_support_gap_J": 0.0,
checks (3.12)	Build pinned Float64 3D contact backend	2026-10-06T00:52:18.1713019Z       "normal_impulse": 0.0,
checks (3.12)	Build pinned Float64 3D contact backend	2026-10-06T00:52:18.1713243Z       "normal_row": 75,
checks (3.12)	Build pinned Float64 3D contact backend	2026-10-06T00:52:18.1713467Z       "normal_velocity_m_s": 2683.6656700752746,
checks (3.12)	Build pinned Float64 3D contact backend	2026-10-06T00:52:18.1713738Z       "tangent_impulse_norm": 0.0,
checks (3.12)	Build pinned Float64 3D contact backend	2026-10-06T00:52:18.1714006Z       "tangent_velocity_norm_m_s": 0.8802313674909248
checks (3.12)	Build pinned Float64 3D contact backend	2026-10-06T00:52:18.1714406Z     },
checks (3.12)	Build pinned Float64 3D contact backend	2026-10-06T00:52:18.1714571Z     {
checks (3.12)	Build pinned Float64 3D contact backend	2026-10-06T00:52:18.1714751Z       "friction_capacity": 0.0,
checks (3.12)	Build pinned Float64 3D contact backend	2026-10-06T00:52:18.1714993Z       "friction_support_gap_J": 0.0,
checks (3.12)	Build pinned Float64 3D contact backend	2026-10-06T00:52:18.1715240Z       "normal_impulse": 0.0,
checks (3.12)	Build pinned Float64 3D contact backend	2026-10-06T00:52:18.1715459Z       "normal_row": 76,
checks (3.12)	Build pinned Float64 3D contact backend	2026-10-06T00:52:18.1715685Z       "normal_velocity_m_s": 89.83657161000076,
checks (3.12)	Build pinned Float64 3D contact backend	2026-10-06T00:52:18.1715957Z       "tangent_impulse_norm": 0.0,
checks (3.12)	Build pinned Float64 3D contact backend	2026-10-06T00:52:18.1716226Z       "tangent_velocity_norm_m_s": 1.277699779569492
checks (3.12)	Build pinned Float64 3D contact backend	2026-10-06T00:52:18.1716494Z     },
checks (3.12)	Build pinned Float64 3D contact backend	2026-10-06T00:52:18.1716665Z     {
checks (3.12)	Build pinned Float64 3D contact backend	2026-10-06T00:52:18.1716844Z       "friction_capacity": 0.0,
checks (3.12)	Build pinned Float64 3D contact backend	2026-10-06T00:52:18.1717084Z       "friction_support_gap_J": 0.0,
checks (3.12)	Build pinned Float64 3D contact backend	2026-10-06T00:52:18.1717332Z       "normal_impulse": 0.0,
checks (3.12)	Build pinned Float64 3D contact backend	2026-10-06T00:52:18.1717562Z       "normal_row": 77,
checks (3.12)	Build pinned Float64 3D contact backend	2026-10-06T00:52:18.1717788Z       "normal_velocity_m_s": 337.1110312913767,
checks (3.12)	Build pinned Float64 3D contact backend	2026-10-06T00:52:18.1718060Z       "tangent_impulse_norm": 0.0,
checks (3.12)	Build pinned Float64 3D contact backend	2026-10-06T00:52:18.1718368Z       "tangent_velocity_norm_m_s": 2.1751109524640566
checks (3.12)	Build pinned Float64 3D contact backend	2026-10-06T00:52:18.1718636Z     },
checks (3.12)	Build pinned Float64 3D contact backend	2026-10-06T00:52:18.1718800Z     {
checks (3.12)	Build pinned Float64 3D contact backend	2026-10-06T00:52:18.1718976Z       "friction_capacity": 0.0,
checks (3.12)	Build pinned Float64 3D contact backend	2026-10-06T00:52:18.1719214Z       "friction_support_gap_J": 0.0,
checks (3.12)	Build pinned Float64 3D contact backend	2026-10-06T00:52:18.1719459Z       "normal_impulse": 0.0,
checks (3.12)	Build pinned Float64 3D contact backend	2026-10-06T00:52:18.1719683Z       "normal_row": 78,
checks (3.12)	Build pinned Float64 3D contact backend	2026-10-06T00:52:18.1719909Z       "normal_velocity_m_s": 458.5032502324048,
checks (3.12)	Build pinned Float64 3D contact backend	2026-10-06T00:52:18.1720186Z       "tangent_impulse_norm": 0.0,
checks (3.12)	Build pinned Float64 3D contact backend	2026-10-06T00:52:18.1720451Z       "tangent_velocity_norm_m_s": 3.3628380954492205
checks (3.12)	Build pinned Float64 3D contact backend	2026-10-06T00:52:18.1720714Z     },
checks (3.12)	Build pinned Float64 3D contact backend	2026-10-06T00:52:18.1720877Z     {
checks (3.12)	Build pinned Float64 3D contact backend	2026-10-06T00:52:18.1721055Z       "friction_capacity": 0.0,
checks (3.12)	Build pinned Float64 3D contact backend	2026-10-06T00:52:18.1721291Z       "friction_support_gap_J": 0.0,
checks (3.12)	Build pinned Float64 3D contact backend	2026-10-06T00:52:18.1721536Z       "normal_impulse": 0.0,
checks (3.12)	Build pinned Float64 3D contact backend	2026-10-06T00:52:18.1721891Z       "normal_row": 79,
checks (3.12)	Build pinned Float64 3D contact backend	2026-10-06T00:52:18.1722123Z       "normal_velocity_m_s": 22.928619206504916,
checks (3.12)	Build pinned Float64 3D contact backend	2026-10-06T00:52:18.1722400Z       "tangent_impulse_norm": 0.0,
checks (3.12)	Build pinned Float64 3D contact backend	2026-10-06T00:52:18.1722670Z       "tangent_velocity_norm_m_s": 4.742769384997325
checks (3.12)	Build pinned Float64 3D contact backend	2026-10-06T00:52:18.1722940Z     },
checks (3.12)	Build pinned Float64 3D contact backend	2026-10-06T00:52:18.1723103Z     {
checks (3.12)	Build pinned Float64 3D contact backend	2026-10-06T00:52:18.1723280Z       "friction_capacity": 0.0,
checks (3.12)	Build pinned Float64 3D contact backend	2026-10-06T00:52:18.1723522Z       "friction_support_gap_J": 0.0,
checks (3.12)	Build pinned Float64 3D contact backend	2026-10-06T00:52:18.1723770Z       "normal_impulse": 0.0,
checks (3.12)	Build pinned Float64 3D contact backend	2026-10-06T00:52:18.1724124Z       "normal_row": 80,
checks (3.12)	Build pinned Float64 3D contact backend	2026-10-06T00:52:18.1724347Z       "normal_velocity_m_s": 513.7883899348413,
checks (3.12)	Build pinned Float64 3D contact backend	2026-10-06T00:52:18.1724617Z       "tangent_impulse_norm": 0.0,
checks (3.12)	Build pinned Float64 3D contact backend	2026-10-06T00:52:18.1724881Z       "tangent_velocity_norm_m_s": 3.912802257312048
checks (3.12)	Build pinned Float64 3D contact backend	2026-10-06T00:52:18.1725149Z     },
checks (3.12)	Build pinned Float64 3D contact backend	2026-10-06T00:52:18.1725312Z     {
checks (3.12)	Build pinned Float64 3D contact backend	2026-10-06T00:52:18.1725490Z       "friction_capacity": 0.0,
checks (3.12)	Build pinned Float64 3D contact backend	2026-10-06T00:52:18.1725729Z       "friction_support_gap_J": 0.0,
checks (3.12)	Build pinned Float64 3D contact backend	2026-10-06T00:52:18.1725976Z       "normal_impulse": 0.0,
checks (3.12)	Build pinned Float64 3D contact backend	2026-10-06T00:52:18.1726199Z       "normal_row": 81,
checks (3.12)	Build pinned Float64 3D contact backend	2026-10-06T00:52:18.1726423Z       "normal_velocity_m_s": 72.54946768399172,
checks (3.12)	Build pinned Float64 3D contact backend	2026-10-06T00:52:18.1726699Z       "tangent_impulse_norm": 0.0,
checks (3.12)	Build pinned Float64 3D contact backend	2026-10-06T00:52:18.1726965Z       "tangent_velocity_norm_m_s": 3.910537708963276
checks (3.12)	Build pinned Float64 3D contact backend	2026-10-06T00:52:18.1727229Z     },
checks (3.12)	Build pinned Float64 3D contact backend	2026-10-06T00:52:18.1727395Z     {
checks (3.12)	Build pinned Float64 3D contact backend	2026-10-06T00:52:18.1727598Z       "friction_capacity": 1.5719513876815128e-16,
checks (3.12)	Build pinned Float64 3D contact backend	2026-10-06T00:52:18.1727911Z       "friction_support_gap_J": 8.678470538522974e-22,
checks (3.12)	Build pinned Float64 3D contact backend	2026-10-06T00:52:18.1728217Z       "normal_impulse": 3.929878469203782e-16,
checks (3.12)	Build pinned Float64 3D contact backend	2026-10-06T00:52:18.1728483Z       "normal_row": 82,
checks (3.12)	Build pinned Float64 3D contact backend	2026-10-06T00:52:18.1728717Z       "normal_velocity_m_s": 0.34016475684005076,
checks (3.12)	Build pinned Float64 3D contact backend	2026-10-06T00:52:18.1729018Z       "tangent_impulse_norm": 1.5719513876815128e-16,
checks (3.12)	Build pinned Float64 3D contact backend	2026-10-06T00:52:18.1729334Z       "tangent_velocity_norm_m_s": 3.480193909737252e-06
checks (3.12)	Build pinned Float64 3D contact backend	2026-10-06T00:52:18.1729610Z     },
checks (3.12)	Build pinned Float64 3D contact backend	2026-10-06T00:52:18.1729775Z     {
checks (3.12)	Build pinned Float64 3D contact backend	2026-10-06T00:52:18.1729968Z       "friction_capacity": 0.188733868147358,
checks (3.12)	Build pinned Float64 3D contact backend	2026-10-06T00:52:18.1730274Z       "friction_support_gap_J": 1.8948818265841912e-09,
checks (3.12)	Build pinned Float64 3D contact backend	2026-10-06T00:52:18.1730697Z       "normal_impulse": 0.471834670368395,
checks (3.12)	Build pinned Float64 3D contact backend	2026-10-06T00:52:18.1730955Z       "normal_row": 83,
checks (3.12)	Build pinned Float64 3D contact backend	2026-10-06T00:52:18.1731187Z       "normal_velocity_m_s": 4.275754750260319e-11,
checks (3.12)	Build pinned Float64 3D contact backend	2026-10-06T00:52:18.1731488Z       "tangent_impulse_norm": 0.029136622709691393,
checks (3.12)	Build pinned Float64 3D contact backend	2026-10-06T00:52:18.1732180Z       "tangent_velocity_norm_m_s": 9.9556157026725e-09
checks (3.12)	Build pinned Float64 3D contact backend	2026-10-06T00:52:18.1732472Z     },
checks (3.12)	Build pinned Float64 3D contact backend	2026-10-06T00:52:18.1732638Z     {
checks (3.12)	Build pinned Float64 3D contact backend	2026-10-06T00:52:18.1732830Z       "friction_capacity": 0.21759253939333043,
checks (3.12)	Build pinned Float64 3D contact backend	2026-10-06T00:52:18.1733130Z       "friction_support_gap_J": 2.0164732738333688e-14,
checks (3.12)	Build pinned Float64 3D contact backend	2026-10-06T00:52:18.1733431Z       "normal_impulse": 0.543981348483326,
checks (3.12)	Build pinned Float64 3D contact backend	2026-10-06T00:52:18.1733685Z       "normal_row": 84,
checks (3.12)	Build pinned Float64 3D contact backend	2026-10-06T00:52:18.1733923Z       "normal_velocity_m_s": -8.742352952673116e-10,
checks (3.12)	Build pinned Float64 3D contact backend	2026-10-06T00:52:18.1734224Z       "tangent_impulse_norm": 0.21759253939333045,
checks (3.12)	Build pinned Float64 3D contact backend	2026-10-06T00:52:18.1734538Z       "tangent_velocity_norm_m_s": 1.9466707833186266e-08
checks (3.12)	Build pinned Float64 3D contact backend	2026-10-06T00:52:18.1734814Z     },
checks (3.12)	Build pinned Float64 3D contact backend	2026-10-06T00:52:18.1734983Z     {
checks (3.12)	Build pinned Float64 3D contact backend	2026-10-06T00:52:18.1735175Z       "friction_capacity": 0.07077856802598351,
checks (3.12)	Build pinned Float64 3D contact backend	2026-10-06T00:52:18.1735473Z       "friction_support_gap_J": 1.1364118935849513e-12,
checks (3.12)	Build pinned Float64 3D contact backend	2026-10-06T00:52:18.1735768Z       "normal_impulse": 0.17694642006495875,
checks (3.12)	Build pinned Float64 3D contact backend	2026-10-06T00:52:18.1736028Z       "normal_row": 85,
checks (3.12)	Build pinned Float64 3D contact backend	2026-10-06T00:52:18.1736262Z       "normal_velocity_m_s": 4.3517771330936483e-10,
checks (3.12)	Build pinned Float64 3D contact backend	2026-10-06T00:52:18.1736565Z       "tangent_impulse_norm": 0.07077856802598351,
checks (3.12)	Build pinned Float64 3D contact backend	2026-10-06T00:52:18.1736875Z       "tangent_velocity_norm_m_s": 2.6122283510014245e-06
checks (3.12)	Build pinned Float64 3D contact backend	2026-10-06T00:52:18.1737150Z     },
checks (3.12)	Build pinned Float64 3D contact backend	2026-10-06T00:52:18.1737314Z     {
checks (3.12)	Build pinned Float64 3D contact backend	2026-10-06T00:52:18.1737493Z       "friction_capacity": 0.0,
checks (3.12)	Build pinned Float64 3D contact backend	2026-10-06T00:52:18.1737736Z       "friction_support_gap_J": 0.0,
checks (3.12)	Build pinned Float64 3D contact backend	2026-10-06T00:52:18.1737991Z       "normal_impulse": 0.0,
checks (3.12)	Build pinned Float64 3D contact backend	2026-10-06T00:52:18.1738215Z       "normal_row": 86,
checks (3.12)	Build pinned Float64 3D contact backend	2026-10-06T00:52:18.1738444Z       "normal_velocity_m_s": 443.6084372267346,
checks (3.12)	Build pinned Float64 3D contact backend	2026-10-06T00:52:18.1738722Z       "tangent_impulse_norm": 0.0,
checks (3.12)	Build pinned Float64 3D contact backend	2026-10-06T00:52:18.1738995Z       "tangent_velocity_norm_m_s": 0.2831313698444842
checks (3.12)	Build pinned Float64 3D contact backend	2026-10-06T00:52:18.1739265Z     },
checks (3.12)	Build pinned Float64 3D contact backend	2026-10-06T00:52:18.1739428Z     {
checks (3.12)	Build pinned Float64 3D contact backend	2026-10-06T00:52:18.1739606Z       "friction_capacity": 0.0,
checks (3.12)	Build pinned Float64 3D contact backend	2026-10-06T00:52:18.1739847Z       "friction_support_gap_J": 0.0,
checks (3.12)	Build pinned Float64 3D contact backend	2026-10-06T00:52:18.1740095Z       "normal_impulse": 0.0,
checks (3.12)	Build pinned Float64 3D contact backend	2026-10-06T00:52:18.1740319Z       "normal_row": 87,
checks (3.12)	Build pinned Float64 3D contact backend	2026-10-06T00:52:18.1740741Z       "normal_velocity_m_s": 3004.1308399190852,
checks (3.12)	Build pinned Float64 3D contact backend	2026-10-06T00:52:18.1741021Z       "tangent_impulse_norm": 0.0,
checks (3.12)	Build pinned Float64 3D contact backend	2026-10-06T00:52:18.1741293Z       "tangent_velocity_norm_m_s": 2.032094324881545
checks (3.12)	Build pinned Float64 3D contact backend	2026-10-06T00:52:18.1741556Z     },
checks (3.12)	Build pinned Float64 3D contact backend	2026-10-06T00:52:18.1741878Z     {
checks (3.12)	Build pinned Float64 3D contact backend	2026-10-06T00:52:18.1742059Z       "friction_capacity": 0.0,
checks (3.12)	Build pinned Float64 3D contact backend	2026-10-06T00:52:18.1742300Z       "friction_support_gap_J": 0.0,
checks (3.12)	Build pinned Float64 3D contact backend	2026-10-06T00:52:18.1742547Z       "normal_impulse": 0.0,
checks (3.12)	Build pinned Float64 3D contact backend	2026-10-06T00:52:18.1742770Z       "normal_row": 88,
checks (3.12)	Build pinned Float64 3D contact backend	2026-10-06T00:52:18.1742991Z       "normal_velocity_m_s": 869.5950067666774,
checks (3.12)	Build pinned Float64 3D contact backend	2026-10-06T00:52:18.1743265Z       "tangent_impulse_norm": 0.0,
checks (3.12)	Build pinned Float64 3D contact backend	2026-10-06T00:52:18.1743538Z       "tangent_velocity_norm_m_s": 2.3210305072079644
checks (3.12)	Build pinned Float64 3D contact backend	2026-10-06T00:52:18.1743808Z     },
checks (3.12)	Build pinned Float64 3D contact backend	2026-10-06T00:52:18.1743971Z     {
checks (3.12)	Build pinned Float64 3D contact backend	2026-10-06T00:52:18.1744151Z       "friction_capacity": 0.0,
checks (3.12)	Build pinned Float64 3D contact backend	2026-10-06T00:52:18.1744392Z       "friction_support_gap_J": 0.0,
checks (3.12)	Build pinned Float64 3D contact backend	2026-10-06T00:52:18.1744641Z       "normal_impulse": 0.0,
checks (3.12)	Build pinned Float64 3D contact backend	2026-10-06T00:52:18.1744872Z       "normal_row": 89,
checks (3.12)	Build pinned Float64 3D contact backend	2026-10-06T00:52:18.1745095Z       "normal_velocity_m_s": 5.530701299818092,
checks (3.12)	Build pinned Float64 3D contact backend	2026-10-06T00:52:18.1745370Z       "tangent_impulse_norm": 0.0,
checks (3.12)	Build pinned Float64 3D contact backend	2026-10-06T00:52:18.1745637Z       "tangent_velocity_norm_m_s": 0.2692545910566269
checks (3.12)	Build pinned Float64 3D contact backend	2026-10-06T00:52:18.1745902Z     },
checks (3.12)	Build pinned Float64 3D contact backend	2026-10-06T00:52:18.1746065Z     {
checks (3.12)	Build pinned Float64 3D contact backend	2026-10-06T00:52:18.1746266Z       "friction_capacity": 4.97053361787323e-05,
checks (3.12)	Build pinned Float64 3D contact backend	2026-10-06T00:52:18.1746570Z       "friction_support_gap_J": 1.0842021724855044e-18,
checks (3.12)	Build pinned Float64 3D contact backend	2026-10-06T00:52:18.1746865Z       "normal_impulse": 0.00012426334044683075,
checks (3.12)	Build pinned Float64 3D contact backend	2026-10-06T00:52:18.1747124Z       "normal_row": 90,
checks (3.12)	Build pinned Float64 3D contact backend	2026-10-06T00:52:18.1747359Z       "normal_velocity_m_s": -6.606856988583543e-20,
checks (3.12)	Build pinned Float64 3D contact backend	2026-10-06T00:52:18.1747791Z       "tangent_impulse_norm": 4.970533617873219e-05,
checks (3.12)	Build pinned Float64 3D contact backend	2026-10-06T00:52:18.1748092Z       "tangent_velocity_norm_m_s": 9.689070723656776
checks (3.12)	Build pinned Float64 3D contact backend	2026-10-06T00:52:18.1748353Z     },
checks (3.12)	Build pinned Float64 3D contact backend	2026-10-06T00:52:18.1748517Z     {
checks (3.12)	Build pinned Float64 3D contact backend	2026-10-06T00:52:18.1748714Z       "friction_capacity": 0.0003181572264606439,
checks (3.12)	Build pinned Float64 3D contact backend	2026-10-06T00:52:18.1749029Z       "friction_support_gap_J": 9.75781955236954e-19,
checks (3.12)	Build pinned Float64 3D contact backend	2026-10-06T00:52:18.1749322Z       "normal_impulse": 0.0007953930661516097,
checks (3.12)	Build pinned Float64 3D contact backend	2026-10-06T00:52:18.1749585Z       "normal_row": 91,
checks (3.12)	Build pinned Float64 3D contact backend	2026-10-06T00:52:18.1749819Z       "normal_velocity_m_s": -5.421010862427522e-20,
checks (3.12)	Build pinned Float64 3D contact backend	2026-10-06T00:52:18.1750121Z       "tangent_impulse_norm": 0.00031815722646064284,
checks (3.12)	Build pinned Float64 3D contact backend	2026-10-06T00:52:18.1750422Z       "tangent_velocity_norm_m_s": 0.918703133261791
checks (3.12)	Build pinned Float64 3D contact backend	2026-10-06T00:52:18.1750684Z     },
checks (3.12)	Build pinned Float64 3D contact backend	2026-10-06T00:52:18.1750851Z     {
checks (3.12)	Build pinned Float64 3D contact backend	2026-10-06T00:52:18.1751048Z       "friction_capacity": 2.0525613595839182e-05,
checks (3.12)	Build pinned Float64 3D contact backend	2026-10-06T00:52:18.1751356Z       "friction_support_gap_J": 4.336808689942018e-19,
checks (3.12)	Build pinned Float64 3D contact backend	2026-10-06T00:52:18.1751781Z       "normal_impulse": 5.131403398959795e-05,
checks (3.12)	Build pinned Float64 3D contact backend	2026-10-06T00:52:18.1752054Z       "normal_row": 92,
checks (3.12)	Build pinned Float64 3D contact backend	2026-10-06T00:52:18.1752288Z       "normal_velocity_m_s": -1.3552527156068805e-20,
checks (3.12)	Build pinned Float64 3D contact backend	2026-10-06T00:52:18.1752589Z       "tangent_impulse_norm": 2.0525613595839148e-05,
checks (3.12)	Build pinned Float64 3D contact backend	2026-10-06T00:52:18.1752892Z       "tangent_velocity_norm_m_s": 13.415007288963787
checks (3.12)	Build pinned Float64 3D contact backend	2026-10-06T00:52:18.1753159Z     },
checks (3.12)	Build pinned Float64 3D contact backend	2026-10-06T00:52:18.1753323Z     {
checks (3.12)	Build pinned Float64 3D contact backend	2026-10-06T00:52:18.1753516Z       "friction_capacity": 6.20265261947874e-05,
checks (3.12)	Build pinned Float64 3D contact backend	2026-10-06T00:52:18.1753818Z       "friction_support_gap_J": 9.215718466126788e-19,
checks (3.12)	Build pinned Float64 3D contact backend	2026-10-06T00:52:18.1754365Z       "normal_impulse": 0.0001550663154869685,
checks (3.12)	Build pinned Float64 3D contact backend	2026-10-06T00:52:18.1754819Z       "normal_row": 93,
checks (3.12)	Build pinned Float64 3D contact backend	2026-10-06T00:52:18.1755231Z       "normal_velocity_m_s": -3.3881317890172014e-20,
checks (3.12)	Build pinned Float64 3D contact backend	2026-10-06T00:52:18.1755722Z       "tangent_impulse_norm": 6.202652619478725e-05,
checks (3.12)	Build pinned Float64 3D contact backend	2026-10-06T00:52:18.1756040Z       "tangent_velocity_norm_m_s": 5.94098419904533
checks (3.12)	Build pinned Float64 3D contact backend	2026-10-06T00:52:18.1756317Z     },
checks (3.12)	Build pinned Float64 3D contact backend	2026-10-06T00:52:18.1756492Z     {
checks (3.12)	Build pinned Float64 3D contact backend	2026-10-06T00:52:18.1756685Z       "friction_capacity": 0.0,
checks (3.12)	Build pinned Float64 3D contact backend	2026-10-06T00:52:18.1756937Z       "friction_support_gap_J": 0.0,
checks (3.12)	Build pinned Float64 3D contact backend	2026-10-06T00:52:18.1757201Z       "normal_impulse": 0.0,
checks (3.12)	Build pinned Float64 3D contact backend	2026-10-06T00:52:18.1757436Z       "normal_row": 94,
checks (3.12)	Build pinned Float64 3D contact backend	2026-10-06T00:52:18.1757683Z       "normal_velocity_m_s": 1332.4838281096338,
checks (3.12)	Build pinned Float64 3D contact backend	2026-10-06T00:52:18.1758125Z       "tangent_impulse_norm": 0.0,
checks (3.12)	Build pinned Float64 3D contact backend	2026-10-06T00:52:18.1758408Z       "tangent_velocity_norm_m_s": 1.1877964961528285
checks (3.12)	Build pinned Float64 3D contact backend	2026-10-06T00:52:18.1758685Z     },
checks (3.12)	Build pinned Float64 3D contact backend	2026-10-06T00:52:18.1758852Z     {
checks (3.12)	Build pinned Float64 3D contact backend	2026-10-06T00:52:18.1759036Z       "friction_capacity": 0.0,
checks (3.12)	Build pinned Float64 3D contact backend	2026-10-06T00:52:18.1759280Z       "friction_support_gap_J": 0.0,
checks (3.12)	Build pinned Float64 3D contact backend	2026-10-06T00:52:18.1759536Z       "normal_impulse": 0.0,
checks (3.12)	Build pinned Float64 3D contact backend	2026-10-06T00:52:18.1759763Z       "normal_row": 95,
checks (3.12)	Build pinned Float64 3D contact backend	2026-10-06T00:52:18.1759999Z       "normal_velocity_m_s": 870.5667641060105,
checks (3.12)	Build pinned Float64 3D contact backend	2026-10-06T00:52:18.1760286Z       "tangent_impulse_norm": 0.0,
checks (3.12)	Build pinned Float64 3D contact backend	2026-10-06T00:52:18.1760560Z       "tangent_velocity_norm_m_s": 0.350371687661799
checks (3.12)	Build pinned Float64 3D contact backend	2026-10-06T00:52:18.1760835Z     },
checks (3.12)	Build pinned Float64 3D contact backend	2026-10-06T00:52:18.1760997Z     {
checks (3.12)	Build pinned Float64 3D contact backend	2026-10-06T00:52:18.1761177Z       "friction_capacity": 0.0,
checks (3.12)	Build pinned Float64 3D contact backend	2026-10-06T00:52:18.1761421Z       "friction_support_gap_J": 0.0,
checks (3.12)	Build pinned Float64 3D contact backend	2026-10-06T00:52:18.1762117Z       "normal_impulse": 0.0,
checks (3.12)	Build pinned Float64 3D contact backend	2026-10-06T00:52:18.1762448Z       "normal_row": 96,
checks (3.12)	Build pinned Float64 3D contact backend	2026-10-06T00:52:18.1773256Z       "normal_velocity_m_s": 2.886788503526576,
checks (3.12)	Build pinned Float64 3D contact backend	2026-10-06T00:52:18.1773631Z       "tangent_impulse_norm": 0.0,
checks (3.12)	Build pinned Float64 3D contact backend	2026-10-06T00:52:18.1773928Z       "tangent_velocity_norm_m_s": 13.07237307329042
checks (3.12)	Build pinned Float64 3D contact backend	2026-10-06T00:52:18.1774208Z     },
checks (3.12)	Build pinned Float64 3D contact backend	2026-10-06T00:52:18.1774379Z     {
checks (3.12)	Build pinned Float64 3D contact backend	2026-10-06T00:52:18.1774570Z       "friction_capacity": 0.0,
checks (3.12)	Build pinned Float64 3D contact backend	2026-10-06T00:52:18.1774826Z       "friction_support_gap_J": 0.0,
checks (3.12)	Build pinned Float64 3D contact backend	2026-10-06T00:52:18.1775089Z       "normal_impulse": 0.0,
checks (3.12)	Build pinned Float64 3D contact backend	2026-10-06T00:52:18.1775324Z       "normal_row": 97,
checks (3.12)	Build pinned Float64 3D contact backend	2026-10-06T00:52:18.1775559Z       "normal_velocity_m_s": 1911.8920433523153,
checks (3.12)	Build pinned Float64 3D contact backend	2026-10-06T00:52:18.1775850Z       "tangent_impulse_norm": 0.0,
checks (3.12)	Build pinned Float64 3D contact backend	2026-10-06T00:52:18.1776336Z       "tangent_velocity_norm_m_s": 13.615346630948562
checks (3.12)	Build pinned Float64 3D contact backend	2026-10-06T00:52:18.1776633Z     },
checks (3.12)	Build pinned Float64 3D contact backend	2026-10-06T00:52:18.1776802Z     {
checks (3.12)	Build pinned Float64 3D contact backend	2026-10-06T00:52:18.1776985Z       "friction_capacity": 0.0,
checks (3.12)	Build pinned Float64 3D contact backend	2026-10-06T00:52:18.1777233Z       "friction_support_gap_J": 0.0,
checks (3.12)	Build pinned Float64 3D contact backend	2026-10-06T00:52:18.1777491Z       "normal_impulse": 0.0,
checks (3.12)	Build pinned Float64 3D contact backend	2026-10-06T00:52:18.1777718Z       "normal_row": 98,
checks (3.12)	Build pinned Float64 3D contact backend	2026-10-06T00:52:18.1777955Z       "normal_velocity_m_s": 1162.8584015788401,
checks (3.12)	Build pinned Float64 3D contact backend	2026-10-06T00:52:18.1778240Z       "tangent_impulse_norm": 0.0,
checks (3.12)	Build pinned Float64 3D contact backend	2026-10-06T00:52:18.1778523Z       "tangent_velocity_norm_m_s": 12.872188555710991
checks (3.12)	Build pinned Float64 3D contact backend	2026-10-06T00:52:18.1778788Z     }
checks (3.12)	Build pinned Float64 3D contact backend	2026-10-06T00:52:18.1778956Z   ],
checks (3.12)	Build pinned Float64 3D contact backend	2026-10-06T00:52:18.1779149Z   "independent_law_accepted": true,
checks (3.12)	Build pinned Float64 3D contact backend	2026-10-06T00:52:18.1779432Z   "independent_passivity_accepted": true,
checks (3.12)	Build pinned Float64 3D contact backend	2026-10-06T00:52:18.1779753Z   "interior_sticking_velocity_m_s": 9.9556157026725e-09,
checks (3.12)	Build pinned Float64 3D contact backend	2026-10-06T00:52:18.1780063Z   "iteration_budget": 4096,
checks (3.12)	Build pinned Float64 3D contact backend	2026-10-06T00:52:18.1780336Z   "maximum_dissipation_gap_J": 1.8948818265841912e-09,
checks (3.12)	Build pinned Float64 3D contact backend	2026-10-06T00:52:18.1780669Z   "negative_normal_impulse_scaled_m_s": 0.0,
checks (3.12)	Build pinned Float64 3D contact backend	2026-10-06T00:52:18.1780994Z   "negative_normal_velocity_m_s": 8.742352952673116e-10,
checks (3.12)	Build pinned Float64 3D contact backend	2026-10-06T00:52:18.1781352Z   "normal_complementarity_work_J": 4.755676948112309e-10,
checks (3.12)	Build pinned Float64 3D contact backend	2026-10-06T00:52:18.1781881Z   "null_traction_seed_policy": {
checks (3.12)	Build pinned Float64 3D contact backend	2026-10-06T00:52:18.1782171Z     "attempts": 1,
checks (3.12)	Build pinned Float64 3D contact backend	2026-10-06T00:52:18.1782393Z     "component_cap_rejections": 0,
checks (3.12)	Build pinned Float64 3D contact backend	2026-10-06T00:52:18.1782642Z     "components": 17,
checks (3.12)	Build pinned Float64 3D contact backend	2026-10-06T00:52:18.1782844Z     "declines": 0,
checks (3.12)	Build pinned Float64 3D contact backend	2026-10-06T00:52:18.1783047Z     "iteration_steps": 10154,
checks (3.12)	Build pinned Float64 3D contact backend	2026-10-06T00:52:18.1783289Z     "largest_component_rows": 27,
checks (3.12)	Build pinned Float64 3D contact backend	2026-10-06T00:52:18.1783536Z     "newton_steps": 5034,
checks (3.12)	Build pinned Float64 3D contact backend	2026-10-06T00:52:18.1783757Z     "null_svd_calls": 1,
checks (3.12)	Build pinned Float64 3D contact backend	2026-10-06T00:52:18.1783975Z     "seed_attempts": 4,
checks (3.12)	Build pinned Float64 3D contact backend	2026-10-06T00:52:18.1784231Z     "seed_response_change_max_m_s": 15.904606224534685,
checks (3.12)	Build pinned Float64 3D contact backend	2026-10-06T00:52:18.1784526Z     "seed_svd_calls": 4,
checks (3.12)	Build pinned Float64 3D contact backend	2026-10-06T00:52:18.1784732Z     "solves": 1,
checks (3.12)	Build pinned Float64 3D contact backend	2026-10-06T00:52:18.1784931Z     "svd_calls": 10154
checks (3.12)	Build pinned Float64 3D contact backend	2026-10-06T00:52:18.1785127Z   },
checks (3.12)	Build pinned Float64 3D contact backend	2026-10-06T00:52:18.1785295Z   "p": [
checks (3.12)	Build pinned Float64 3D contact backend	2026-10-06T00:52:18.1785476Z     8.557524487360566e-16,
checks (3.12)	Build pinned Float64 3D contact backend	2026-10-06T00:52:18.1785686Z     0.5399877334420606,
checks (3.12)	Build pinned Float64 3D contact backend	2026-10-06T00:52:18.1785878Z     0.0,
checks (3.12)	Build pinned Float64 3D contact backend	2026-10-06T00:52:18.1786048Z     0.0,
checks (3.12)	Build pinned Float64 3D contact backend	2026-10-06T00:52:18.1786209Z     0.0,
checks (3.12)	Build pinned Float64 3D contact backend	2026-10-06T00:52:18.1786371Z     0.0,
checks (3.12)	Build pinned Float64 3D contact backend	2026-10-06T00:52:18.1786685Z     0.0,
checks (3.12)	Build pinned Float64 3D contact backend	2026-10-06T00:52:18.1786855Z     0.0,
checks (3.12)	Build pinned Float64 3D contact backend	2026-10-06T00:52:18.1787026Z     0.0007134719012186295,
checks (3.12)	Build pinned Float64 3D contact backend	2026-10-06T00:52:18.1787225Z     0.0,
checks (3.12)	Build pinned Float64 3D contact backend	2026-10-06T00:52:18.1787388Z     0.0,
checks (3.12)	Build pinned Float64 3D contact backend	2026-10-06T00:52:18.1787557Z     0.00029883547322824533,
checks (3.12)	Build pinned Float64 3D contact backend	2026-10-06T00:52:18.1787769Z     0.0004256772896819931,
checks (3.12)	Build pinned Float64 3D contact backend	2026-10-06T00:52:18.1787969Z     0.0,
checks (3.12)	Build pinned Float64 3D contact backend	2026-10-06T00:52:18.1788131Z     0.0,
checks (3.12)	Build pinned Float64 3D contact backend	2026-10-06T00:52:18.1788297Z     1.0301485565651152,
checks (3.12)	Build pinned Float64 3D contact backend	2026-10-06T00:52:18.1788488Z     0.0,
checks (3.12)	Build pinned Float64 3D contact backend	2026-10-06T00:52:18.1788653Z     0.0,
checks (3.12)	Build pinned Float64 3D contact backend	2026-10-06T00:52:18.1788818Z     0.0,
checks (3.12)	Build pinned Float64 3D contact backend	2026-10-06T00:52:18.1788979Z     0.0,
checks (3.12)	Build pinned Float64 3D contact backend	2026-10-06T00:52:18.1789139Z     0.0,
checks (3.12)	Build pinned Float64 3D contact backend	2026-10-06T00:52:18.1789307Z     0.0,
checks (3.12)	Build pinned Float64 3D contact backend	2026-10-06T00:52:18.1789471Z     0.0,
checks (3.12)	Build pinned Float64 3D contact backend	2026-10-06T00:52:18.1789632Z     0.0,
checks (3.12)	Build pinned Float64 3D contact backend	2026-10-06T00:52:18.1789795Z     0.0,
checks (3.12)	Build pinned Float64 3D contact backend	2026-10-06T00:52:18.1789965Z     3.77737217443569e-05,
checks (3.12)	Build pinned Float64 3D contact backend	2026-10-06T00:52:18.1790166Z     0.0,
checks (3.12)	Build pinned Float64 3D contact backend	2026-10-06T00:52:18.1790328Z     0.0,
checks (3.12)	Build pinned Float64 3D contact backend	2026-10-06T00:52:18.1790490Z     0.0,
checks (3.12)	Build pinned Float64 3D contact backend	2026-10-06T00:52:18.1790652Z     0.0,
checks (3.12)	Build pinned Float64 3D contact backend	2026-10-06T00:52:18.1790829Z     0.0,
checks (3.12)	Build pinned Float64 3D contact backend	2026-10-06T00:52:18.1790990Z     0.0,
checks (3.12)	Build pinned Float64 3D contact backend	2026-10-06T00:52:18.1791154Z     0.0,
checks (3.12)	Build pinned Float64 3D contact backend	2026-10-06T00:52:18.1791315Z     0.0,
checks (3.12)	Build pinned Float64 3D contact backend	2026-10-06T00:52:18.1791478Z     0.0,
checks (3.12)	Build pinned Float64 3D contact backend	2026-10-06T00:52:18.1791786Z     0.0,
checks (3.12)	Build pinned Float64 3D contact backend	2026-10-06T00:52:18.1791959Z     0.0,
checks (3.12)	Build pinned Float64 3D contact backend	2026-10-06T00:52:18.1792122Z     0.0,
checks (3.12)	Build pinned Float64 3D contact backend	2026-10-06T00:52:18.1792284Z     0.0,
checks (3.12)	Build pinned Float64 3D contact backend	2026-10-06T00:52:18.1792457Z     1.9429340459615283e-05,
checks (3.12)	Build pinned Float64 3D contact backend	2026-10-06T00:52:18.1792667Z     0.0,
checks (3.12)	Build pinned Float64 3D contact backend	2026-10-06T00:52:18.1792832Z     0.0,
checks (3.12)	Build pinned Float64 3D contact backend	2026-10-06T00:52:18.1792994Z     0.0,
checks (3.12)	Build pinned Float64 3D contact backend	2026-10-06T00:52:18.1793163Z     0.0,
checks (3.12)	Build pinned Float64 3D contact backend	2026-10-06T00:52:18.1793325Z     0.0,
checks (3.12)	Build pinned Float64 3D contact backend	2026-10-06T00:52:18.1793488Z     0.0,
checks (3.12)	Build pinned Float64 3D contact backend	2026-10-06T00:52:18.1793657Z     3.6103697500502475e-12,
checks (3.12)	Build pinned Float64 3D contact backend	2026-10-06T00:52:18.1794143Z     0.0,
checks (3.12)	Build pinned Float64 3D contact backend	2026-10-06T00:52:18.1794306Z     0.0,
checks (3.12)	Build pinned Float64 3D contact backend	2026-10-06T00:52:18.1794467Z     0.0,
checks (3.12)	Build pinned Float64 3D contact backend	2026-10-06T00:52:18.1794629Z     0.0,
checks (3.12)	Build pinned Float64 3D contact backend	2026-10-06T00:52:18.1794795Z     0.0,
checks (3.12)	Build pinned Float64 3D contact backend	2026-10-06T00:52:18.1794960Z     0.0,
checks (3.12)	Build pinned Float64 3D contact backend	2026-10-06T00:52:18.1795130Z     0.000629901716352498,
checks (3.12)	Build pinned Float64 3D contact backend	2026-10-06T00:52:18.1795329Z     0.0,
checks (3.12)	Build pinned Float64 3D contact backend	2026-10-06T00:52:18.1795498Z     0.0,
checks (3.12)	Build pinned Float64 3D contact backend	2026-10-06T00:52:18.1795668Z     0.0,
checks (3.12)	Build pinned Float64 3D contact backend	2026-10-06T00:52:18.1795831Z     0.0,
checks (3.12)	Build pinned Float64 3D contact backend	2026-10-06T00:52:18.1795998Z     0.0,
checks (3.12)	Build pinned Float64 3D contact backend	2026-10-06T00:52:18.1796158Z     0.0,
checks (3.12)	Build pinned Float64 3D contact backend	2026-10-06T00:52:18.1796319Z     0.0,
checks (3.12)	Build pinned Float64 3D contact backend	2026-10-06T00:52:18.1796479Z     0.0,
checks (3.12)	Build pinned Float64 3D contact backend	2026-10-06T00:52:18.1796638Z     0.0,
checks (3.12)	Build pinned Float64 3D contact backend	2026-10-06T00:52:18.1796805Z     0.0,
checks (3.12)	Build pinned Float64 3D contact backend	2026-10-06T00:52:18.1796966Z     0.0,
checks (3.12)	Build pinned Float64 3D contact backend	2026-10-06T00:52:18.1797126Z     0.0,
checks (3.12)	Build pinned Float64 3D contact backend	2026-10-06T00:52:18.1797286Z     0.0,
checks (3.12)	Build pinned Float64 3D contact backend	2026-10-06T00:52:18.1797447Z     0.0,
checks (3.12)	Build pinned Float64 3D contact backend	2026-10-06T00:52:18.1797613Z     0.0,
checks (3.12)	Build pinned Float64 3D contact backend	2026-10-06T00:52:18.1797773Z     0.0,
checks (3.12)	Build pinned Float64 3D contact backend	2026-10-06T00:52:18.1797934Z     0.0,
checks (3.12)	Build pinned Float64 3D contact backend	2026-10-06T00:52:18.1798094Z     0.0,
checks (3.12)	Build pinned Float64 3D contact backend	2026-10-06T00:52:18.1798254Z     0.0,
checks (3.12)	Build pinned Float64 3D contact backend	2026-10-06T00:52:18.1798423Z     0.0,
checks (3.12)	Build pinned Float64 3D contact backend	2026-10-06T00:52:18.1798586Z     0.0,
checks (3.12)	Build pinned Float64 3D contact backend	2026-10-06T00:52:18.1798746Z     0.0,
checks (3.12)	Build pinned Float64 3D contact backend	2026-10-06T00:52:18.1798911Z     0.0,
checks (3.12)	Build pinned Float64 3D contact backend	2026-10-06T00:52:18.1799072Z     0.0,
checks (3.12)	Build pinned Float64 3D contact backend	2026-10-06T00:52:18.1799231Z     0.0,
checks (3.12)	Build pinned Float64 3D contact backend	2026-10-06T00:52:18.1799391Z     0.0,
checks (3.12)	Build pinned Float64 3D contact backend	2026-10-06T00:52:18.1799552Z     0.0,
checks (3.12)	Build pinned Float64 3D contact backend	2026-10-06T00:52:18.1799714Z     0.0,
checks (3.12)	Build pinned Float64 3D contact backend	2026-10-06T00:52:18.1799794Z     3.929878469203782e-16,
checks (3.12)	Build pinned Float64 3D contact backend	2026-10-06T00:52:18.1799880Z     0.471834670368395,
checks (3.12)	Build pinned Float64 3D contact backend	2026-10-06T00:52:18.1799957Z     0.543981348483326,
checks (3.12)	Build pinned Float64 3D contact backend	2026-10-06T00:52:18.1800032Z     0.17694642006495875,
checks (3.12)	Build pinned Float64 3D contact backend	2026-10-06T00:52:18.1800106Z     0.0,
checks (3.12)	Build pinned Float64 3D contact backend	2026-10-06T00:52:18.1800175Z     0.0,
checks (3.12)	Build pinned Float64 3D contact backend	2026-10-06T00:52:18.1800248Z     0.0,
checks (3.12)	Build pinned Float64 3D contact backend	2026-10-06T00:52:18.1800317Z     0.0,
checks (3.12)	Build pinned Float64 3D contact backend	2026-10-06T00:52:18.1800397Z     0.00012426334044683075,
checks (3.12)	Build pinned Float64 3D contact backend	2026-10-06T00:52:18.1800472Z     0.0007953930661516097,
checks (3.12)	Build pinned Float64 3D contact backend	2026-10-06T00:52:18.1800552Z     5.131403398959795e-05,
checks (3.12)	Build pinned Float64 3D contact backend	2026-10-06T00:52:18.1800630Z     0.0001550663154869685,
checks (3.12)	Build pinned Float64 3D contact backend	2026-10-06T00:52:18.1800699Z     0.0,
checks (3.12)	Build pinned Float64 3D contact backend	2026-10-06T00:52:18.1800774Z     0.0,
checks (3.12)	Build pinned Float64 3D contact backend	2026-10-06T00:52:18.1800846Z     0.0,
checks (3.12)	Build pinned Float64 3D contact backend	2026-10-06T00:52:18.1800919Z     0.0,
checks (3.12)	Build pinned Float64 3D contact backend	2026-10-06T00:52:18.1800986Z     0.0,
checks (3.12)	Build pinned Float64 3D contact backend	2026-10-06T00:52:18.1801077Z     -1.8980616555481891e-16,
checks (3.12)	Build pinned Float64 3D contact backend	2026-10-06T00:52:18.1801155Z     2.8485712222133023e-16,
checks (3.12)	Build pinned Float64 3D contact backend	2026-10-06T00:52:18.1801239Z     -0.1600419258011451,
checks (3.12)	Build pinned Float64 3D contact backend	2026-10-06T00:52:18.1801318Z     0.1450533086445249,
checks (3.12)	Build pinned Float64 3D contact backend	2026-10-06T00:52:18.1801387Z     0.0,
checks (3.12)	Build pinned Float64 3D contact backend	2026-10-06T00:52:18.1801583Z     0.0,
checks (3.12)	Build pinned Float64 3D contact backend	2026-10-06T00:52:18.1801774Z     0.0,
checks (3.12)	Build pinned Float64 3D contact backend	2026-10-06T00:52:18.1801854Z     0.0,
checks (3.12)	Build pinned Float64 3D contact backend	2026-10-06T00:52:18.1801933Z     0.0,
checks (3.12)	Build pinned Float64 3D contact backend	2026-10-06T00:52:18.1802004Z     0.0,
checks (3.12)	Build pinned Float64 3D contact backend	2026-10-06T00:52:18.1802077Z     0.0,
checks (3.12)	Build pinned Float64 3D contact backend	2026-10-06T00:52:18.1802150Z     0.0,
checks (3.12)	Build pinned Float64 3D contact backend	2026-10-06T00:52:18.1802220Z     0.0,
checks (3.12)	Build pinned Float64 3D contact backend	2026-10-06T00:52:18.1802292Z     0.0,
checks (3.12)	Build pinned Float64 3D contact backend	2026-10-06T00:52:18.1802361Z     0.0,
checks (3.12)	Build pinned Float64 3D contact backend	2026-10-06T00:52:18.1802433Z     0.0,
checks (3.12)	Build pinned Float64 3D contact backend	2026-10-06T00:52:18.1802513Z     -5.240726970212742e-06,
checks (3.12)	Build pinned Float64 3D contact backend	2026-10-06T00:52:18.1802593Z     0.0002853406374728063,
checks (3.12)	Build pinned Float64 3D contact backend	2026-10-06T00:52:18.1802661Z     0.0,
checks (3.12)	Build pinned Float64 3D contact backend	2026-10-06T00:52:18.1802734Z     0.0,
checks (3.12)	Build pinned Float64 3D contact backend	2026-10-06T00:52:18.1802804Z     0.0,
checks (3.12)	Build pinned Float64 3D contact backend	2026-10-06T00:52:18.1802871Z     0.0,
checks (3.12)	Build pinned Float64 3D contact backend	2026-10-06T00:52:18.1802958Z     -4.106307487659296e-05,
checks (3.12)	Build pinned Float64 3D contact backend	2026-10-06T00:52:18.1803036Z     -9.066003804199931e-05,
checks (3.12)	Build pinned Float64 3D contact backend	2026-10-06T00:52:18.1803119Z     -0.00016773484197133177,
checks (3.12)	Build pinned Float64 3D contact backend	2026-10-06T00:52:18.1803193Z     2.9278107538115633e-05,
checks (3.12)	Build pinned Float64 3D contact backend	2026-10-06T00:52:18.1803270Z     0.0,
checks (3.12)	Build pinned Float64 3D contact backend	2026-10-06T00:52:18.1803338Z     0.0,
checks (3.12)	Build pinned Float64 3D contact backend	2026-10-06T00:52:18.1803411Z     0.0,
checks (3.12)	Build pinned Float64 3D contact backend	2026-10-06T00:52:18.1803490Z     0.0,
checks (3.12)	Build pinned Float64 3D contact backend	2026-10-06T00:52:18.1803564Z     0.32926274662168525,
checks (3.12)	Build pinned Float64 3D contact backend	2026-10-06T00:52:18.1803646Z     -0.24774787882453075,
checks (3.12)	Build pinned Float64 3D contact backend	2026-10-06T00:52:18.1803715Z     0.0,
checks (3.12)	Build pinned Float64 3D contact backend	2026-10-06T00:52:18.1803787Z     0.0,
checks (3.12)	Build pinned Float64 3D contact backend	2026-10-06T00:52:18.1803855Z     0.0,
checks (3.12)	Build pinned Float64 3D contact backend	2026-10-06T00:52:18.1803933Z     0.0,
checks (3.12)	Build pinned Float64 3D contact backend	2026-10-06T00:52:18.1804002Z     0.0,
checks (3.12)	Build pinned Float64 3D contact backend	2026-10-06T00:52:18.1804075Z     0.0,
checks (3.12)	Build pinned Float64 3D contact backend	2026-10-06T00:52:18.1804149Z     0.0,
checks (3.12)	Build pinned Float64 3D contact backend	2026-10-06T00:52:18.1804220Z     0.0,
checks (3.12)	Build pinned Float64 3D contact backend	2026-10-06T00:52:18.1804293Z     0.0,
checks (3.12)	Build pinned Float64 3D contact backend	2026-10-06T00:52:18.1804361Z     0.0,
checks (3.12)	Build pinned Float64 3D contact backend	2026-10-06T00:52:18.1804437Z     0.0,
checks (3.12)	Build pinned Float64 3D contact backend	2026-10-06T00:52:18.1804506Z     0.0,
checks (3.12)	Build pinned Float64 3D contact backend	2026-10-06T00:52:18.1804578Z     0.0,
checks (3.12)	Build pinned Float64 3D contact backend	2026-10-06T00:52:18.1804646Z     0.0,
checks (3.12)	Build pinned Float64 3D contact backend	2026-10-06T00:52:18.1804845Z     0.0,
checks (3.12)	Build pinned Float64 3D contact backend	2026-10-06T00:52:18.1804918Z     0.0,
checks (3.12)	Build pinned Float64 3D contact backend	2026-10-06T00:52:18.1804986Z     0.0,
checks (3.12)	Build pinned Float64 3D contact backend	2026-10-06T00:52:18.1805058Z     0.0,
checks (3.12)	Build pinned Float64 3D contact backend	2026-10-06T00:52:18.1805137Z     -1.4359409697292257e-05,
checks (3.12)	Build pinned Float64 3D contact backend	2026-10-06T00:52:18.1805218Z     -4.701489322813062e-06,
checks (3.12)	Build pinned Float64 3D contact backend	2026-10-06T00:52:18.1805287Z     0.0,
checks (3.12)	Build pinned Float64 3D contact backend	2026-10-06T00:52:18.1805360Z     0.0,
checks (3.12)	Build pinned Float64 3D contact backend	2026-10-06T00:52:18.1805434Z     0.0,
checks (3.12)	Build pinned Float64 3D contact backend	2026-10-06T00:52:18.1805506Z     0.0,
checks (3.12)	Build pinned Float64 3D contact backend	2026-10-06T00:52:18.1805579Z     0.0,
checks (3.12)	Build pinned Float64 3D contact backend	2026-10-06T00:52:18.1805647Z     0.0,
checks (3.12)	Build pinned Float64 3D contact backend	2026-10-06T00:52:18.1805722Z     0.0,
checks (3.12)	Build pinned Float64 3D contact backend	2026-10-06T00:52:18.1805789Z     0.0,
checks (3.12)	Build pinned Float64 3D contact backend	2026-10-06T00:52:18.1805859Z     0.0,
checks (3.12)	Build pinned Float64 3D contact backend	2026-10-06T00:52:18.1805927Z     0.0,
checks (3.12)	Build pinned Float64 3D contact backend	2026-10-06T00:52:18.1805999Z     0.0,
checks (3.12)	Build pinned Float64 3D contact backend	2026-10-06T00:52:18.1806068Z     0.0,
checks (3.12)	Build pinned Float64 3D contact backend	2026-10-06T00:52:18.1806141Z     0.0,
checks (3.12)	Build pinned Float64 3D contact backend	2026-10-06T00:52:18.1806210Z     0.0,
checks (3.12)	Build pinned Float64 3D contact backend	2026-10-06T00:52:18.1806283Z     0.0,
checks (3.12)	Build pinned Float64 3D contact backend	2026-10-06T00:52:18.1806355Z     0.0,
checks (3.12)	Build pinned Float64 3D contact backend	2026-10-06T00:52:18.1806423Z     0.0,
checks (3.12)	Build pinned Float64 3D contact backend	2026-10-06T00:52:18.1806495Z     0.0,
checks (3.12)	Build pinned Float64 3D contact backend	2026-10-06T00:52:18.1806564Z     0.0,
checks (3.12)	Build pinned Float64 3D contact backend	2026-10-06T00:52:18.1806638Z     0.0,
checks (3.12)	Build pinned Float64 3D contact backend	2026-10-06T00:52:18.1806710Z     0.0,
checks (3.12)	Build pinned Float64 3D contact backend	2026-10-06T00:52:18.1806785Z     0.0,
checks (3.12)	Build pinned Float64 3D contact backend	2026-10-06T00:52:18.1806853Z     0.0,
checks (3.12)	Build pinned Float64 3D contact backend	2026-10-06T00:52:18.1806927Z     0.0,
checks (3.12)	Build pinned Float64 3D contact backend	2026-10-06T00:52:18.1807001Z     0.0,
checks (3.12)	Build pinned Float64 3D contact backend	2026-10-06T00:52:18.1807071Z     0.0,
checks (3.12)	Build pinned Float64 3D contact backend	2026-10-06T00:52:18.1807153Z     5.133861538142562e-06,
checks (3.12)	Build pinned Float64 3D contact backend	2026-10-06T00:52:18.1807229Z     -5.83466785845461e-06,
checks (3.12)	Build pinned Float64 3D contact backend	2026-10-06T00:52:18.1807307Z     0.0,
checks (3.12)	Build pinned Float64 3D contact backend	2026-10-06T00:52:18.1807375Z     0.0,
checks (3.12)	Build pinned Float64 3D contact backend	2026-10-06T00:52:18.1807449Z     0.0,
checks (3.12)	Build pinned Float64 3D contact backend	2026-10-06T00:52:18.1807517Z     0.0,
checks (3.12)	Build pinned Float64 3D contact backend	2026-10-06T00:52:18.1807590Z     0.0,
checks (3.12)	Build pinned Float64 3D contact backend	2026-10-06T00:52:18.1807662Z     0.0,
checks (3.12)	Build pinned Float64 3D contact backend	2026-10-06T00:52:18.1807730Z     0.0,
checks (3.12)	Build pinned Float64 3D contact backend	2026-10-06T00:52:18.1807802Z     0.0,
checks (3.12)	Build pinned Float64 3D contact backend	2026-10-06T00:52:18.1807871Z     0.0,
checks (3.12)	Build pinned Float64 3D contact backend	2026-10-06T00:52:18.1807944Z     0.0,
checks (3.12)	Build pinned Float64 3D contact backend	2026-10-06T00:52:18.1808012Z     0.0,
checks (3.12)	Build pinned Float64 3D contact backend	2026-10-06T00:52:18.1808086Z     0.0,
checks (3.12)	Build pinned Float64 3D contact backend	2026-10-06T00:52:18.1808161Z     1.4439686164941662e-12,
checks (3.12)	Build pinned Float64 3D contact backend	2026-10-06T00:52:18.1808244Z     -2.2755037076902004e-14,
checks (3.12)	Build pinned Float64 3D contact backend	2026-10-06T00:52:18.1808319Z     0.0,
checks (3.12)	Build pinned Float64 3D contact backend	2026-10-06T00:52:18.1808386Z     0.0,
checks (3.12)	Build pinned Float64 3D contact backend	2026-10-06T00:52:18.1808457Z     0.0,
checks (3.12)	Build pinned Float64 3D contact backend	2026-10-06T00:52:18.1808533Z     0.0,
checks (3.12)	Build pinned Float64 3D contact backend	2026-10-06T00:52:18.1808605Z     0.0,
checks (3.12)	Build pinned Float64 3D contact backend	2026-10-06T00:52:18.1808674Z     0.0,
checks (3.12)	Build pinned Float64 3D contact backend	2026-10-06T00:52:18.1808746Z     0.0,
checks (3.12)	Build pinned Float64 3D contact backend	2026-10-06T00:52:18.1808813Z     0.0,
checks (3.12)	Build pinned Float64 3D contact backend	2026-10-06T00:52:18.1808887Z     0.0,
checks (3.12)	Build pinned Float64 3D contact backend	2026-10-06T00:52:18.1808960Z     0.0,
checks (3.12)	Build pinned Float64 3D contact backend	2026-10-06T00:52:18.1809029Z     0.0,
checks (3.12)	Build pinned Float64 3D contact backend	2026-10-06T00:52:18.1809103Z     0.0,
checks (3.12)	Build pinned Float64 3D contact backend	2026-10-06T00:52:18.1809349Z     0.00023855124214859874,
checks (3.12)	Build pinned Float64 3D contact backend	2026-10-06T00:52:18.1809429Z     8.110174123637459e-05,
checks (3.12)	Build pinned Float64 3D contact backend	2026-10-06T00:52:18.1809498Z     0.0,
checks (3.12)	Build pinned Float64 3D contact backend	2026-10-06T00:52:18.1809571Z     0.0,
checks (3.12)	Build pinned Float64 3D contact backend	2026-10-06T00:52:18.1809639Z     0.0,
checks (3.12)	Build pinned Float64 3D contact backend	2026-10-06T00:52:18.1809712Z     0.0,
checks (3.12)	Build pinned Float64 3D contact backend	2026-10-06T00:52:18.1809780Z     0.0,
checks (3.12)	Build pinned Float64 3D contact backend	2026-10-06T00:52:18.1809854Z     0.0,
checks (3.12)	Build pinned Float64 3D contact backend	2026-10-06T00:52:18.1809927Z     0.0,
checks (3.12)	Build pinned Float64 3D contact backend	2026-10-06T00:52:18.1809995Z     0.0,
checks (3.12)	Build pinned Float64 3D contact backend	2026-10-06T00:52:18.1810068Z     0.0,
checks (3.12)	Build pinned Float64 3D contact backend	2026-10-06T00:52:18.1810135Z     0.0,
checks (3.12)	Build pinned Float64 3D contact backend	2026-10-06T00:52:18.1810207Z     0.0,
checks (3.12)	Build pinned Float64 3D contact backend	2026-10-06T00:52:18.1810275Z     0.0,
checks (3.12)	Build pinned Float64 3D contact backend	2026-10-06T00:52:18.1810348Z     0.0,
checks (3.12)	Build pinned Float64 3D contact backend	2026-10-06T00:52:18.1810419Z     0.0,
checks (3.12)	Build pinned Float64 3D contact backend	2026-10-06T00:52:18.1810496Z     0.0,
checks (3.12)	Build pinned Float64 3D contact backend	2026-10-06T00:52:18.1810568Z     0.0,
checks (3.12)	Build pinned Float64 3D contact backend	2026-10-06T00:52:18.1810641Z     0.0,
checks (3.12)	Build pinned Float64 3D contact backend	2026-10-06T00:52:18.1810714Z     0.0,
checks (3.12)	Build pinned Float64 3D contact backend	2026-10-06T00:52:18.1810782Z     0.0,
checks (3.12)	Build pinned Float64 3D contact backend	2026-10-06T00:52:18.1810854Z     0.0,
checks (3.12)	Build pinned Float64 3D contact backend	2026-10-06T00:52:18.1810922Z     0.0,
checks (3.12)	Build pinned Float64 3D contact backend	2026-10-06T00:52:18.1810994Z     0.0,
checks (3.12)	Build pinned Float64 3D contact backend	2026-10-06T00:52:18.1811063Z     0.0,
checks (3.12)	Build pinned Float64 3D contact backend	2026-10-06T00:52:18.1811137Z     0.0,
checks (3.12)	Build pinned Float64 3D contact backend	2026-10-06T00:52:18.1811215Z     0.0,
checks (3.12)	Build pinned Float64 3D contact backend	2026-10-06T00:52:18.1811283Z     0.0,
checks (3.12)	Build pinned Float64 3D contact backend	2026-10-06T00:52:18.1811356Z     0.0,
checks (3.12)	Build pinned Float64 3D contact backend	2026-10-06T00:52:18.1811426Z     0.0,
checks (3.12)	Build pinned Float64 3D contact backend	2026-10-06T00:52:18.1811499Z     0.0,
checks (3.12)	Build pinned Float64 3D contact backend	2026-10-06T00:52:18.1811567Z     0.0,
checks (3.12)	Build pinned Float64 3D contact backend	2026-10-06T00:52:18.1811759Z     0.0,
checks (3.12)	Build pinned Float64 3D contact backend	2026-10-06T00:52:18.1811893Z     0.0,
checks (3.12)	Build pinned Float64 3D contact backend	2026-10-06T00:52:18.1812029Z     0.0,
checks (3.12)	Build pinned Float64 3D contact backend	2026-10-06T00:52:18.1812155Z     0.0,
checks (3.12)	Build pinned Float64 3D contact backend	2026-10-06T00:52:18.1812239Z     0.0,
checks (3.12)	Build pinned Float64 3D contact backend	2026-10-06T00:52:18.1812312Z     0.0,
checks (3.12)	Build pinned Float64 3D contact backend	2026-10-06T00:52:18.1812382Z     0.0,
checks (3.12)	Build pinned Float64 3D contact backend	2026-10-06T00:52:18.1812455Z     0.0,
checks (3.12)	Build pinned Float64 3D contact backend	2026-10-06T00:52:18.1812523Z     0.0,
checks (3.12)	Build pinned Float64 3D contact backend	2026-10-06T00:52:18.1812595Z     0.0,
checks (3.12)	Build pinned Float64 3D contact backend	2026-10-06T00:52:18.1812664Z     0.0,
checks (3.12)	Build pinned Float64 3D contact backend	2026-10-06T00:52:18.1812876Z     0.0,
checks (3.12)	Build pinned Float64 3D contact backend	2026-10-06T00:52:18.1812945Z     0.0,
checks (3.12)	Build pinned Float64 3D contact backend	2026-10-06T00:52:18.1813018Z     0.0,
checks (3.12)	Build pinned Float64 3D contact backend	2026-10-06T00:52:18.1813090Z     0.0,
checks (3.12)	Build pinned Float64 3D contact backend	2026-10-06T00:52:18.1813158Z     0.0,
checks (3.12)	Build pinned Float64 3D contact backend	2026-10-06T00:52:18.1813230Z     0.0,
checks (3.12)	Build pinned Float64 3D contact backend	2026-10-06T00:52:18.1813301Z     0.0,
checks (3.12)	Build pinned Float64 3D contact backend	2026-10-06T00:52:18.1813372Z     0.0,
checks (3.12)	Build pinned Float64 3D contact backend	2026-10-06T00:52:18.1813441Z     0.0,
checks (3.12)	Build pinned Float64 3D contact backend	2026-10-06T00:52:18.1813513Z     0.0,
checks (3.12)	Build pinned Float64 3D contact backend	2026-10-06T00:52:18.1813586Z     0.0,
checks (3.12)	Build pinned Float64 3D contact backend	2026-10-06T00:52:18.1813659Z     0.0,
checks (3.12)	Build pinned Float64 3D contact backend	2026-10-06T00:52:18.1813731Z     0.0,
checks (3.12)	Build pinned Float64 3D contact backend	2026-10-06T00:52:18.1813800Z     0.0,
checks (3.12)	Build pinned Float64 3D contact backend	2026-10-06T00:52:18.1813872Z     0.0,
checks (3.12)	Build pinned Float64 3D contact backend	2026-10-06T00:52:18.1813954Z     -7.868978972079141e-17,
checks (3.12)	Build pinned Float64 3D contact backend	2026-10-06T00:52:18.1814035Z     1.3608169842427733e-16,
checks (3.12)	Build pinned Float64 3D contact backend	2026-10-06T00:52:18.1814111Z     -0.008425739268411128,
checks (3.12)	Build pinned Float64 3D contact backend	2026-10-06T00:52:18.1814193Z     -0.027891749688889345,
checks (3.12)	Build pinned Float64 3D contact backend	2026-10-06T00:52:18.1814265Z     0.01905732155590487,
checks (3.12)	Build pinned Float64 3D contact backend	2026-10-06T00:52:18.1814341Z     0.21675638789837984,
checks (3.12)	Build pinned Float64 3D contact backend	2026-10-06T00:52:18.1814419Z     -0.029150265937690583,
checks (3.12)	Build pinned Float64 3D contact backend	2026-10-06T00:52:18.1814494Z     -0.06449703626966662,
checks (3.12)	Build pinned Float64 3D contact backend	2026-10-06T00:52:18.1814567Z     0.0,
checks (3.12)	Build pinned Float64 3D contact backend	2026-10-06T00:52:18.1814641Z     0.0,
checks (3.12)	Build pinned Float64 3D contact backend	2026-10-06T00:52:18.1814715Z     0.0,
checks (3.12)	Build pinned Float64 3D contact backend	2026-10-06T00:52:18.1814783Z     0.0,
checks (3.12)	Build pinned Float64 3D contact backend	2026-10-06T00:52:18.1814856Z     0.0,
checks (3.12)	Build pinned Float64 3D contact backend	2026-10-06T00:52:18.1814924Z     0.0,
checks (3.12)	Build pinned Float64 3D contact backend	2026-10-06T00:52:18.1814997Z     0.0,
checks (3.12)	Build pinned Float64 3D contact backend	2026-10-06T00:52:18.1815070Z     0.0,
checks (3.12)	Build pinned Float64 3D contact backend	2026-10-06T00:52:18.1815147Z     -4.3653445646335e-05,
checks (3.12)	Build pinned Float64 3D contact backend	2026-10-06T00:52:18.1815231Z     -2.3769668231661522e-05,
checks (3.12)	Build pinned Float64 3D contact backend	2026-10-06T00:52:18.1815312Z     -0.0001242029156048129,
checks (3.12)	Build pinned Float64 3D contact backend	2026-10-06T00:52:18.1815391Z     0.0002929123700091761,
checks (3.12)	Build pinned Float64 3D contact backend	2026-10-06T00:52:18.1815467Z     -7.262875862045909e-06,
checks (3.12)	Build pinned Float64 3D contact backend	2026-10-06T00:52:18.1815546Z     1.9197693811971474e-05,
checks (3.12)	Build pinned Float64 3D contact backend	2026-10-06T00:52:18.1815623Z     -3.0815379397794603e-07,
checks (3.12)	Build pinned Float64 3D contact backend	2026-10-06T00:52:18.1815701Z     6.202576072110592e-05,
checks (3.12)	Build pinned Float64 3D contact backend	2026-10-06T00:52:18.1815772Z     0.0,
checks (3.12)	Build pinned Float64 3D contact backend	2026-10-06T00:52:18.1815841Z     0.0,
checks (3.12)	Build pinned Float64 3D contact backend	2026-10-06T00:52:18.1815913Z     0.0,
checks (3.12)	Build pinned Float64 3D contact backend	2026-10-06T00:52:18.1815982Z     0.0,
checks (3.12)	Build pinned Float64 3D contact backend	2026-10-06T00:52:18.1816055Z     0.0,
checks (3.12)	Build pinned Float64 3D contact backend	2026-10-06T00:52:18.1816124Z     0.0,
checks (3.12)	Build pinned Float64 3D contact backend	2026-10-06T00:52:18.1816196Z     0.0,
checks (3.12)	Build pinned Float64 3D contact backend	2026-10-06T00:52:18.1816264Z     0.0,
checks (3.12)	Build pinned Float64 3D contact backend	2026-10-06T00:52:18.1816343Z     0.0,
checks (3.12)	Build pinned Float64 3D contact backend	2026-10-06T00:52:18.1816418Z     0.0
checks (3.12)	Build pinned Float64 3D contact backend	2026-10-06T00:52:18.1816487Z   ],
checks (3.12)	Build pinned Float64 3D contact backend	2026-10-06T00:52:18.1816611Z   "passive_change_bound_J": -2.17320438889695,
checks (3.12)	Build pinned Float64 3D contact backend	2026-10-06T00:52:18.1816710Z   "passivity_scale": 4.2724694896040285,
checks (3.12)	Build pinned Float64 3D contact backend	2026-10-06T00:52:18.1816843Z   "positive_friction_work_J": 1.5919965230232935e-11,
checks (3.12)	Build pinned Float64 3D contact backend	2026-10-06T00:52:18.1817064Z   "projection_tail_policy": {
checks (3.12)	Build pinned Float64 3D contact backend	2026-10-06T00:52:18.1817147Z     "attempts": 0,
checks (3.12)	Build pinned Float64 3D contact backend	2026-10-06T00:52:18.1817231Z     "compiled": true,
checks (3.12)	Build pinned Float64 3D contact backend	2026-10-06T00:52:18.1817306Z     "declines": 0,
checks (3.12)	Build pinned Float64 3D contact backend	2026-10-06T00:52:18.1817394Z     "iteration_steps": 0,
checks (3.12)	Build pinned Float64 3D contact backend	2026-10-06T00:52:18.1817484Z     "max_iteration_steps": 2048,
checks (3.12)	Build pinned Float64 3D contact backend	2026-10-06T00:52:18.1817564Z     "max_rows": 64,
checks (3.12)	Build pinned Float64 3D contact backend	2026-10-06T00:52:18.1817643Z     "max_svd_calls": 2048,
checks (3.12)	Build pinned Float64 3D contact backend	2026-10-06T00:52:18.1817726Z     "newton_steps": 0,
checks (3.12)	Build pinned Float64 3D contact backend	2026-10-06T00:52:18.1817800Z     "solves": 0,
checks (3.12)	Build pinned Float64 3D contact backend	2026-10-06T00:52:18.1817927Z     "stage": "after_all_existing_pipeline_failure",
checks (3.12)	Build pinned Float64 3D contact backend	2026-10-06T00:52:18.1818008Z     "svd_calls": 0
checks (3.12)	Build pinned Float64 3D contact backend	2026-10-06T00:52:18.1818081Z   },
checks (3.12)	Build pinned Float64 3D contact backend	2026-10-06T00:52:18.1818159Z   "rows": 297,
checks (3.12)	Build pinned Float64 3D contact backend	2026-10-06T00:52:18.1818324Z   "schema": "native-circular-coulomb-replay-v1",
checks (3.12)	Build pinned Float64 3D contact backend	2026-10-06T00:52:18.1818416Z   "solver_accepted": true,
checks (3.12)	Build pinned Float64 3D contact backend	2026-10-06T00:52:18.1818487Z   "stats": {
checks (3.12)	Build pinned Float64 3D contact backend	2026-10-06T00:52:18.1818579Z     "active_mode_guesses": 0,
checks (3.12)	Build pinned Float64 3D contact backend	2026-10-06T00:52:18.1818659Z     "active_passes": 0,
checks (3.12)	Build pinned Float64 3D contact backend	2026-10-06T00:52:18.1818760Z     "active_pressure_svd_calls": 0,
checks (3.12)	Build pinned Float64 3D contact backend	2026-10-06T00:52:18.1818849Z     "active_solves": 0,
checks (3.12)	Build pinned Float64 3D contact backend	2026-10-06T00:52:18.1818931Z     "active_svd_calls": 0,
checks (3.12)	Build pinned Float64 3D contact backend	2026-10-06T00:52:18.1819013Z     "cold_restarts": 0,
checks (3.12)	Build pinned Float64 3D contact backend	2026-10-06T00:52:18.1819113Z     "continuation_budget_rejections": 0,
checks (3.12)	Build pinned Float64 3D contact backend	2026-10-06T00:52:18.1819205Z     "continuation_solves": 0,
checks (3.12)	Build pinned Float64 3D contact backend	2026-10-06T00:52:18.1819288Z     "continuation_stages": 0,
checks (3.12)	Build pinned Float64 3D contact backend	2026-10-06T00:52:18.1819381Z     "continuation_svd_calls": 0,
checks (3.12)	Build pinned Float64 3D contact backend	2026-10-06T00:52:18.1819466Z     "gauge_restarts": 0,
checks (3.12)	Build pinned Float64 3D contact backend	2026-10-06T00:52:18.1819553Z     "iteration_sweeps_total": 0,
checks (3.12)	Build pinned Float64 3D contact backend	2026-10-06T00:52:18.1819656Z     "lapack_recovery_compiled": true,
checks (3.12)	Build pinned Float64 3D contact backend	2026-10-06T00:52:18.1819828Z     "newton_steps": 0,
checks (3.12)	Build pinned Float64 3D contact backend	2026-10-06T00:52:18.1819931Z     "null_pressure_boundary_moves": 0,
checks (3.12)	Build pinned Float64 3D contact backend	2026-10-06T00:52:18.1820022Z     "null_pressure_solves": 0,
checks (3.12)	Build pinned Float64 3D contact backend	2026-10-06T00:52:18.1820118Z     "null_pressure_svd_calls": 0,
checks (3.12)	Build pinned Float64 3D contact backend	2026-10-06T00:52:18.1820205Z     "opposing_restarts": 0,
checks (3.12)	Build pinned Float64 3D contact backend	2026-10-06T00:52:18.1820297Z     "polish_budget_rejections": 0,
checks (3.12)	Build pinned Float64 3D contact backend	2026-10-06T00:52:18.1820383Z     "polish_solves": 0,
checks (3.12)	Build pinned Float64 3D contact backend	2026-10-06T00:52:18.1820467Z     "polish_steps": 0,
checks (3.12)	Build pinned Float64 3D contact backend	2026-10-06T00:52:18.1820555Z     "polish_svd_calls": 0,
checks (3.12)	Build pinned Float64 3D contact backend	2026-10-06T00:52:18.1820643Z     "polish_svd_rejections": 0,
checks (3.12)	Build pinned Float64 3D contact backend	2026-10-06T00:52:18.1820729Z     "pressure_solves": 0,
checks (3.12)	Build pinned Float64 3D contact backend	2026-10-06T00:52:18.1820813Z     "pressure_svd_calls": 0,
checks (3.12)	Build pinned Float64 3D contact backend	2026-10-06T00:52:18.1820897Z     "rank_restarts": 0,
checks (3.12)	Build pinned Float64 3D contact backend	2026-10-06T00:52:18.1820994Z     "residual_m_s": 9.955615704644439e-09,
checks (3.12)	Build pinned Float64 3D contact backend	2026-10-06T00:52:18.1821069Z     "solves": 1,
checks (3.12)	Build pinned Float64 3D contact backend	2026-10-06T00:52:18.1821175Z     "supplemental_iteration_steps": 0,
checks (3.12)	Build pinned Float64 3D contact backend	2026-10-06T00:52:18.1821267Z     "supplemental_pivot_calls": 0,
checks (3.12)	Build pinned Float64 3D contact backend	2026-10-06T00:52:18.1821371Z     "supplemental_pressure_svd_calls": 0,
checks (3.12)	Build pinned Float64 3D contact backend	2026-10-06T00:52:18.1821469Z     "supplemental_projector_calls": 0,
checks (3.12)	Build pinned Float64 3D contact backend	2026-10-06T00:52:18.1821563Z     "supplemental_restarts": 0,
checks (3.12)	Build pinned Float64 3D contact backend	2026-10-06T00:52:18.1821932Z     "supplemental_solves": 0,
checks (3.12)	Build pinned Float64 3D contact backend	2026-10-06T00:52:18.1822031Z     "supplemental_svd_calls": 0,
checks (3.12)	Build pinned Float64 3D contact backend	2026-10-06T00:52:18.1822135Z     "support_component_cap_rejections": 0,
checks (3.12)	Build pinned Float64 3D contact backend	2026-10-06T00:52:18.1822234Z     "support_expanded_contacts": 0,
checks (3.12)	Build pinned Float64 3D contact backend	2026-10-06T00:52:18.1822326Z     "support_helper_calls": 0,
checks (3.12)	Build pinned Float64 3D contact backend	2026-10-06T00:52:18.1822416Z     "support_iteration_steps": 0,
checks (3.12)	Build pinned Float64 3D contact backend	2026-10-06T00:52:18.1822505Z     "support_largest_rows": 0,
checks (3.12)	Build pinned Float64 3D contact backend	2026-10-06T00:52:18.1822589Z     "support_passes": 0,
checks (3.12)	Build pinned Float64 3D contact backend	2026-10-06T00:52:18.1822680Z     "support_pivot_calls": 0,
checks (3.12)	Build pinned Float64 3D contact backend	2026-10-06T00:52:18.1822778Z     "support_pressure_svd_calls": 0,
checks (3.12)	Build pinned Float64 3D contact backend	2026-10-06T00:52:18.1822869Z     "support_skipped_components": 0,
checks (3.12)	Build pinned Float64 3D contact backend	2026-10-06T00:52:18.1822958Z     "support_solves": 0,
checks (3.12)	Build pinned Float64 3D contact backend	2026-10-06T00:52:18.1823041Z     "support_svd_calls": 0,
checks (3.12)	Build pinned Float64 3D contact backend	2026-10-06T00:52:18.1823121Z     "sweeps_max": 0
checks (3.12)	Build pinned Float64 3D contact backend	2026-10-06T00:52:18.1823195Z   },
checks (3.12)	Build pinned Float64 3D contact backend	2026-10-06T00:52:18.1823284Z   "tolerance_m_s": 1e-08,
checks (3.12)	Build pinned Float64 3D contact backend	2026-10-06T00:52:18.1823359Z   "w": [
checks (3.12)	Build pinned Float64 3D contact backend	2026-10-06T00:52:18.1823433Z     107.39099131250723,
checks (3.12)	Build pinned Float64 3D contact backend	2026-10-06T00:52:18.1823513Z     2.886579864025407e-15,
checks (3.12)	Build pinned Float64 3D contact backend	2026-10-06T00:52:18.1823587Z     2029.8700200381409,
checks (3.12)	Build pinned Float64 3D contact backend	2026-10-06T00:52:18.1823665Z     0.19659496778345167,
checks (3.12)	Build pinned Float64 3D contact backend	2026-10-06T00:52:18.1823737Z     692.5786857404239,
checks (3.12)	Build pinned Float64 3D contact backend	2026-10-06T00:52:18.1823950Z     139.58767316748305,
checks (3.12)	Build pinned Float64 3D contact backend	2026-10-06T00:52:18.1824022Z     1381.1709940536875,
checks (3.12)	Build pinned Float64 3D contact backend	2026-10-06T00:52:18.1824101Z     529.4351344660862,
checks (3.12)	Build pinned Float64 3D contact backend	2026-10-06T00:52:18.1824180Z     4.0657581468206416e-20,
checks (3.12)	Build pinned Float64 3D contact backend	2026-10-06T00:52:18.1824253Z     106.91738990482429,
checks (3.12)	Build pinned Float64 3D contact backend	2026-10-06T00:52:18.1824328Z     63.13717783099456,
checks (3.12)	Build pinned Float64 3D contact backend	2026-10-06T00:52:18.1824403Z     1.0842021724855044e-19,
checks (3.12)	Build pinned Float64 3D contact backend	2026-10-06T00:52:18.1824488Z     -1.0842021724855044e-19,
checks (3.12)	Build pinned Float64 3D contact backend	2026-10-06T00:52:18.1824562Z     35.69287419306183,
checks (3.12)	Build pinned Float64 3D contact backend	2026-10-06T00:52:18.1824645Z     0.9362397975031908,
checks (3.12)	Build pinned Float64 3D contact backend	2026-10-06T00:52:18.1824720Z     1.7733177079537477e-10,
checks (3.12)	Build pinned Float64 3D contact backend	2026-10-06T00:52:18.1824798Z     358.61043197183994,
checks (3.12)	Build pinned Float64 3D contact backend	2026-10-06T00:52:18.1824877Z     120.0312069107801,
checks (3.12)	Build pinned Float64 3D contact backend	2026-10-06T00:52:18.1824949Z     867.9854151299248,
checks (3.12)	Build pinned Float64 3D contact backend	2026-10-06T00:52:18.1825029Z     182.85123328441577,
checks (3.12)	Build pinned Float64 3D contact backend	2026-10-06T00:52:18.1825101Z     397.18654371827176,
checks (3.12)	Build pinned Float64 3D contact backend	2026-10-06T00:52:18.1825177Z     45.71727299363437,
checks (3.12)	Build pinned Float64 3D contact backend	2026-10-06T00:52:18.1825249Z     390.9724355898163,
checks (3.12)	Build pinned Float64 3D contact backend	2026-10-06T00:52:18.1825327Z     287.97764152884065,
checks (3.12)	Build pinned Float64 3D contact backend	2026-10-06T00:52:18.1825412Z     27.770542512280656,
checks (3.12)	Build pinned Float64 3D contact backend	2026-10-06T00:52:18.1825489Z     -2.202285662861181e-20,
checks (3.12)	Build pinned Float64 3D contact backend	2026-10-06T00:52:18.1825566Z     5.902460414682234,
checks (3.12)	Build pinned Float64 3D contact backend	2026-10-06T00:52:18.1825638Z     779.9557068193892,
checks (3.12)	Build pinned Float64 3D contact backend	2026-10-06T00:52:18.1825716Z     353.7407187405311,
checks (3.12)	Build pinned Float64 3D contact backend	2026-10-06T00:52:18.1825788Z     834.9860199758217,
checks (3.12)	Build pinned Float64 3D contact backend	2026-10-06T00:52:18.1825864Z     64.09287085392583,
checks (3.12)	Build pinned Float64 3D contact backend	2026-10-06T00:52:18.1825936Z     2.775424437974385,
checks (3.12)	Build pinned Float64 3D contact backend	2026-10-06T00:52:18.1826013Z     1446.5126498990235,
checks (3.12)	Build pinned Float64 3D contact backend	2026-10-06T00:52:18.1826089Z     824.9713563366889,
checks (3.12)	Build pinned Float64 3D contact backend	2026-10-06T00:52:18.1826160Z     6.73282262983731,
checks (3.12)	Build pinned Float64 3D contact backend	2026-10-06T00:52:18.1826239Z     4.403769921371439,
checks (3.12)	Build pinned Float64 3D contact backend	2026-10-06T00:52:18.1826311Z     5.434128496454156,
checks (3.12)	Build pinned Float64 3D contact backend	2026-10-06T00:52:18.1826514Z     6.9805639115093365,
checks (3.12)	Build pinned Float64 3D contact backend	2026-10-06T00:52:18.1826590Z     0.002316506046407359,
checks (3.12)	Build pinned Float64 3D contact backend	2026-10-06T00:52:18.1826675Z     6.776263578034403e-21,
checks (3.12)	Build pinned Float64 3D contact backend	2026-10-06T00:52:18.1826754Z     0.0005492320541384485,
checks (3.12)	Build pinned Float64 3D contact backend	2026-10-06T00:52:18.1826828Z     0.0005096562968560646,
checks (3.12)	Build pinned Float64 3D contact backend	2026-10-06T00:52:18.1826906Z     0.03204956113995649,
checks (3.12)	Build pinned Float64 3D contact backend	2026-10-06T00:52:18.1826984Z     0.022529525761951382,
checks (3.12)	Build pinned Float64 3D contact backend	2026-10-06T00:52:18.1827064Z     0.021032381080852234,
checks (3.12)	Build pinned Float64 3D contact backend	2026-10-06T00:52:18.1827136Z     0.2589648217932267,
checks (3.12)	Build pinned Float64 3D contact backend	2026-10-06T00:52:18.1827220Z     -7.446846945286351e-28,
checks (3.12)	Build pinned Float64 3D contact backend	2026-10-06T00:52:18.1827292Z     0.0008445111282346667,
checks (3.12)	Build pinned Float64 3D contact backend	2026-10-06T00:52:18.1827370Z     0.0008020701459466651,
checks (3.12)	Build pinned Float64 3D contact backend	2026-10-06T00:52:18.1827448Z     0.17495883921368713,
checks (3.12)	Build pinned Float64 3D contact backend	2026-10-06T00:52:18.1827518Z     57.92125678341937,
checks (3.12)	Build pinned Float64 3D contact backend	2026-10-06T00:52:18.1827593Z     98.10031855753269,
checks (3.12)	Build pinned Float64 3D contact backend	2026-10-06T00:52:18.1827665Z     924.4543010983033,
checks (3.12)	Build pinned Float64 3D contact backend	2026-10-06T00:52:18.1827746Z     -4.404571325722362e-20,
checks (3.12)	Build pinned Float64 3D contact backend	2026-10-06T00:52:18.1827819Z     25.945238778693028,
checks (3.12)	Build pinned Float64 3D contact backend	2026-10-06T00:52:18.1827901Z     31.277667162343835,
checks (3.12)	Build pinned Float64 3D contact backend	2026-10-06T00:52:18.1827973Z     3607.8754061249656,
checks (3.12)	Build pinned Float64 3D contact backend	2026-10-06T00:52:18.1828051Z     0.012555471551667804,
checks (3.12)	Build pinned Float64 3D contact backend	2026-10-06T00:52:18.1828128Z     54.963090124751275,
checks (3.12)	Build pinned Float64 3D contact backend	2026-10-06T00:52:18.1828200Z     60.661938705887636,
checks (3.12)	Build pinned Float64 3D contact backend	2026-10-06T00:52:18.1828276Z     57.27032161830805,
checks (3.12)	Build pinned Float64 3D contact backend	2026-10-06T00:52:18.1828346Z     56.09145706875261,
checks (3.12)	Build pinned Float64 3D contact backend	2026-10-06T00:52:18.1828426Z     1159.4660777194088,
checks (3.12)	Build pinned Float64 3D contact backend	2026-10-06T00:52:18.1828497Z     1.5840063143553065,
checks (3.12)	Build pinned Float64 3D contact backend	2026-10-06T00:52:18.1828573Z     66.80017792001021,
checks (3.12)	Build pinned Float64 3D contact backend	2026-10-06T00:52:18.1828648Z     51.03401140438288,
checks (3.12)	Build pinned Float64 3D contact backend	2026-10-06T00:52:18.1828724Z     37.76397017671205,
checks (3.12)	Build pinned Float64 3D contact backend	2026-10-06T00:52:18.1828804Z     37.486550352433326,
checks (3.12)	Build pinned Float64 3D contact backend	2026-10-06T00:52:18.1828878Z     37.590712729747565,
checks (3.12)	Build pinned Float64 3D contact backend	2026-10-06T00:52:18.1828955Z     38.630049249776334,
checks (3.12)	Build pinned Float64 3D contact backend	2026-10-06T00:52:18.1829027Z     867.8886974403409,
checks (3.12)	Build pinned Float64 3D contact backend	2026-10-06T00:52:18.1829103Z     0.5339915453869487,
checks (3.12)	Build pinned Float64 3D contact backend	2026-10-06T00:52:18.1829175Z     0.3019746569938774,
checks (3.12)	Build pinned Float64 3D contact backend	2026-10-06T00:52:18.1829254Z     0.4412970293063174,
checks (3.12)	Build pinned Float64 3D contact backend	2026-10-06T00:52:18.1829332Z     3009.300275042123,
checks (3.12)	Build pinned Float64 3D contact backend	2026-10-06T00:52:18.1829408Z     2683.6656700752746,
checks (3.12)	Build pinned Float64 3D contact backend	2026-10-06T00:52:18.1829485Z     89.83657161000076,
checks (3.12)	Build pinned Float64 3D contact backend	2026-10-06T00:52:18.1829557Z     337.1110312913767,
checks (3.12)	Build pinned Float64 3D contact backend	2026-10-06T00:52:18.1829634Z     458.5032502324048,
checks (3.12)	Build pinned Float64 3D contact backend	2026-10-06T00:52:18.1829706Z     22.928619206504916,
checks (3.12)	Build pinned Float64 3D contact backend	2026-10-06T00:52:18.1829782Z     513.7883899348413,
checks (3.12)	Build pinned Float64 3D contact backend	2026-10-06T00:52:18.1829854Z     72.54946768399172,
checks (3.12)	Build pinned Float64 3D contact backend	2026-10-06T00:52:18.1830027Z     0.34016475684005076,
checks (3.12)	Build pinned Float64 3D contact backend	2026-10-06T00:52:18.1830108Z     4.275754750260319e-11,
checks (3.12)	Build pinned Float64 3D contact backend	2026-10-06T00:52:18.1830185Z     -8.742352952673116e-10,
checks (3.12)	Build pinned Float64 3D contact backend	2026-10-06T00:52:18.1830265Z     4.3517771330936483e-10,
checks (3.12)	Build pinned Float64 3D contact backend	2026-10-06T00:52:18.1830337Z     443.6084372267346,
checks (3.12)	Build pinned Float64 3D contact backend	2026-10-06T00:52:18.1830415Z     3004.1308399190852,
checks (3.12)	Build pinned Float64 3D contact backend	2026-10-06T00:52:18.1830487Z     869.5950067666774,
checks (3.12)	Build pinned Float64 3D contact backend	2026-10-06T00:52:18.1830563Z     5.530701299818092,
checks (3.12)	Build pinned Float64 3D contact backend	2026-10-06T00:52:18.1830647Z     -6.606856988583543e-20,
checks (3.12)	Build pinned Float64 3D contact backend	2026-10-06T00:52:18.1830723Z     -5.421010862427522e-20,
checks (3.12)	Build pinned Float64 3D contact backend	2026-10-06T00:52:18.1830808Z     -1.3552527156068805e-20,
checks (3.12)	Build pinned Float64 3D contact backend	2026-10-06T00:52:18.1830883Z     -3.3881317890172014e-20,
checks (3.12)	Build pinned Float64 3D contact backend	2026-10-06T00:52:18.1830970Z     1332.4838281096338,
checks (3.12)	Build pinned Float64 3D contact backend	2026-10-06T00:52:18.1831042Z     870.5667641060105,
checks (3.12)	Build pinned Float64 3D contact backend	2026-10-06T00:52:18.1831118Z     2.886788503526576,
checks (3.12)	Build pinned Float64 3D contact backend	2026-10-06T00:52:18.1831190Z     1911.8920433523153,
checks (3.12)	Build pinned Float64 3D contact backend	2026-10-06T00:52:18.1831268Z     1162.8584015788401,
checks (3.12)	Build pinned Float64 3D contact backend	2026-10-06T00:52:18.1831345Z     1.1253713827285583,
checks (3.12)	Build pinned Float64 3D contact backend	2026-10-06T00:52:18.1831419Z     -3.2946394510386643,
checks (3.12)	Build pinned Float64 3D contact backend	2026-10-06T00:52:18.1831502Z     3.7298000628574437,
checks (3.12)	Build pinned Float64 3D contact backend	2026-10-06T00:52:18.1831575Z     -3.380488187653126,
checks (3.12)	Build pinned Float64 3D contact backend	2026-10-06T00:52:18.1831805Z     -3.300470910592608,
checks (3.12)	Build pinned Float64 3D contact backend	2026-10-06T00:52:18.1831894Z     -5.347618882297105,
checks (3.12)	Build pinned Float64 3D contact backend	2026-10-06T00:52:18.1831973Z     0.003691777067945397,
checks (3.12)	Build pinned Float64 3D contact backend	2026-10-06T00:52:18.1832055Z     -0.0011214086394855678,
checks (3.12)	Build pinned Float64 3D contact backend	2026-10-06T00:52:18.1832127Z     3.016692532530282,
checks (3.12)	Build pinned Float64 3D contact backend	2026-10-06T00:52:18.1832206Z     -2.240604895340284,
checks (3.12)	Build pinned Float64 3D contact backend	2026-10-06T00:52:18.1832278Z     0.0881319185335155,
checks (3.12)	Build pinned Float64 3D contact backend	2026-10-06T00:52:18.1832356Z     0.10551049877274483,
checks (3.12)	Build pinned Float64 3D contact backend	2026-10-06T00:52:18.1832428Z     0.7016724552297768,
checks (3.12)	Build pinned Float64 3D contact backend	2026-10-06T00:52:18.1832505Z     0.3109774302008709,
checks (3.12)	Build pinned Float64 3D contact backend	2026-10-06T00:52:18.1832698Z     0.1093304003583343,
checks (3.12)	Build pinned Float64 3D contact backend	2026-10-06T00:52:18.1832776Z     0.08282831544968727,
checks (3.12)	Build pinned Float64 3D contact backend	2026-10-06T00:52:18.1832852Z     0.3384356717693122,
checks (3.12)	Build pinned Float64 3D contact backend	2026-10-06T00:52:18.1832925Z     -18.4267279854636,
checks (3.12)	Build pinned Float64 3D contact backend	2026-10-06T00:52:18.1833004Z     -0.35652123137399555,
checks (3.12)	Build pinned Float64 3D contact backend	2026-10-06T00:52:18.1833077Z     0.8910696394778375,
checks (3.12)	Build pinned Float64 3D contact backend	2026-10-06T00:52:18.1833157Z     -0.08376819415785151,
checks (3.12)	Build pinned Float64 3D contact backend	2026-10-06T00:52:18.1833236Z     0.34554789191566904,
checks (3.12)	Build pinned Float64 3D contact backend	2026-10-06T00:52:18.1833318Z     2.710505431213761e-20,
checks (3.12)	Build pinned Float64 3D contact backend	2026-10-06T00:52:18.1833395Z     5.421010862427522e-20,
checks (3.12)	Build pinned Float64 3D contact backend	2026-10-06T00:52:18.1833473Z     0.0007465259695600202,
checks (3.12)	Build pinned Float64 3D contact backend	2026-10-06T00:52:18.1833553Z     -0.0001303060673614248,
checks (3.12)	Build pinned Float64 3D contact backend	2026-10-06T00:52:18.1833627Z     0.0010139857211423505,
checks (3.12)	Build pinned Float64 3D contact backend	2026-10-06T00:52:18.1833708Z     -0.00010308941148875193,
checks (3.12)	Build pinned Float64 3D contact backend	2026-10-06T00:52:18.1833781Z     0.00018203932509795978,
checks (3.12)	Build pinned Float64 3D contact backend	2026-10-06T00:52:18.1833864Z     -1.0600259438208696e-05,
checks (3.12)	Build pinned Float64 3D contact backend	2026-10-06T00:52:18.1833938Z     -0.29594339940874304,
checks (3.12)	Build pinned Float64 3D contact backend	2026-10-06T00:52:18.1834021Z     0.22267733071011991,
checks (3.12)	Build pinned Float64 3D contact backend	2026-10-06T00:52:18.1834098Z     3.4979141434280003,
checks (3.12)	Build pinned Float64 3D contact backend	2026-10-06T00:52:18.1834176Z     6.426453422225269,
checks (3.12)	Build pinned Float64 3D contact backend	2026-10-06T00:52:18.1834253Z     4.992541091107181,
checks (3.12)	Build pinned Float64 3D contact backend	2026-10-06T00:52:18.1834327Z     -4.3856295432547645,
checks (3.12)	Build pinned Float64 3D contact backend	2026-10-06T00:52:18.1834410Z     3.596485925122658,
checks (3.12)	Build pinned Float64 3D contact backend	2026-10-06T00:52:18.1834485Z     -0.324487951676013,
checks (3.12)	Build pinned Float64 3D contact backend	2026-10-06T00:52:18.1834562Z     3.651167184532702,
checks (3.12)	Build pinned Float64 3D contact backend	2026-10-06T00:52:18.1834637Z     -0.5191050079096858,
checks (3.12)	Build pinned Float64 3D contact backend	2026-10-06T00:52:18.1834717Z     3.484759534949005,
checks (3.12)	Build pinned Float64 3D contact backend	2026-10-06T00:52:18.1834797Z     -0.45425023774457385,
checks (3.12)	Build pinned Float64 3D contact backend	2026-10-06T00:52:18.1834870Z     7.043686311220752,
checks (3.12)	Build pinned Float64 3D contact backend	2026-10-06T00:52:18.1834952Z     1.9891370663275185,
checks (3.12)	Build pinned Float64 3D contact backend	2026-10-06T00:52:18.1835025Z     0.3778606157387317,
checks (3.12)	Build pinned Float64 3D contact backend	2026-10-06T00:52:18.1835103Z     0.2580847221232359,
checks (3.12)	Build pinned Float64 3D contact backend	2026-10-06T00:52:18.1835175Z     4.370466728403546,
checks (3.12)	Build pinned Float64 3D contact backend	2026-10-06T00:52:18.1835255Z     -0.7614353722635206,
checks (3.12)	Build pinned Float64 3D contact backend	2026-10-06T00:52:18.1835330Z     -2.5753609624927782,
checks (3.12)	Build pinned Float64 3D contact backend	2026-10-06T00:52:18.1835411Z     2.656274748665164,
checks (3.12)	Build pinned Float64 3D contact backend	2026-10-06T00:52:18.1835487Z     7.590556337259511,
checks (3.12)	Build pinned Float64 3D contact backend	2026-10-06T00:52:18.1835560Z     2.4852636930169956,
checks (3.12)	Build pinned Float64 3D contact backend	2026-10-06T00:52:18.1835644Z     -0.046802543736427706,
checks (3.12)	Build pinned Float64 3D contact backend	2026-10-06T00:52:18.1835717Z     2.1230884214309826,
checks (3.12)	Build pinned Float64 3D contact backend	2026-10-06T00:52:18.1835798Z     0.20045443720674067,
checks (3.12)	Build pinned Float64 3D contact backend	2026-10-06T00:52:18.1835870Z     2.26179144116032,
checks (3.12)	Build pinned Float64 3D contact backend	2026-10-06T00:52:18.1835948Z     0.06978877035634509,
checks (3.12)	Build pinned Float64 3D contact backend	2026-10-06T00:52:18.1836024Z     2.187332168400911,
checks (3.12)	Build pinned Float64 3D contact backend	2026-10-06T00:52:18.1836097Z     0.9962881743088238,
checks (3.12)	Build pinned Float64 3D contact backend	2026-10-06T00:52:18.1836299Z     -2.0195931588904807,
checks (3.12)	Build pinned Float64 3D contact backend	2026-10-06T00:52:18.1836375Z     -3.9288051626682843,
checks (3.12)	Build pinned Float64 3D contact backend	2026-10-06T00:52:18.1836456Z     -0.918069493824641,
checks (3.12)	Build pinned Float64 3D contact backend	2026-10-06T00:52:18.1836528Z     8.1255555139439,
checks (3.12)	Build pinned Float64 3D contact backend	2026-10-06T00:52:18.1836606Z     12.244877752746724,
checks (3.12)	Build pinned Float64 3D contact backend	2026-10-06T00:52:18.1836679Z     0.1700214570384216,
checks (3.12)	Build pinned Float64 3D contact backend	2026-10-06T00:52:18.1836755Z     1.0815615983059221,
checks (3.12)	Build pinned Float64 3D contact backend	2026-10-06T00:52:18.1836834Z     -0.025504426451469504,
checks (3.12)	Build pinned Float64 3D contact backend	2026-10-06T00:52:18.1836906Z     0.8234121872092677,
checks (3.12)	Build pinned Float64 3D contact backend	2026-10-06T00:52:18.1836983Z     0.02250044519530575,
checks (3.12)	Build pinned Float64 3D contact backend	2026-10-06T00:52:18.1837062Z     0.001095830056935255,
checks (3.12)	Build pinned Float64 3D contact backend	2026-10-06T00:52:18.1837138Z     0.04194888375987961,
checks (3.12)	Build pinned Float64 3D contact backend	2026-10-06T00:52:18.1837216Z     -0.009169672756309545,
checks (3.12)	Build pinned Float64 3D contact backend	2026-10-06T00:52:18.1837295Z     0.036371086669206715,
checks (3.12)	Build pinned Float64 3D contact backend	2026-10-06T00:52:18.1837370Z     -0.006214537095460504,
checks (3.12)	Build pinned Float64 3D contact backend	2026-10-06T00:52:18.1837448Z     0.02796077127812151,
checks (3.12)	Build pinned Float64 3D contact backend	2026-10-06T00:52:18.1837527Z     -0.0019415183122802316,
checks (3.12)	Build pinned Float64 3D contact backend	2026-10-06T00:52:18.1837600Z     -2.9228466660007317,
checks (3.12)	Build pinned Float64 3D contact backend	2026-10-06T00:52:18.1837679Z     -0.7004900214674428,
checks (3.12)	Build pinned Float64 3D contact backend	2026-10-06T00:52:18.1837759Z     -0.053842306326355005,
checks (3.12)	Build pinned Float64 3D contact backend	2026-10-06T00:52:18.1837837Z     0.06119214003210368,
checks (3.12)	Build pinned Float64 3D contact backend	2026-10-06T00:52:18.1837910Z     -0.7349460190728051,
checks (3.12)	Build pinned Float64 3D contact backend	2026-10-06T00:52:18.1837990Z     -0.1196317566779841,
checks (3.12)	Build pinned Float64 3D contact backend	2026-10-06T00:52:18.1838068Z     -2.4001256737608796,
checks (3.12)	Build pinned Float64 3D contact backend	2026-10-06T00:52:18.1838142Z     -3.6641040241483265,
checks (3.12)	Build pinned Float64 3D contact backend	2026-10-06T00:52:18.1838220Z     -2.0590343068900183,
checks (3.12)	Build pinned Float64 3D contact backend	2026-10-06T00:52:18.1838294Z     -3.801660463598587,
checks (3.12)	Build pinned Float64 3D contact backend	2026-10-06T00:52:18.1838374Z     -2.1202507771770547,
checks (3.12)	Build pinned Float64 3D contact backend	2026-10-06T00:52:18.1838447Z     -3.776972886257565,
checks (3.12)	Build pinned Float64 3D contact backend	2026-10-06T00:52:18.1838527Z     -2.178207447940955,
checks (3.12)	Build pinned Float64 3D contact backend	2026-10-06T00:52:18.1838601Z     -3.753599930399587,
checks (3.12)	Build pinned Float64 3D contact backend	2026-10-06T00:52:18.1838856Z     -0.8457715028409767,
checks (3.12)	Build pinned Float64 3D contact backend	2026-10-06T00:52:18.1838934Z     0.047517426964225014,
checks (3.12)	Build pinned Float64 3D contact backend	2026-10-06T00:52:18.1839011Z     -0.850213379402317,
checks (3.12)	Build pinned Float64 3D contact backend	2026-10-06T00:52:18.1839092Z     0.013398239234970265,
checks (3.12)	Build pinned Float64 3D contact backend	2026-10-06T00:52:18.1839165Z     -0.8360463833897825,
checks (3.12)	Build pinned Float64 3D contact backend	2026-10-06T00:52:18.1839244Z     0.024556912492585976,
checks (3.12)	Build pinned Float64 3D contact backend	2026-10-06T00:52:18.1839319Z     -0.8258686137324746,
checks (3.12)	Build pinned Float64 3D contact backend	2026-10-06T00:52:18.1839403Z     0.032573460672365384,
checks (3.12)	Build pinned Float64 3D contact backend	2026-10-06T00:52:18.1839481Z     2.6819160714685,
checks (3.12)	Build pinned Float64 3D contact backend	2026-10-06T00:52:18.1839557Z     1.1945875077220298,
checks (3.12)	Build pinned Float64 3D contact backend	2026-10-06T00:52:18.1839634Z     2.4937199134713306,
checks (3.12)	Build pinned Float64 3D contact backend	2026-10-06T00:52:18.1839706Z     1.85956202287035,
checks (3.12)	Build pinned Float64 3D contact backend	2026-10-06T00:52:18.1839783Z     2.3627677746175006,
checks (3.12)	Build pinned Float64 3D contact backend	2026-10-06T00:52:18.1839854Z     2.322270492700003,
checks (3.12)	Build pinned Float64 3D contact backend	2026-10-06T00:52:18.1839933Z     -1.804838378046627,
checks (3.12)	Build pinned Float64 3D contact backend	2026-10-06T00:52:18.1840004Z     2.134557546061695,
checks (3.12)	Build pinned Float64 3D contact backend	2026-10-06T00:52:18.1840084Z     -1.0736853635343382,
checks (3.12)	Build pinned Float64 3D contact backend	2026-10-06T00:52:18.1840164Z     -0.3650274538013181,
checks (3.12)	Build pinned Float64 3D contact backend	2026-10-06T00:52:18.1840237Z     0.010877021017424963,
checks (3.12)	Build pinned Float64 3D contact backend	2026-10-06T00:52:18.1840321Z     0.015084385069133741,
checks (3.12)	Build pinned Float64 3D contact backend	2026-10-06T00:52:18.1840393Z     0.06661174829461329,
checks (3.12)	Build pinned Float64 3D contact backend	2026-10-06T00:52:18.1840470Z     0.05265970954742365,
checks (3.12)	Build pinned Float64 3D contact backend	2026-10-06T00:52:18.1840542Z     2.5098156106408647,
checks (3.12)	Build pinned Float64 3D contact backend	2026-10-06T00:52:18.1840621Z     3.2771474730956554,
checks (3.12)	Build pinned Float64 3D contact backend	2026-10-06T00:52:18.1840692Z     3.2001613710056183,
checks (3.12)	Build pinned Float64 3D contact backend	2026-10-06T00:52:18.1840773Z     -0.0016238525250099767,
checks (3.12)	Build pinned Float64 3D contact backend	2026-10-06T00:52:18.1840857Z     -0.005393219727072883,
checks (3.12)	Build pinned Float64 3D contact backend	2026-10-06T00:52:18.1840930Z     0.01995406430351086,
checks (3.12)	Build pinned Float64 3D contact backend	2026-10-06T00:52:18.1841009Z     -0.001210625174888621,
checks (3.12)	Build pinned Float64 3D contact backend	2026-10-06T00:52:18.1841081Z     0.01582448501392684,
checks (3.12)	Build pinned Float64 3D contact backend	2026-10-06T00:52:18.1841161Z     -0.0036998631459215186,
checks (3.12)	Build pinned Float64 3D contact backend	2026-10-06T00:52:18.1841234Z     0.01828217145955528,
checks (3.12)	Build pinned Float64 3D contact backend	2026-10-06T00:52:18.1841313Z     -0.004565069526237323,
checks (3.12)	Build pinned Float64 3D contact backend	2026-10-06T00:52:18.1841391Z     0.019136411264936995,
checks (3.12)	Build pinned Float64 3D contact backend	2026-10-06T00:52:18.1841465Z     0.18467669829297026,
checks (3.12)	Build pinned Float64 3D contact backend	2026-10-06T00:52:18.1841543Z     -1.3820657915538639,
checks (3.12)	Build pinned Float64 3D contact backend	2026-10-06T00:52:18.1841890Z     0.010380633869125206,
checks (3.12)	Build pinned Float64 3D contact backend	2026-10-06T00:52:18.1841982Z     -0.007206987502821075,
checks (3.12)	Build pinned Float64 3D contact backend	2026-10-06T00:52:18.1842061Z     0.038922191031832004,
checks (3.12)	Build pinned Float64 3D contact backend	2026-10-06T00:52:18.1842140Z     -1.167779428828066,
checks (3.12)	Build pinned Float64 3D contact backend	2026-10-06T00:52:18.1842213Z     0.03202217961720953,
checks (3.12)	Build pinned Float64 3D contact backend	2026-10-06T00:52:18.1842292Z     -0.8872074539368339,
checks (3.12)	Build pinned Float64 3D contact backend	2026-10-06T00:52:18.1842371Z     0.003917269009794494,
checks (3.12)	Build pinned Float64 3D contact backend	2026-10-06T00:52:18.1842444Z     0.014169932481765577,
checks (3.12)	Build pinned Float64 3D contact backend	2026-10-06T00:52:18.1842522Z     0.031470178213089284,
checks (3.12)	Build pinned Float64 3D contact backend	2026-10-06T00:52:18.1842725Z     0.00029703681239598494,
checks (3.12)	Build pinned Float64 3D contact backend	2026-10-06T00:52:18.1842805Z     0.02112491027534777,
checks (3.12)	Build pinned Float64 3D contact backend	2026-10-06T00:52:18.1842878Z     0.005505880917899433,
checks (3.12)	Build pinned Float64 3D contact backend	2026-10-06T00:52:18.1842957Z     -0.08210079733854013,
checks (3.12)	Build pinned Float64 3D contact backend	2026-10-06T00:52:18.1843031Z     0.05748003096452901,
checks (3.12)	Build pinned Float64 3D contact backend	2026-10-06T00:52:18.1843109Z     0.5050035050991067,
checks (3.12)	Build pinned Float64 3D contact backend	2026-10-06T00:52:18.1843185Z     0.2569212919627331,
checks (3.12)	Build pinned Float64 3D contact backend	2026-10-06T00:52:18.1843257Z     0.43851401815056484,
checks (3.12)	Build pinned Float64 3D contact backend	2026-10-06T00:52:18.1843332Z     0.19918226285580884,
checks (3.12)	Build pinned Float64 3D contact backend	2026-10-06T00:52:18.1843404Z     0.45863675347094396,
checks (3.12)	Build pinned Float64 3D contact backend	2026-10-06T00:52:18.1843481Z     0.2647572390492822,
checks (3.12)	Build pinned Float64 3D contact backend	2026-10-06T00:52:18.1843554Z     0.4465544202800474,
checks (3.12)	Build pinned Float64 3D contact backend	2026-10-06T00:52:18.1843636Z     0.22538393021326456,
checks (3.12)	Build pinned Float64 3D contact backend	2026-10-06T00:52:18.1843714Z     0.8756694792770245,
checks (3.12)	Build pinned Float64 3D contact backend	2026-10-06T00:52:18.1843787Z     -0.2012783991682793,
checks (3.12)	Build pinned Float64 3D contact backend	2026-10-06T00:52:18.1843865Z     0.8579812365799162,
checks (3.12)	Build pinned Float64 3D contact backend	2026-10-06T00:52:18.1843940Z     -0.19666076881712152,
checks (3.12)	Build pinned Float64 3D contact backend	2026-10-06T00:52:18.1844019Z     1.2511203247249612,
checks (3.12)	Build pinned Float64 3D contact backend	2026-10-06T00:52:18.1844092Z     0.2592579020435751,
checks (3.12)	Build pinned Float64 3D contact backend	2026-10-06T00:52:18.1844176Z     0.43485972045036025,
checks (3.12)	Build pinned Float64 3D contact backend	2026-10-06T00:52:18.1844249Z     2.1311979445980445,
checks (3.12)	Build pinned Float64 3D contact backend	2026-10-06T00:52:18.1844329Z     -3.324601165634564,
checks (3.12)	Build pinned Float64 3D contact backend	2026-10-06T00:52:18.1844405Z     0.5056749407137339,
checks (3.12)	Build pinned Float64 3D contact backend	2026-10-06T00:52:18.1844478Z     -4.727809715230223,
checks (3.12)	Build pinned Float64 3D contact backend	2026-10-06T00:52:18.1844555Z     0.3763997022350237,
checks (3.12)	Build pinned Float64 3D contact backend	2026-10-06T00:52:18.1844626Z     3.6997564228353337,
checks (3.12)	Build pinned Float64 3D contact backend	2026-10-06T00:52:18.1844703Z     -1.273508506651978,
checks (3.12)	Build pinned Float64 3D contact backend	2026-10-06T00:52:18.1844774Z     3.7009926054900752,
checks (3.12)	Build pinned Float64 3D contact backend	2026-10-06T00:52:18.1844854Z     -1.2629168251834835,
checks (3.12)	Build pinned Float64 3D contact backend	2026-10-06T00:52:18.1844935Z     1.4189807832770684e-06,
checks (3.12)	Build pinned Float64 3D contact backend	2026-10-06T00:52:18.1845013Z     3.177773306273224e-06,
checks (3.12)	Build pinned Float64 3D contact backend	2026-10-06T00:52:18.1845214Z     9.357889130257036e-09,
checks (3.12)	Build pinned Float64 3D contact backend	2026-10-06T00:52:18.1845291Z     -3.3976749469477596e-09,
checks (3.12)	Build pinned Float64 3D contact backend	2026-10-06T00:52:18.1845372Z     -1.6451008333362438e-09,
checks (3.12)	Build pinned Float64 3D contact backend	2026-10-06T00:52:18.1845449Z     -1.9397070838422792e-08,
checks (3.12)	Build pinned Float64 3D contact backend	2026-10-06T00:52:18.1845529Z     1.067497860161512e-06,
checks (3.12)	Build pinned Float64 3D contact backend	2026-10-06T00:52:18.1845606Z     2.3841529473433987e-06,
checks (3.12)	Build pinned Float64 3D contact backend	2026-10-06T00:52:18.1845690Z     -0.12018866507661138,
checks (3.12)	Build pinned Float64 3D contact backend	2026-10-06T00:52:18.1845771Z     0.2563553342084308,
checks (3.12)	Build pinned Float64 3D contact backend	2026-10-06T00:52:18.1845845Z     -1.5742927113258833,
checks (3.12)	Build pinned Float64 3D contact backend	2026-10-06T00:52:18.1845924Z     -1.2849162635292546,
checks (3.12)	Build pinned Float64 3D contact backend	2026-10-06T00:52:18.1845999Z     -1.8106273293025346,
checks (3.12)	Build pinned Float64 3D contact backend	2026-10-06T00:52:18.1846080Z     -1.4521746760541003,
checks (3.12)	Build pinned Float64 3D contact backend	2026-10-06T00:52:18.1846153Z     0.2589805631810595,
checks (3.12)	Build pinned Float64 3D contact backend	2026-10-06T00:52:18.1846235Z     -0.07366887198466275,
checks (3.12)	Build pinned Float64 3D contact backend	2026-10-06T00:52:18.1846311Z     8.509374540346084,
checks (3.12)	Build pinned Float64 3D contact backend	2026-10-06T00:52:18.1846387Z     4.633425991653769,
checks (3.12)	Build pinned Float64 3D contact backend	2026-10-06T00:52:18.1846463Z     0.35864534335983933,
checks (3.12)	Build pinned Float64 3D contact backend	2026-10-06T00:52:18.1846537Z     -0.8458066946716224,
checks (3.12)	Build pinned Float64 3D contact backend	2026-10-06T00:52:18.1846619Z     4.746826796346584,
checks (3.12)	Build pinned Float64 3D contact backend	2026-10-06T00:52:18.1846696Z     -12.547113450050476,
checks (3.12)	Build pinned Float64 3D contact backend	2026-10-06T00:52:18.1846773Z     0.02951538532320231,
checks (3.12)	Build pinned Float64 3D contact backend	2026-10-06T00:52:18.1846847Z     -5.940910880945404,
checks (3.12)	Build pinned Float64 3D contact backend	2026-10-06T00:52:18.1846926Z     1.1855071458703774,
checks (3.12)	Build pinned Float64 3D contact backend	2026-10-06T00:52:18.1847006Z     -0.07371108032859075,
checks (3.12)	Build pinned Float64 3D contact backend	2026-10-06T00:52:18.1847079Z     0.28177120097467373,
checks (3.12)	Build pinned Float64 3D contact backend	2026-10-06T00:52:18.1847162Z     -0.2082433908105303,
checks (3.12)	Build pinned Float64 3D contact backend	2026-10-06T00:52:18.1847239Z     -11.851835958967637,
checks (3.12)	Build pinned Float64 3D contact backend	2026-10-06T00:52:18.1847317Z     5.515516491590801,
checks (3.12)	Build pinned Float64 3D contact backend	2026-10-06T00:52:18.1847391Z     -11.262401820740694,
checks (3.12)	Build pinned Float64 3D contact backend	2026-10-06T00:52:18.1847468Z     7.650880283278458,
checks (3.12)	Build pinned Float64 3D contact backend	2026-10-06T00:52:18.1847542Z     -11.219467543945322,
checks (3.12)	Build pinned Float64 3D contact backend	2026-10-06T00:52:18.1847618Z     6.3100543772723965
checks (3.12)	Build pinned Float64 3D contact backend	2026-10-06T00:52:18.1847693Z   ]
checks (3.12)	Build pinned Float64 3D contact backend	2026-10-06T00:52:18.1847767Z }
checks (3.12)	Build pinned Float64 3D contact backend	2026-10-06T00:53:44.9775651Z {
checks (3.12)	Build pinned Float64 3D contact backend	2026-10-06T00:53:44.9776330Z   "accepted": false,
checks (3.12)	Build pinned Float64 3D contact backend	2026-10-06T00:53:44.9776905Z   "active_normal_velocity_m_s": 4.6338367455656115e-07,
checks (3.12)	Build pinned Float64 3D contact backend	2026-10-06T00:53:44.9777604Z   "circle_violation_scaled_m_s": 0.0,
checks (3.12)	Build pinned Float64 3D contact backend	2026-10-06T00:53:44.9778327Z   "contacts": [
checks (3.12)	Build pinned Float64 3D contact backend	2026-10-06T00:53:44.9778758Z     {
checks (3.12)	Build pinned Float64 3D contact backend	2026-10-06T00:53:44.9779219Z       "friction_capacity": 0.0,
checks (3.12)	Build pinned Float64 3D contact backend	2026-10-06T00:53:44.9779839Z       "friction_support_gap_J": 0.0,
checks (3.12)	Build pinned Float64 3D contact backend	2026-10-06T00:53:44.9780481Z       "normal_impulse": 0.0,
checks (3.12)	Build pinned Float64 3D contact backend	2026-10-06T00:53:44.9781052Z       "normal_row": 0,
checks (3.12)	Build pinned Float64 3D contact backend	2026-10-06T00:53:44.9781621Z       "normal_velocity_m_s": 481.4242726589595,
checks (3.12)	Build pinned Float64 3D contact backend	2026-10-06T00:53:44.9784000Z       "tangent_impulse_norm": 0.0,
checks (3.12)	Build pinned Float64 3D contact backend	2026-10-06T00:53:44.9784415Z       "tangent_velocity_norm_m_s": 0.25796249431673757
checks (3.12)	Build pinned Float64 3D contact backend	2026-10-06T00:53:44.9784785Z     },
checks (3.12)	Build pinned Float64 3D contact backend	2026-10-06T00:53:44.9784999Z     {
checks (3.12)	Build pinned Float64 3D contact backend	2026-10-06T00:53:44.9785234Z       "friction_capacity": 0.0,
checks (3.12)	Build pinned Float64 3D contact backend	2026-10-06T00:53:44.9785551Z       "friction_support_gap_J": 0.0,
checks (3.12)	Build pinned Float64 3D contact backend	2026-10-06T00:53:44.9785885Z       "normal_impulse": 0.0,
checks (3.12)	Build pinned Float64 3D contact backend	2026-10-06T00:53:44.9786177Z       "normal_row": 1,
checks (3.12)	Build pinned Float64 3D contact backend	2026-10-06T00:53:44.9786469Z       "normal_velocity_m_s": 1101.3201800744478,
checks (3.12)	Build pinned Float64 3D contact backend	2026-10-06T00:53:44.9786836Z       "tangent_impulse_norm": 0.0,
checks (3.12)	Build pinned Float64 3D contact backend	2026-10-06T00:53:44.9787196Z       "tangent_velocity_norm_m_s": 0.10277436002536737
checks (3.12)	Build pinned Float64 3D contact backend	2026-10-06T00:53:44.9787561Z     },
checks (3.12)	Build pinned Float64 3D contact backend	2026-10-06T00:53:44.9787779Z     {
checks (3.12)	Build pinned Float64 3D contact backend	2026-10-06T00:53:44.9788012Z       "friction_capacity": 0.0,
checks (3.12)	Build pinned Float64 3D contact backend	2026-10-06T00:53:44.9788332Z       "friction_support_gap_J": 0.0,
checks (3.12)	Build pinned Float64 3D contact backend	2026-10-06T00:53:44.9788658Z       "normal_impulse": 0.0,
checks (3.12)	Build pinned Float64 3D contact backend	2026-10-06T00:53:44.9788943Z       "normal_row": 2,
checks (3.12)	Build pinned Float64 3D contact backend	2026-10-06T00:53:44.9789216Z       "normal_velocity_m_s": 1111.7502929659736,
checks (3.12)	Build pinned Float64 3D contact backend	2026-10-06T00:53:44.9789552Z       "tangent_impulse_norm": 0.0,
checks (3.12)	Build pinned Float64 3D contact backend	2026-10-06T00:53:44.9789878Z       "tangent_velocity_norm_m_s": 0.0581697103745889
checks (3.12)	Build pinned Float64 3D contact backend	2026-10-06T00:53:44.9790209Z     },
checks (3.12)	Build pinned Float64 3D contact backend	2026-10-06T00:53:44.9790404Z     {
checks (3.12)	Build pinned Float64 3D contact backend	2026-10-06T00:53:44.9790620Z       "friction_capacity": 0.0,
checks (3.12)	Build pinned Float64 3D contact backend	2026-10-06T00:53:44.9790913Z       "friction_support_gap_J": 0.0,
checks (3.12)	Build pinned Float64 3D contact backend	2026-10-06T00:53:44.9791213Z       "normal_impulse": 0.0,
checks (3.12)	Build pinned Float64 3D contact backend	2026-10-06T00:53:44.9791480Z       "normal_row": 3,
checks (3.12)	Build pinned Float64 3D contact backend	2026-10-06T00:53:44.9792029Z       "normal_velocity_m_s": 83.65822966137168,
checks (3.12)	Build pinned Float64 3D contact backend	2026-10-06T00:53:44.9792365Z       "tangent_impulse_norm": 0.0,
checks (3.12)	Build pinned Float64 3D contact backend	2026-10-06T00:53:44.9792883Z       "tangent_velocity_norm_m_s": 0.13854978774606289
checks (3.12)	Build pinned Float64 3D contact backend	2026-10-06T00:53:44.9793210Z     },
checks (3.12)	Build pinned Float64 3D contact backend	2026-10-06T00:53:44.9793405Z     {
checks (3.12)	Build pinned Float64 3D contact backend	2026-10-06T00:53:44.9793617Z       "friction_capacity": 0.0,
checks (3.12)	Build pinned Float64 3D contact backend	2026-10-06T00:53:44.9793902Z       "friction_support_gap_J": 0.0,
checks (3.12)	Build pinned Float64 3D contact backend	2026-10-06T00:53:44.9794231Z       "normal_impulse": 0.0,
checks (3.12)	Build pinned Float64 3D contact backend	2026-10-06T00:53:44.9794507Z       "normal_row": 4,
checks (3.12)	Build pinned Float64 3D contact backend	2026-10-06T00:53:44.9794771Z       "normal_velocity_m_s": 183.21467861747607,
checks (3.12)	Build pinned Float64 3D contact backend	2026-10-06T00:53:44.9795103Z       "tangent_impulse_norm": 0.0,
checks (3.12)	Build pinned Float64 3D contact backend	2026-10-06T00:53:44.9795427Z       "tangent_velocity_norm_m_s": 0.08188023777238086
checks (3.12)	Build pinned Float64 3D contact backend	2026-10-06T00:53:44.9795752Z     },
checks (3.12)	Build pinned Float64 3D contact backend	2026-10-06T00:53:44.9795943Z     {
checks (3.12)	Build pinned Float64 3D contact backend	2026-10-06T00:53:44.9796168Z       "friction_capacity": 0.004660762719715813,
checks (3.12)	Build pinned Float64 3D contact backend	2026-10-06T00:53:44.9796527Z       "friction_support_gap_J": 2.122376040719504e-08,
checks (3.12)	Build pinned Float64 3D contact backend	2026-10-06T00:53:44.9796885Z       "normal_impulse": 0.01165190679928953,
checks (3.12)	Build pinned Float64 3D contact backend	2026-10-06T00:53:44.9797194Z       "normal_row": 5,
checks (3.12)	Build pinned Float64 3D contact backend	2026-10-06T00:53:44.9797471Z       "normal_velocity_m_s": 3.066021811437558e-10,
checks (3.12)	Build pinned Float64 3D contact backend	2026-10-06T00:53:44.9797842Z       "tangent_impulse_norm": 0.002505155624973581,
checks (3.12)	Build pinned Float64 3D contact backend	2026-10-06T00:53:44.9798218Z       "tangent_velocity_norm_m_s": 4.167612771735147e-06
checks (3.12)	Build pinned Float64 3D contact backend	2026-10-06T00:53:44.9798553Z     },
checks (3.12)	Build pinned Float64 3D contact backend	2026-10-06T00:53:44.9798746Z     {
checks (3.12)	Build pinned Float64 3D contact backend	2026-10-06T00:53:44.9798962Z       "friction_capacity": 0.006865828601939707,
checks (3.12)	Build pinned Float64 3D contact backend	2026-10-06T00:53:44.9799275Z       "friction_support_gap_J": 4.664743821999502e-19,
checks (3.12)	Build pinned Float64 3D contact backend	2026-10-06T00:53:44.9799587Z       "normal_impulse": 0.017164571504849267,
checks (3.12)	Build pinned Float64 3D contact backend	2026-10-06T00:53:44.9799852Z       "normal_row": 6,
checks (3.12)	Build pinned Float64 3D contact backend	2026-10-06T00:53:44.9800082Z       "normal_velocity_m_s": 4.6338367455656115e-07,
checks (3.12)	Build pinned Float64 3D contact backend	2026-10-06T00:53:44.9800383Z       "tangent_impulse_norm": 0.002730970347977332,
checks (3.12)	Build pinned Float64 3D contact backend	2026-10-06T00:53:44.9800690Z       "tangent_velocity_norm_m_s": 1.0888758524337804e-16
checks (3.12)	Build pinned Float64 3D contact backend	2026-10-06T00:53:44.9800964Z     },
checks (3.12)	Build pinned Float64 3D contact backend	2026-10-06T00:53:44.9801126Z     {
checks (3.12)	Build pinned Float64 3D contact backend	2026-10-06T00:53:44.9801304Z       "friction_capacity": 0.0,
checks (3.12)	Build pinned Float64 3D contact backend	2026-10-06T00:53:44.9801541Z       "friction_support_gap_J": 0.0,
checks (3.12)	Build pinned Float64 3D contact backend	2026-10-06T00:53:44.9802074Z       "normal_impulse": 0.0,
checks (3.12)	Build pinned Float64 3D contact backend	2026-10-06T00:53:44.9802292Z       "normal_row": 7,
checks (3.12)	Build pinned Float64 3D contact backend	2026-10-06T00:53:44.9802507Z       "normal_velocity_m_s": 1481.9889899671582,
checks (3.12)	Build pinned Float64 3D contact backend	2026-10-06T00:53:44.9802785Z       "tangent_impulse_norm": 0.0,
checks (3.12)	Build pinned Float64 3D contact backend	2026-10-06T00:53:44.9803069Z       "tangent_velocity_norm_m_s": 0.40254660316494956
checks (3.12)	Build pinned Float64 3D contact backend	2026-10-06T00:53:44.9803338Z     },
checks (3.12)	Build pinned Float64 3D contact backend	2026-10-06T00:53:44.9803643Z     {
checks (3.12)	Build pinned Float64 3D contact backend	2026-10-06T00:53:44.9803824Z       "friction_capacity": 0.0,
checks (3.12)	Build pinned Float64 3D contact backend	2026-10-06T00:53:44.9804065Z       "friction_support_gap_J": 0.0,
checks (3.12)	Build pinned Float64 3D contact backend	2026-10-06T00:53:44.9804317Z       "normal_impulse": 0.0,
checks (3.12)	Build pinned Float64 3D contact backend	2026-10-06T00:53:44.9804542Z       "normal_row": 8,
checks (3.12)	Build pinned Float64 3D contact backend	2026-10-06T00:53:44.9804764Z       "normal_velocity_m_s": 3.2751645338106963,
checks (3.12)	Build pinned Float64 3D contact backend	2026-10-06T00:53:44.9805039Z       "tangent_impulse_norm": 0.0,
checks (3.12)	Build pinned Float64 3D contact backend	2026-10-06T00:53:44.9805310Z       "tangent_velocity_norm_m_s": 0.3986163946328662
checks (3.12)	Build pinned Float64 3D contact backend	2026-10-06T00:53:44.9805583Z     },
checks (3.12)	Build pinned Float64 3D contact backend	2026-10-06T00:53:44.9805748Z     {
checks (3.12)	Build pinned Float64 3D contact backend	2026-10-06T00:53:44.9805926Z       "friction_capacity": 0.0,
checks (3.12)	Build pinned Float64 3D contact backend	2026-10-06T00:53:44.9806165Z       "friction_support_gap_J": 0.0,
checks (3.12)	Build pinned Float64 3D contact backend	2026-10-06T00:53:44.9806419Z       "normal_impulse": 0.0,
checks (3.12)	Build pinned Float64 3D contact backend	2026-10-06T00:53:44.9806702Z       "normal_row": 9,
checks (3.12)	Build pinned Float64 3D contact backend	2026-10-06T00:53:44.9807113Z       "normal_velocity_m_s": 294.1311213283403,
checks (3.12)	Build pinned Float64 3D contact backend	2026-10-06T00:53:44.9807403Z       "tangent_impulse_norm": 0.0,
checks (3.12)	Build pinned Float64 3D contact backend	2026-10-06T00:53:44.9807672Z       "tangent_velocity_norm_m_s": 0.3823831652119118
checks (3.12)	Build pinned Float64 3D contact backend	2026-10-06T00:53:44.9807946Z     },
checks (3.12)	Build pinned Float64 3D contact backend	2026-10-06T00:53:44.9808108Z     {
checks (3.12)	Build pinned Float64 3D contact backend	2026-10-06T00:53:44.9808291Z       "friction_capacity": 0.0,
checks (3.12)	Build pinned Float64 3D contact backend	2026-10-06T00:53:44.9808534Z       "friction_support_gap_J": 0.0,
checks (3.12)	Build pinned Float64 3D contact backend	2026-10-06T00:53:44.9808785Z       "normal_impulse": 0.0,
checks (3.12)	Build pinned Float64 3D contact backend	2026-10-06T00:53:44.9809007Z       "normal_row": 10,
checks (3.12)	Build pinned Float64 3D contact backend	2026-10-06T00:53:44.9809233Z       "normal_velocity_m_s": 2158.261684868272,
checks (3.12)	Build pinned Float64 3D contact backend	2026-10-06T00:53:44.9809502Z       "tangent_impulse_norm": 0.0,
checks (3.12)	Build pinned Float64 3D contact backend	2026-10-06T00:53:44.9809783Z       "tangent_velocity_norm_m_s": 0.5217615548373372
checks (3.12)	Build pinned Float64 3D contact backend	2026-10-06T00:53:44.9810055Z     },
checks (3.12)	Build pinned Float64 3D contact backend	2026-10-06T00:53:44.9810219Z     {
checks (3.12)	Build pinned Float64 3D contact backend	2026-10-06T00:53:44.9810401Z       "friction_capacity": 0.0,
checks (3.12)	Build pinned Float64 3D contact backend	2026-10-06T00:53:44.9810787Z       "friction_support_gap_J": 0.0,
checks (3.12)	Build pinned Float64 3D contact backend	2026-10-06T00:53:44.9811041Z       "normal_impulse": 0.0,
checks (3.12)	Build pinned Float64 3D contact backend	2026-10-06T00:53:44.9811263Z       "normal_row": 11,
checks (3.12)	Build pinned Float64 3D contact backend	2026-10-06T00:53:44.9811486Z       "normal_velocity_m_s": 367.5574159088306,
checks (3.12)	Build pinned Float64 3D contact backend	2026-10-06T00:53:44.9811920Z       "tangent_impulse_norm": 0.0,
checks (3.12)	Build pinned Float64 3D contact backend	2026-10-06T00:53:44.9812185Z       "tangent_velocity_norm_m_s": 0.6334393218586595
checks (3.12)	Build pinned Float64 3D contact backend	2026-10-06T00:53:44.9812450Z     },
checks (3.12)	Build pinned Float64 3D contact backend	2026-10-06T00:53:44.9812610Z     {
checks (3.12)	Build pinned Float64 3D contact backend	2026-10-06T00:53:44.9812784Z       "friction_capacity": 0.0,
checks (3.12)	Build pinned Float64 3D contact backend	2026-10-06T00:53:44.9813019Z       "friction_support_gap_J": 0.0,
checks (3.12)	Build pinned Float64 3D contact backend	2026-10-06T00:53:44.9813265Z       "normal_impulse": 0.0,
checks (3.12)	Build pinned Float64 3D contact backend	2026-10-06T00:53:44.9813483Z       "normal_row": 12,
checks (3.12)	Build pinned Float64 3D contact backend	2026-10-06T00:53:44.9813708Z       "normal_velocity_m_s": 208.5716617102386,
checks (3.12)	Build pinned Float64 3D contact backend	2026-10-06T00:53:44.9813974Z       "tangent_impulse_norm": 0.0,
checks (3.12)	Build pinned Float64 3D contact backend	2026-10-06T00:53:44.9814278Z       "tangent_velocity_norm_m_s": 1.1431529869650563
checks (3.12)	Build pinned Float64 3D contact backend	2026-10-06T00:53:44.9814547Z     },
checks (3.12)	Build pinned Float64 3D contact backend	2026-10-06T00:53:44.9814822Z     {
checks (3.12)	Build pinned Float64 3D contact backend	2026-10-06T00:53:44.9815140Z       "friction_capacity": 0.0,
checks (3.12)	Build pinned Float64 3D contact backend	2026-10-06T00:53:44.9815583Z       "friction_support_gap_J": 0.0,
checks (3.12)	Build pinned Float64 3D contact backend	2026-10-06T00:53:44.9816016Z       "normal_impulse": 0.0,
checks (3.12)	Build pinned Float64 3D contact backend	2026-10-06T00:53:44.9816411Z       "normal_row": 13,
checks (3.12)	Build pinned Float64 3D contact backend	2026-10-06T00:53:44.9816653Z       "normal_velocity_m_s": 13.424449727878974,
checks (3.12)	Build pinned Float64 3D contact backend	2026-10-06T00:53:44.9816943Z       "tangent_impulse_norm": 0.0,
checks (3.12)	Build pinned Float64 3D contact backend	2026-10-06T00:53:44.9817227Z       "tangent_velocity_norm_m_s": 3.6772812087966953
checks (3.12)	Build pinned Float64 3D contact backend	2026-10-06T00:53:44.9817497Z     },
checks (3.12)	Build pinned Float64 3D contact backend	2026-10-06T00:53:44.9817661Z     {
checks (3.12)	Build pinned Float64 3D contact backend	2026-10-06T00:53:44.9817842Z       "friction_capacity": 0.0,
checks (3.12)	Build pinned Float64 3D contact backend	2026-10-06T00:53:44.9818084Z       "friction_support_gap_J": 0.0,
checks (3.12)	Build pinned Float64 3D contact backend	2026-10-06T00:53:44.9818342Z       "normal_impulse": 0.0,
checks (3.12)	Build pinned Float64 3D contact backend	2026-10-06T00:53:44.9818561Z       "normal_row": 14,
checks (3.12)	Build pinned Float64 3D contact backend	2026-10-06T00:53:44.9818788Z       "normal_velocity_m_s": 0.04158819446362755,
checks (3.12)	Build pinned Float64 3D contact backend	2026-10-06T00:53:44.9819069Z       "tangent_impulse_norm": 0.0,
checks (3.12)	Build pinned Float64 3D contact backend	2026-10-06T00:53:44.9819338Z       "tangent_velocity_norm_m_s": 5.98963885495355
checks (3.12)	Build pinned Float64 3D contact backend	2026-10-06T00:53:44.9819605Z     },
checks (3.12)	Build pinned Float64 3D contact backend	2026-10-06T00:53:44.9819770Z     {
checks (3.12)	Build pinned Float64 3D contact backend	2026-10-06T00:53:44.9819948Z       "friction_capacity": 0.0,
checks (3.12)	Build pinned Float64 3D contact backend	2026-10-06T00:53:44.9820185Z       "friction_support_gap_J": 0.0,
checks (3.12)	Build pinned Float64 3D contact backend	2026-10-06T00:53:44.9820432Z       "normal_impulse": 0.0,
checks (3.12)	Build pinned Float64 3D contact backend	2026-10-06T00:53:44.9820653Z       "normal_row": 15,
checks (3.12)	Build pinned Float64 3D contact backend	2026-10-06T00:53:44.9820879Z       "normal_velocity_m_s": 1736.7391230642781,
checks (3.12)	Build pinned Float64 3D contact backend	2026-10-06T00:53:44.9821300Z       "tangent_impulse_norm": 0.0,
checks (3.12)	Build pinned Float64 3D contact backend	2026-10-06T00:53:44.9821569Z       "tangent_velocity_norm_m_s": 6.421054425480248
checks (3.12)	Build pinned Float64 3D contact backend	2026-10-06T00:53:44.9821993Z     },
checks (3.12)	Build pinned Float64 3D contact backend	2026-10-06T00:53:44.9822164Z     {
checks (3.12)	Build pinned Float64 3D contact backend	2026-10-06T00:53:44.9822344Z       "friction_capacity": 0.0,
checks (3.12)	Build pinned Float64 3D contact backend	2026-10-06T00:53:44.9822591Z       "friction_support_gap_J": 0.0,
checks (3.12)	Build pinned Float64 3D contact backend	2026-10-06T00:53:44.9822843Z       "normal_impulse": 0.0,
checks (3.12)	Build pinned Float64 3D contact backend	2026-10-06T00:53:44.9823066Z       "normal_row": 16,
checks (3.12)	Build pinned Float64 3D contact backend	2026-10-06T00:53:44.9823296Z       "normal_velocity_m_s": 172.81002452241916,
checks (3.12)	Build pinned Float64 3D contact backend	2026-10-06T00:53:44.9823576Z       "tangent_impulse_norm": 0.0,
checks (3.12)	Build pinned Float64 3D contact backend	2026-10-06T00:53:44.9823849Z       "tangent_velocity_norm_m_s": 0.4154823333615845
checks (3.12)	Build pinned Float64 3D contact backend	2026-10-06T00:53:44.9824124Z     },
checks (3.12)	Build pinned Float64 3D contact backend	2026-10-06T00:53:44.9824305Z     {
checks (3.12)	Build pinned Float64 3D contact backend	2026-10-06T00:53:44.9824493Z       "friction_capacity": 0.0,
checks (3.12)	Build pinned Float64 3D contact backend	2026-10-06T00:53:44.9824749Z       "friction_support_gap_J": 0.0,
checks (3.12)	Build pinned Float64 3D contact backend	2026-10-06T00:53:44.9825005Z       "normal_impulse": 0.0,
checks (3.12)	Build pinned Float64 3D contact backend	2026-10-06T00:53:44.9825234Z       "normal_row": 17,
checks (3.12)	Build pinned Float64 3D contact backend	2026-10-06T00:53:44.9825465Z       "normal_velocity_m_s": 11.960208218939545,
checks (3.12)	Build pinned Float64 3D contact backend	2026-10-06T00:53:44.9825755Z       "tangent_impulse_norm": 0.0,
checks (3.12)	Build pinned Float64 3D contact backend	2026-10-06T00:53:44.9826028Z       "tangent_velocity_norm_m_s": 3.369765854497121
checks (3.12)	Build pinned Float64 3D contact backend	2026-10-06T00:53:44.9826297Z     },
checks (3.12)	Build pinned Float64 3D contact backend	2026-10-06T00:53:44.9826461Z     {
checks (3.12)	Build pinned Float64 3D contact backend	2026-10-06T00:53:44.9826640Z       "friction_capacity": 0.0,
checks (3.12)	Build pinned Float64 3D contact backend	2026-10-06T00:53:44.9826881Z       "friction_support_gap_J": 0.0,
checks (3.12)	Build pinned Float64 3D contact backend	2026-10-06T00:53:44.9827140Z       "normal_impulse": 0.0,
checks (3.12)	Build pinned Float64 3D contact backend	2026-10-06T00:53:44.9827362Z       "normal_row": 18,
checks (3.12)	Build pinned Float64 3D contact backend	2026-10-06T00:53:44.9827586Z       "normal_velocity_m_s": 2466.1856871408436,
checks (3.12)	Build pinned Float64 3D contact backend	2026-10-06T00:53:44.9827860Z       "tangent_impulse_norm": 0.0,
checks (3.12)	Build pinned Float64 3D contact backend	2026-10-06T00:53:44.9828131Z       "tangent_velocity_norm_m_s": 10.747893585248342
checks (3.12)	Build pinned Float64 3D contact backend	2026-10-06T00:53:44.9828524Z     },
checks (3.12)	Build pinned Float64 3D contact backend	2026-10-06T00:53:44.9828685Z     {
checks (3.12)	Build pinned Float64 3D contact backend	2026-10-06T00:53:44.9828861Z       "friction_capacity": 0.0,
checks (3.12)	Build pinned Float64 3D contact backend	2026-10-06T00:53:44.9829098Z       "friction_support_gap_J": 0.0,
checks (3.12)	Build pinned Float64 3D contact backend	2026-10-06T00:53:44.9829346Z       "normal_impulse": 0.0,
checks (3.12)	Build pinned Float64 3D contact backend	2026-10-06T00:53:44.9829565Z       "normal_row": 19,
checks (3.12)	Build pinned Float64 3D contact backend	2026-10-06T00:53:44.9830010Z       "normal_velocity_m_s": 2227.9634430907895,
checks (3.12)	Build pinned Float64 3D contact backend	2026-10-06T00:53:44.9840957Z       "tangent_impulse_norm": 0.0,
checks (3.12)	Build pinned Float64 3D contact backend	2026-10-06T00:53:44.9841495Z       "tangent_velocity_norm_m_s": 7.688831232974673
checks (3.12)	Build pinned Float64 3D contact backend	2026-10-06T00:53:44.9842010Z     },
checks (3.12)	Build pinned Float64 3D contact backend	2026-10-06T00:53:44.9842186Z     {
checks (3.12)	Build pinned Float64 3D contact backend	2026-10-06T00:53:44.9842403Z       "friction_capacity": 2.2288999311979582e-05,
checks (3.12)	Build pinned Float64 3D contact backend	2026-10-06T00:53:44.9842729Z       "friction_support_gap_J": 2.3161057151484775e-23,
checks (3.12)	Build pinned Float64 3D contact backend	2026-10-06T00:53:44.9843141Z       "normal_impulse": 5.572249827994895e-05,
checks (3.12)	Build pinned Float64 3D contact backend	2026-10-06T00:53:44.9843581Z       "normal_row": 20,
checks (3.12)	Build pinned Float64 3D contact backend	2026-10-06T00:53:44.9843985Z       "normal_velocity_m_s": -6.776263578034403e-21,
checks (3.12)	Build pinned Float64 3D contact backend	2026-10-06T00:53:44.9844528Z       "tangent_impulse_norm": 2.228899931197954e-05,
checks (3.12)	Build pinned Float64 3D contact backend	2026-10-06T00:53:44.9845088Z       "tangent_velocity_norm_m_s": 0.0005699917159992982
checks (3.12)	Build pinned Float64 3D contact backend	2026-10-06T00:53:44.9845600Z     },
checks (3.12)	Build pinned Float64 3D contact backend	2026-10-06T00:53:44.9845902Z     {
checks (3.12)	Build pinned Float64 3D contact backend	2026-10-06T00:53:44.9846235Z       "friction_capacity": 0.0,
checks (3.12)	Build pinned Float64 3D contact backend	2026-10-06T00:53:44.9846693Z       "friction_support_gap_J": 0.0,
checks (3.12)	Build pinned Float64 3D contact backend	2026-10-06T00:53:44.9847139Z       "normal_impulse": 0.0,
checks (3.12)	Build pinned Float64 3D contact backend	2026-10-06T00:53:44.9847542Z       "normal_row": 21,
checks (3.12)	Build pinned Float64 3D contact backend	2026-10-06T00:53:44.9847832Z       "normal_velocity_m_s": 13.842322276113894,
checks (3.12)	Build pinned Float64 3D contact backend	2026-10-06T00:53:44.9848134Z       "tangent_impulse_norm": 0.0,
checks (3.12)	Build pinned Float64 3D contact backend	2026-10-06T00:53:44.9848420Z       "tangent_velocity_norm_m_s": 5.9743315267659955
checks (3.12)	Build pinned Float64 3D contact backend	2026-10-06T00:53:44.9848690Z     },
checks (3.12)	Build pinned Float64 3D contact backend	2026-10-06T00:53:44.9848856Z     {
checks (3.12)	Build pinned Float64 3D contact backend	2026-10-06T00:53:44.9849039Z       "friction_capacity": 0.0,
checks (3.12)	Build pinned Float64 3D contact backend	2026-10-06T00:53:44.9849280Z       "friction_support_gap_J": 0.0,
checks (3.12)	Build pinned Float64 3D contact backend	2026-10-06T00:53:44.9849533Z       "normal_impulse": 0.0,
checks (3.12)	Build pinned Float64 3D contact backend	2026-10-06T00:53:44.9849758Z       "normal_row": 22,
checks (3.12)	Build pinned Float64 3D contact backend	2026-10-06T00:53:44.9849994Z       "normal_velocity_m_s": 1.3688863739024235,
checks (3.12)	Build pinned Float64 3D contact backend	2026-10-06T00:53:44.9850271Z       "tangent_impulse_norm": 0.0,
checks (3.12)	Build pinned Float64 3D contact backend	2026-10-06T00:53:44.9850538Z       "tangent_velocity_norm_m_s": 6.295232956695069
checks (3.12)	Build pinned Float64 3D contact backend	2026-10-06T00:53:44.9850807Z     },
checks (3.12)	Build pinned Float64 3D contact backend	2026-10-06T00:53:44.9850969Z     {
checks (3.12)	Build pinned Float64 3D contact backend	2026-10-06T00:53:44.9851153Z       "friction_capacity": 0.0,
checks (3.12)	Build pinned Float64 3D contact backend	2026-10-06T00:53:44.9851588Z       "friction_support_gap_J": 0.0,
checks (3.12)	Build pinned Float64 3D contact backend	2026-10-06T00:53:44.9852122Z       "normal_impulse": 0.0,
checks (3.12)	Build pinned Float64 3D contact backend	2026-10-06T00:53:44.9852347Z       "normal_row": 23,
checks (3.12)	Build pinned Float64 3D contact backend	2026-10-06T00:53:44.9852574Z       "normal_velocity_m_s": 768.9514549695624,
checks (3.12)	Build pinned Float64 3D contact backend	2026-10-06T00:53:44.9852849Z       "tangent_impulse_norm": 0.0,
checks (3.12)	Build pinned Float64 3D contact backend	2026-10-06T00:53:44.9853118Z       "tangent_velocity_norm_m_s": 0.5806444447698228
checks (3.12)	Build pinned Float64 3D contact backend	2026-10-06T00:53:44.9853383Z     },
checks (3.12)	Build pinned Float64 3D contact backend	2026-10-06T00:53:44.9853548Z     {
checks (3.12)	Build pinned Float64 3D contact backend	2026-10-06T00:53:44.9853748Z       "friction_capacity": 0.0,
checks (3.12)	Build pinned Float64 3D contact backend	2026-10-06T00:53:44.9853993Z       "friction_support_gap_J": 0.0,
checks (3.12)	Build pinned Float64 3D contact backend	2026-10-06T00:53:44.9854240Z       "normal_impulse": 0.0,
checks (3.12)	Build pinned Float64 3D contact backend	2026-10-06T00:53:44.9854466Z       "normal_row": 24,
checks (3.12)	Build pinned Float64 3D contact backend	2026-10-06T00:53:44.9854690Z       "normal_velocity_m_s": 40.626024086830256,
checks (3.12)	Build pinned Float64 3D contact backend	2026-10-06T00:53:44.9854963Z       "tangent_impulse_norm": 0.0,
checks (3.12)	Build pinned Float64 3D contact backend	2026-10-06T00:53:44.9855228Z       "tangent_velocity_norm_m_s": 0.4055378019534503
checks (3.12)	Build pinned Float64 3D contact backend	2026-10-06T00:53:44.9855502Z     },
checks (3.12)	Build pinned Float64 3D contact backend	2026-10-06T00:53:44.9855664Z     {
checks (3.12)	Build pinned Float64 3D contact backend	2026-10-06T00:53:44.9855842Z       "friction_capacity": 0.0,
checks (3.12)	Build pinned Float64 3D contact backend	2026-10-06T00:53:44.9856087Z       "friction_support_gap_J": 0.0,
checks (3.12)	Build pinned Float64 3D contact backend	2026-10-06T00:53:44.9856339Z       "normal_impulse": 0.0,
checks (3.12)	Build pinned Float64 3D contact backend	2026-10-06T00:53:44.9856558Z       "normal_row": 25,
checks (3.12)	Build pinned Float64 3D contact backend	2026-10-06T00:53:44.9856781Z       "normal_velocity_m_s": 19.77441660456462,
checks (3.12)	Build pinned Float64 3D contact backend	2026-10-06T00:53:44.9857054Z       "tangent_impulse_norm": 0.0,
checks (3.12)	Build pinned Float64 3D contact backend	2026-10-06T00:53:44.9857322Z       "tangent_velocity_norm_m_s": 2.2737396739761424
checks (3.12)	Build pinned Float64 3D contact backend	2026-10-06T00:53:44.9857585Z     },
checks (3.12)	Build pinned Float64 3D contact backend	2026-10-06T00:53:44.9857747Z     {
checks (3.12)	Build pinned Float64 3D contact backend	2026-10-06T00:53:44.9857922Z       "friction_capacity": 0.0,
checks (3.12)	Build pinned Float64 3D contact backend	2026-10-06T00:53:44.9858158Z       "friction_support_gap_J": 0.0,
checks (3.12)	Build pinned Float64 3D contact backend	2026-10-06T00:53:44.9858404Z       "normal_impulse": 0.0,
checks (3.12)	Build pinned Float64 3D contact backend	2026-10-06T00:53:44.9858834Z       "normal_row": 26,
checks (3.12)	Build pinned Float64 3D contact backend	2026-10-06T00:53:44.9859058Z       "normal_velocity_m_s": 299.89015896895734,
checks (3.12)	Build pinned Float64 3D contact backend	2026-10-06T00:53:44.9859332Z       "tangent_impulse_norm": 0.0,
checks (3.12)	Build pinned Float64 3D contact backend	2026-10-06T00:53:44.9859597Z       "tangent_velocity_norm_m_s": 8.48919949381856
checks (3.12)	Build pinned Float64 3D contact backend	2026-10-06T00:53:44.9859866Z     },
checks (3.12)	Build pinned Float64 3D contact backend	2026-10-06T00:53:44.9860028Z     {
checks (3.12)	Build pinned Float64 3D contact backend	2026-10-06T00:53:44.9860210Z       "friction_capacity": 0.0,
checks (3.12)	Build pinned Float64 3D contact backend	2026-10-06T00:53:44.9860446Z       "friction_support_gap_J": 0.0,
checks (3.12)	Build pinned Float64 3D contact backend	2026-10-06T00:53:44.9860693Z       "normal_impulse": 0.0,
checks (3.12)	Build pinned Float64 3D contact backend	2026-10-06T00:53:44.9860911Z       "normal_row": 27,
checks (3.12)	Build pinned Float64 3D contact backend	2026-10-06T00:53:44.9861144Z       "normal_velocity_m_s": 0.0024813741987990768,
checks (3.12)	Build pinned Float64 3D contact backend	2026-10-06T00:53:44.9861430Z       "tangent_impulse_norm": 0.0,
checks (3.12)	Build pinned Float64 3D contact backend	2026-10-06T00:53:44.9861947Z       "tangent_velocity_norm_m_s": 0.008995952681481236
checks (3.12)	Build pinned Float64 3D contact backend	2026-10-06T00:53:44.9862229Z     },
checks (3.12)	Build pinned Float64 3D contact backend	2026-10-06T00:53:44.9862396Z     {
checks (3.12)	Build pinned Float64 3D contact backend	2026-10-06T00:53:44.9862572Z       "friction_capacity": 0.0,
checks (3.12)	Build pinned Float64 3D contact backend	2026-10-06T00:53:44.9862809Z       "friction_support_gap_J": 0.0,
checks (3.12)	Build pinned Float64 3D contact backend	2026-10-06T00:53:44.9863061Z       "normal_impulse": 0.0,
checks (3.12)	Build pinned Float64 3D contact backend	2026-10-06T00:53:44.9863281Z       "normal_row": 28,
checks (3.12)	Build pinned Float64 3D contact backend	2026-10-06T00:53:44.9863508Z       "normal_velocity_m_s": 0.030266788029292623,
checks (3.12)	Build pinned Float64 3D contact backend	2026-10-06T00:53:44.9863979Z       "tangent_impulse_norm": 0.0,
checks (3.12)	Build pinned Float64 3D contact backend	2026-10-06T00:53:44.9864255Z       "tangent_velocity_norm_m_s": 0.00901780601551768
checks (3.12)	Build pinned Float64 3D contact backend	2026-10-06T00:53:44.9864528Z     },
checks (3.12)	Build pinned Float64 3D contact backend	2026-10-06T00:53:44.9864695Z     {
checks (3.12)	Build pinned Float64 3D contact backend	2026-10-06T00:53:44.9864876Z       "friction_capacity": 0.0,
checks (3.12)	Build pinned Float64 3D contact backend	2026-10-06T00:53:44.9865118Z       "friction_support_gap_J": 0.0,
checks (3.12)	Build pinned Float64 3D contact backend	2026-10-06T00:53:44.9865369Z       "normal_impulse": 0.0,
checks (3.12)	Build pinned Float64 3D contact backend	2026-10-06T00:53:44.9865595Z       "normal_row": 29,
checks (3.12)	Build pinned Float64 3D contact backend	2026-10-06T00:53:44.9865829Z       "normal_velocity_m_s": 0.0017695437253113515,
checks (3.12)	Build pinned Float64 3D contact backend	2026-10-06T00:53:44.9866115Z       "tangent_impulse_norm": 0.0,
checks (3.12)	Build pinned Float64 3D contact backend	2026-10-06T00:53:44.9866391Z       "tangent_velocity_norm_m_s": 0.00843682315431095
checks (3.12)	Build pinned Float64 3D contact backend	2026-10-06T00:53:44.9866668Z     },
checks (3.12)	Build pinned Float64 3D contact backend	2026-10-06T00:53:44.9866831Z     {
checks (3.12)	Build pinned Float64 3D contact backend	2026-10-06T00:53:44.9867011Z       "friction_capacity": 0.0,
checks (3.12)	Build pinned Float64 3D contact backend	2026-10-06T00:53:44.9867257Z       "friction_support_gap_J": 0.0,
checks (3.12)	Build pinned Float64 3D contact backend	2026-10-06T00:53:44.9867506Z       "normal_impulse": 0.0,
checks (3.12)	Build pinned Float64 3D contact backend	2026-10-06T00:53:44.9867731Z       "normal_row": 30,
checks (3.12)	Build pinned Float64 3D contact backend	2026-10-06T00:53:44.9867961Z       "normal_velocity_m_s": 0.0008000703903346295,
checks (3.12)	Build pinned Float64 3D contact backend	2026-10-06T00:53:44.9868283Z       "tangent_impulse_norm": 0.0,
checks (3.12)	Build pinned Float64 3D contact backend	2026-10-06T00:53:44.9868557Z       "tangent_velocity_norm_m_s": 0.0076759525347442166
checks (3.12)	Build pinned Float64 3D contact backend	2026-10-06T00:53:44.9869005Z     },
checks (3.12)	Build pinned Float64 3D contact backend	2026-10-06T00:53:44.9869171Z     {
checks (3.12)	Build pinned Float64 3D contact backend	2026-10-06T00:53:44.9869358Z       "friction_capacity": 0.0,
checks (3.12)	Build pinned Float64 3D contact backend	2026-10-06T00:53:44.9869602Z       "friction_support_gap_J": 0.0,
checks (3.12)	Build pinned Float64 3D contact backend	2026-10-06T00:53:44.9869852Z       "normal_impulse": 0.0,
checks (3.12)	Build pinned Float64 3D contact backend	2026-10-06T00:53:44.9870077Z       "normal_row": 31,
checks (3.12)	Build pinned Float64 3D contact backend	2026-10-06T00:53:44.9870304Z       "normal_velocity_m_s": 823.1210437564063,
checks (3.12)	Build pinned Float64 3D contact backend	2026-10-06T00:53:44.9870582Z       "tangent_impulse_norm": 0.0,
checks (3.12)	Build pinned Float64 3D contact backend	2026-10-06T00:53:44.9870855Z       "tangent_velocity_norm_m_s": 0.5829909338684406
checks (3.12)	Build pinned Float64 3D contact backend	2026-10-06T00:53:44.9871126Z     },
checks (3.12)	Build pinned Float64 3D contact backend	2026-10-06T00:53:44.9871295Z     {
checks (3.12)	Build pinned Float64 3D contact backend	2026-10-06T00:53:44.9871478Z       "friction_capacity": 0.0,
checks (3.12)	Build pinned Float64 3D contact backend	2026-10-06T00:53:44.9871998Z       "friction_support_gap_J": 0.0,
checks (3.12)	Build pinned Float64 3D contact backend	2026-10-06T00:53:44.9872262Z       "normal_impulse": 0.0,
checks (3.12)	Build pinned Float64 3D contact backend	2026-10-06T00:53:44.9872483Z       "normal_row": 32,
checks (3.12)	Build pinned Float64 3D contact backend	2026-10-06T00:53:44.9872714Z       "normal_velocity_m_s": 392.6188389053269,
checks (3.12)	Build pinned Float64 3D contact backend	2026-10-06T00:53:44.9872989Z       "tangent_impulse_norm": 0.0,
checks (3.12)	Build pinned Float64 3D contact backend	2026-10-06T00:53:44.9873268Z       "tangent_velocity_norm_m_s": 2.033100873015307
checks (3.12)	Build pinned Float64 3D contact backend	2026-10-06T00:53:44.9873535Z     },
checks (3.12)	Build pinned Float64 3D contact backend	2026-10-06T00:53:44.9873697Z     {
checks (3.12)	Build pinned Float64 3D contact backend	2026-10-06T00:53:44.9873875Z       "friction_capacity": 0.0,
checks (3.12)	Build pinned Float64 3D contact backend	2026-10-06T00:53:44.9874113Z       "friction_support_gap_J": 0.0,
checks (3.12)	Build pinned Float64 3D contact backend	2026-10-06T00:53:44.9874365Z       "normal_impulse": 0.0,
checks (3.12)	Build pinned Float64 3D contact backend	2026-10-06T00:53:44.9874589Z       "normal_row": 33,
checks (3.12)	Build pinned Float64 3D contact backend	2026-10-06T00:53:44.9874818Z       "normal_velocity_m_s": 0.11743679173756229,
checks (3.12)	Build pinned Float64 3D contact backend	2026-10-06T00:53:44.9875103Z       "tangent_impulse_norm": 0.0,
checks (3.12)	Build pinned Float64 3D contact backend	2026-10-06T00:53:44.9875373Z       "tangent_velocity_norm_m_s": 0.43915308954509247
checks (3.12)	Build pinned Float64 3D contact backend	2026-10-06T00:53:44.9875642Z     },
checks (3.12)	Build pinned Float64 3D contact backend	2026-10-06T00:53:44.9875946Z     {
checks (3.12)	Build pinned Float64 3D contact backend	2026-10-06T00:53:44.9876125Z       "friction_capacity": 0.0,
checks (3.12)	Build pinned Float64 3D contact backend	2026-10-06T00:53:44.9876360Z       "friction_support_gap_J": 0.0,
checks (3.12)	Build pinned Float64 3D contact backend	2026-10-06T00:53:44.9876605Z       "normal_impulse": 0.0,
checks (3.12)	Build pinned Float64 3D contact backend	2026-10-06T00:53:44.9876821Z       "normal_row": 34,
checks (3.12)	Build pinned Float64 3D contact backend	2026-10-06T00:53:44.9877047Z       "normal_velocity_m_s": 145.96711616811297,
checks (3.12)	Build pinned Float64 3D contact backend	2026-10-06T00:53:44.9877334Z       "tangent_impulse_norm": 0.0,
checks (3.12)	Build pinned Float64 3D contact backend	2026-10-06T00:53:44.9877603Z       "tangent_velocity_norm_m_s": 0.9479760588452257
checks (3.12)	Build pinned Float64 3D contact backend	2026-10-06T00:53:44.9877870Z     },
checks (3.12)	Build pinned Float64 3D contact backend	2026-10-06T00:53:44.9878032Z     {
checks (3.12)	Build pinned Float64 3D contact backend	2026-10-06T00:53:44.9878212Z       "friction_capacity": 0.0,
checks (3.12)	Build pinned Float64 3D contact backend	2026-10-06T00:53:44.9878457Z       "friction_support_gap_J": 0.0,
checks (3.12)	Build pinned Float64 3D contact backend	2026-10-06T00:53:44.9878701Z       "normal_impulse": 0.0,
checks (3.12)	Build pinned Float64 3D contact backend	2026-10-06T00:53:44.9878927Z       "normal_row": 35,
checks (3.12)	Build pinned Float64 3D contact backend	2026-10-06T00:53:44.9879151Z       "normal_velocity_m_s": 128.7081690212761,
checks (3.12)	Build pinned Float64 3D contact backend	2026-10-06T00:53:44.9879425Z       "tangent_impulse_norm": 0.0,
checks (3.12)	Build pinned Float64 3D contact backend	2026-10-06T00:53:44.9879686Z       "tangent_velocity_norm_m_s": 0.5593744581214467
checks (3.12)	Build pinned Float64 3D contact backend	2026-10-06T00:53:44.9879949Z     },
checks (3.12)	Build pinned Float64 3D contact backend	2026-10-06T00:53:44.9880112Z     {
checks (3.12)	Build pinned Float64 3D contact backend	2026-10-06T00:53:44.9880288Z       "friction_capacity": 0.0,
checks (3.12)	Build pinned Float64 3D contact backend	2026-10-06T00:53:44.9880519Z       "friction_support_gap_J": 0.0,
checks (3.12)	Build pinned Float64 3D contact backend	2026-10-06T00:53:44.9880764Z       "normal_impulse": 0.0,
checks (3.12)	Build pinned Float64 3D contact backend	2026-10-06T00:53:44.9880981Z       "normal_row": 36,
checks (3.12)	Build pinned Float64 3D contact backend	2026-10-06T00:53:44.9881200Z       "normal_velocity_m_s": 191.1674163436172,
checks (3.12)	Build pinned Float64 3D contact backend	2026-10-06T00:53:44.9881476Z       "tangent_impulse_norm": 0.0,
checks (3.12)	Build pinned Float64 3D contact backend	2026-10-06T00:53:44.9882031Z       "tangent_velocity_norm_m_s": 0.9393748653980064
checks (3.12)	Build pinned Float64 3D contact backend	2026-10-06T00:53:44.9882296Z     },
checks (3.12)	Build pinned Float64 3D contact backend	2026-10-06T00:53:44.9882455Z     {
checks (3.12)	Build pinned Float64 3D contact backend	2026-10-06T00:53:44.9882625Z       "friction_capacity": 0.0,
checks (3.12)	Build pinned Float64 3D contact backend	2026-10-06T00:53:44.9882858Z       "friction_support_gap_J": 0.0,
checks (3.12)	Build pinned Float64 3D contact backend	2026-10-06T00:53:44.9883104Z       "normal_impulse": 0.0,
checks (3.12)	Build pinned Float64 3D contact backend	2026-10-06T00:53:44.9883321Z       "normal_row": 37,
checks (3.12)	Build pinned Float64 3D contact backend	2026-10-06T00:53:44.9883550Z       "normal_velocity_m_s": 216.12789896265178,
checks (3.12)	Build pinned Float64 3D contact backend	2026-10-06T00:53:44.9883824Z       "tangent_impulse_norm": 0.0,
checks (3.12)	Build pinned Float64 3D contact backend	2026-10-06T00:53:44.9884085Z       "tangent_velocity_norm_m_s": 1.1176456281438825
checks (3.12)	Build pinned Float64 3D contact backend	2026-10-06T00:53:44.9884355Z     },
checks (3.12)	Build pinned Float64 3D contact backend	2026-10-06T00:53:44.9884516Z     {
checks (3.12)	Build pinned Float64 3D contact backend	2026-10-06T00:53:44.9884694Z       "friction_capacity": 0.0,
checks (3.12)	Build pinned Float64 3D contact backend	2026-10-06T00:53:44.9884929Z       "friction_support_gap_J": 0.0,
checks (3.12)	Build pinned Float64 3D contact backend	2026-10-06T00:53:44.9885174Z       "normal_impulse": 0.0,
checks (3.12)	Build pinned Float64 3D contact backend	2026-10-06T00:53:44.9885397Z       "normal_row": 38,
checks (3.12)	Build pinned Float64 3D contact backend	2026-10-06T00:53:44.9885751Z       "normal_velocity_m_s": 203.4040203548857,
checks (3.12)	Build pinned Float64 3D contact backend	2026-10-06T00:53:44.9886022Z       "tangent_impulse_norm": 0.0,
checks (3.12)	Build pinned Float64 3D contact backend	2026-10-06T00:53:44.9886283Z       "tangent_velocity_norm_m_s": 1.0258406757904166
checks (3.12)	Build pinned Float64 3D contact backend	2026-10-06T00:53:44.9886542Z     },
checks (3.12)	Build pinned Float64 3D contact backend	2026-10-06T00:53:44.9886702Z     {
checks (3.12)	Build pinned Float64 3D contact backend	2026-10-06T00:53:44.9886879Z       "friction_capacity": 0.0,
checks (3.12)	Build pinned Float64 3D contact backend	2026-10-06T00:53:44.9887116Z       "friction_support_gap_J": 0.0,
checks (3.12)	Build pinned Float64 3D contact backend	2026-10-06T00:53:44.9887358Z       "normal_impulse": 0.0,
checks (3.12)	Build pinned Float64 3D contact backend	2026-10-06T00:53:44.9887576Z       "normal_row": 39,
checks (3.12)	Build pinned Float64 3D contact backend	2026-10-06T00:53:44.9887803Z       "normal_velocity_m_s": 2731.3736633858434,
checks (3.12)	Build pinned Float64 3D contact backend	2026-10-06T00:53:44.9888073Z       "tangent_impulse_norm": 0.0,
checks (3.12)	Build pinned Float64 3D contact backend	2026-10-06T00:53:44.9888342Z       "tangent_velocity_norm_m_s": 0.6907743939863752
checks (3.12)	Build pinned Float64 3D contact backend	2026-10-06T00:53:44.9888605Z     },
checks (3.12)	Build pinned Float64 3D contact backend	2026-10-06T00:53:44.9888766Z     {
checks (3.12)	Build pinned Float64 3D contact backend	2026-10-06T00:53:44.9888946Z       "friction_capacity": 0.0,
checks (3.12)	Build pinned Float64 3D contact backend	2026-10-06T00:53:44.9889179Z       "friction_support_gap_J": 0.0,
checks (3.12)	Build pinned Float64 3D contact backend	2026-10-06T00:53:44.9889422Z       "normal_impulse": 0.0,
checks (3.12)	Build pinned Float64 3D contact backend	2026-10-06T00:53:44.9889645Z       "normal_row": 40,
checks (3.12)	Build pinned Float64 3D contact backend	2026-10-06T00:53:44.9889871Z       "normal_velocity_m_s": 118.65461072462888,
checks (3.12)	Build pinned Float64 3D contact backend	2026-10-06T00:53:44.9890138Z       "tangent_impulse_norm": 0.0,
checks (3.12)	Build pinned Float64 3D contact backend	2026-10-06T00:53:44.9890408Z       "tangent_velocity_norm_m_s": 0.12311321448466038
checks (3.12)	Build pinned Float64 3D contact backend	2026-10-06T00:53:44.9890675Z     },
checks (3.12)	Build pinned Float64 3D contact backend	2026-10-06T00:53:44.9890835Z     {
checks (3.12)	Build pinned Float64 3D contact backend	2026-10-06T00:53:44.9891011Z       "friction_capacity": 0.0,
checks (3.12)	Build pinned Float64 3D contact backend	2026-10-06T00:53:44.9891245Z       "friction_support_gap_J": 0.0,
checks (3.12)	Build pinned Float64 3D contact backend	2026-10-06T00:53:44.9891488Z       "normal_impulse": 0.0,
checks (3.12)	Build pinned Float64 3D contact backend	2026-10-06T00:53:44.9891978Z       "normal_row": 41,
checks (3.12)	Build pinned Float64 3D contact backend	2026-10-06T00:53:44.9892210Z       "normal_velocity_m_s": 386.78864347693417,
checks (3.12)	Build pinned Float64 3D contact backend	2026-10-06T00:53:44.9892617Z       "tangent_impulse_norm": 0.0,
checks (3.12)	Build pinned Float64 3D contact backend	2026-10-06T00:53:44.9892879Z       "tangent_velocity_norm_m_s": 7.377569787849233
checks (3.12)	Build pinned Float64 3D contact backend	2026-10-06T00:53:44.9893147Z     },
checks (3.12)	Build pinned Float64 3D contact backend	2026-10-06T00:53:44.9893309Z     {
checks (3.12)	Build pinned Float64 3D contact backend	2026-10-06T00:53:44.9893484Z       "friction_capacity": 0.0,
checks (3.12)	Build pinned Float64 3D contact backend	2026-10-06T00:53:44.9893718Z       "friction_support_gap_J": 0.0,
checks (3.12)	Build pinned Float64 3D contact backend	2026-10-06T00:53:44.9893961Z       "normal_impulse": 0.0,
checks (3.12)	Build pinned Float64 3D contact backend	2026-10-06T00:53:44.9894187Z       "normal_row": 42,
checks (3.12)	Build pinned Float64 3D contact backend	2026-10-06T00:53:44.9894411Z       "normal_velocity_m_s": 0.08880173693015968,
checks (3.12)	Build pinned Float64 3D contact backend	2026-10-06T00:53:44.9894687Z       "tangent_impulse_norm": 0.0,
checks (3.12)	Build pinned Float64 3D contact backend	2026-10-06T00:53:44.9894957Z       "tangent_velocity_norm_m_s": 0.006728152770032861
checks (3.12)	Build pinned Float64 3D contact backend	2026-10-06T00:53:44.9895228Z     },
checks (3.12)	Build pinned Float64 3D contact backend	2026-10-06T00:53:44.9895393Z     {
checks (3.12)	Build pinned Float64 3D contact backend	2026-10-06T00:53:44.9895579Z       "friction_capacity": 0.0,
checks (3.12)	Build pinned Float64 3D contact backend	2026-10-06T00:53:44.9895815Z       "friction_support_gap_J": 0.0,
checks (3.12)	Build pinned Float64 3D contact backend	2026-10-06T00:53:44.9896062Z       "normal_impulse": 0.0,
checks (3.12)	Build pinned Float64 3D contact backend	2026-10-06T00:53:44.9896281Z       "normal_row": 43,
checks (3.12)	Build pinned Float64 3D contact backend	2026-10-06T00:53:44.9896505Z       "normal_velocity_m_s": 21.79544187491714,
checks (3.12)	Build pinned Float64 3D contact backend	2026-10-06T00:53:44.9896781Z       "tangent_impulse_norm": 0.0,
checks (3.12)	Build pinned Float64 3D contact backend	2026-10-06T00:53:44.9897048Z       "tangent_velocity_norm_m_s": 0.10933701344262035
checks (3.12)	Build pinned Float64 3D contact backend	2026-10-06T00:53:44.9897317Z     },
checks (3.12)	Build pinned Float64 3D contact backend	2026-10-06T00:53:44.9897477Z     {
checks (3.12)	Build pinned Float64 3D contact backend	2026-10-06T00:53:44.9897654Z       "friction_capacity": 0.0,
checks (3.12)	Build pinned Float64 3D contact backend	2026-10-06T00:53:44.9897886Z       "friction_support_gap_J": 0.0,
checks (3.12)	Build pinned Float64 3D contact backend	2026-10-06T00:53:44.9898140Z       "normal_impulse": 0.0,
checks (3.12)	Build pinned Float64 3D contact backend	2026-10-06T00:53:44.9898367Z       "normal_row": 44,
checks (3.12)	Build pinned Float64 3D contact backend	2026-10-06T00:53:44.9898595Z       "normal_velocity_m_s": 13.164601199276353,
checks (3.12)	Build pinned Float64 3D contact backend	2026-10-06T00:53:44.9898867Z       "tangent_impulse_norm": 0.0,
checks (3.12)	Build pinned Float64 3D contact backend	2026-10-06T00:53:44.9899134Z       "tangent_velocity_norm_m_s": 0.06320046216665935
checks (3.12)	Build pinned Float64 3D contact backend	2026-10-06T00:53:44.9899400Z     },
checks (3.12)	Build pinned Float64 3D contact backend	2026-10-06T00:53:44.9899565Z     {
checks (3.12)	Build pinned Float64 3D contact backend	2026-10-06T00:53:44.9899742Z       "friction_capacity": 0.0,
checks (3.12)	Build pinned Float64 3D contact backend	2026-10-06T00:53:44.9899973Z       "friction_support_gap_J": 0.0,
checks (3.12)	Build pinned Float64 3D contact backend	2026-10-06T00:53:44.9900214Z       "normal_impulse": 0.0,
checks (3.12)	Build pinned Float64 3D contact backend	2026-10-06T00:53:44.9900441Z       "normal_row": 45,
checks (3.12)	Build pinned Float64 3D contact backend	2026-10-06T00:53:44.9900670Z       "normal_velocity_m_s": 133.14396940860811,
checks (3.12)	Build pinned Float64 3D contact backend	2026-10-06T00:53:44.9900938Z       "tangent_impulse_norm": 0.0,
checks (3.12)	Build pinned Float64 3D contact backend	2026-10-06T00:53:44.9901200Z       "tangent_velocity_norm_m_s": 0.0794146042204863
checks (3.12)	Build pinned Float64 3D contact backend	2026-10-06T00:53:44.9901466Z     },
checks (3.12)	Build pinned Float64 3D contact backend	2026-10-06T00:53:44.9901778Z     {
checks (3.12)	Build pinned Float64 3D contact backend	2026-10-06T00:53:44.9901959Z       "friction_capacity": 0.0,
checks (3.12)	Build pinned Float64 3D contact backend	2026-10-06T00:53:44.9902311Z       "friction_support_gap_J": 0.0,
checks (3.12)	Build pinned Float64 3D contact backend	2026-10-06T00:53:44.9902556Z       "normal_impulse": 0.0,
checks (3.12)	Build pinned Float64 3D contact backend	2026-10-06T00:53:44.9902775Z       "normal_row": 46,
checks (3.12)	Build pinned Float64 3D contact backend	2026-10-06T00:53:44.9902995Z       "normal_velocity_m_s": 206.11921566276695,
checks (3.12)	Build pinned Float64 3D contact backend	2026-10-06T00:53:44.9903269Z       "tangent_impulse_norm": 0.0,
checks (3.12)	Build pinned Float64 3D contact backend	2026-10-06T00:53:44.9903532Z       "tangent_velocity_norm_m_s": 2.9842197830556847
checks (3.12)	Build pinned Float64 3D contact backend	2026-10-06T00:53:44.9903797Z     },
checks (3.12)	Build pinned Float64 3D contact backend	2026-10-06T00:53:44.9903959Z     {
checks (3.12)	Build pinned Float64 3D contact backend	2026-10-06T00:53:44.9904135Z       "friction_capacity": 0.0,
checks (3.12)	Build pinned Float64 3D contact backend	2026-10-06T00:53:44.9904371Z       "friction_support_gap_J": 0.0,
checks (3.12)	Build pinned Float64 3D contact backend	2026-10-06T00:53:44.9904615Z       "normal_impulse": 0.0,
checks (3.12)	Build pinned Float64 3D contact backend	2026-10-06T00:53:44.9904837Z       "normal_row": 47,
checks (3.12)	Build pinned Float64 3D contact backend	2026-10-06T00:53:44.9905061Z       "normal_velocity_m_s": 1358.02528743586,
checks (3.12)	Build pinned Float64 3D contact backend	2026-10-06T00:53:44.9905331Z       "tangent_impulse_norm": 0.0,
checks (3.12)	Build pinned Float64 3D contact backend	2026-10-06T00:53:44.9905605Z       "tangent_velocity_norm_m_s": 0.37559510781641625
checks (3.12)	Build pinned Float64 3D contact backend	2026-10-06T00:53:44.9905871Z     },
checks (3.12)	Build pinned Float64 3D contact backend	2026-10-06T00:53:44.9906034Z     {
checks (3.12)	Build pinned Float64 3D contact backend	2026-10-06T00:53:44.9906211Z       "friction_capacity": 0.0,
checks (3.12)	Build pinned Float64 3D contact backend	2026-10-06T00:53:44.9906455Z       "friction_support_gap_J": 0.0,
checks (3.12)	Build pinned Float64 3D contact backend	2026-10-06T00:53:44.9906702Z       "normal_impulse": 0.0,
checks (3.12)	Build pinned Float64 3D contact backend	2026-10-06T00:53:44.9906922Z       "normal_row": 48,
checks (3.12)	Build pinned Float64 3D contact backend	2026-10-06T00:53:44.9907144Z       "normal_velocity_m_s": 1453.6433541567712,
checks (3.12)	Build pinned Float64 3D contact backend	2026-10-06T00:53:44.9907443Z       "tangent_impulse_norm": 0.0,
checks (3.12)	Build pinned Float64 3D contact backend	2026-10-06T00:53:44.9907708Z       "tangent_velocity_norm_m_s": 0.29230940317479354
checks (3.12)	Build pinned Float64 3D contact backend	2026-10-06T00:53:44.9907972Z     },
checks (3.12)	Build pinned Float64 3D contact backend	2026-10-06T00:53:44.9908141Z     {
checks (3.12)	Build pinned Float64 3D contact backend	2026-10-06T00:53:44.9908318Z       "friction_capacity": 0.0,
checks (3.12)	Build pinned Float64 3D contact backend	2026-10-06T00:53:44.9908560Z       "friction_support_gap_J": 0.0,
checks (3.12)	Build pinned Float64 3D contact backend	2026-10-06T00:53:44.9908930Z       "normal_impulse": 0.0,
checks (3.12)	Build pinned Float64 3D contact backend	2026-10-06T00:53:44.9909148Z       "normal_row": 49,
checks (3.12)	Build pinned Float64 3D contact backend	2026-10-06T00:53:44.9909380Z       "normal_velocity_m_s": 7.222138403761966e-05,
checks (3.12)	Build pinned Float64 3D contact backend	2026-10-06T00:53:44.9909660Z       "tangent_impulse_norm": 0.0,
checks (3.12)	Build pinned Float64 3D contact backend	2026-10-06T00:53:44.9909925Z       "tangent_velocity_norm_m_s": 0.4068204521907903
checks (3.12)	Build pinned Float64 3D contact backend	2026-10-06T00:53:44.9910191Z     },
checks (3.12)	Build pinned Float64 3D contact backend	2026-10-06T00:53:44.9910358Z     {
checks (3.12)	Build pinned Float64 3D contact backend	2026-10-06T00:53:44.9910539Z       "friction_capacity": 0.0,
checks (3.12)	Build pinned Float64 3D contact backend	2026-10-06T00:53:44.9910783Z       "friction_support_gap_J": 0.0,
checks (3.12)	Build pinned Float64 3D contact backend	2026-10-06T00:53:44.9911029Z       "normal_impulse": 0.0,
checks (3.12)	Build pinned Float64 3D contact backend	2026-10-06T00:53:44.9911246Z       "normal_row": 50,
checks (3.12)	Build pinned Float64 3D contact backend	2026-10-06T00:53:44.9911466Z       "normal_velocity_m_s": 1059.5130280720641,
checks (3.12)	Build pinned Float64 3D contact backend	2026-10-06T00:53:44.9911998Z       "tangent_impulse_norm": 0.0,
checks (3.12)	Build pinned Float64 3D contact backend	2026-10-06T00:53:44.9912296Z       "tangent_velocity_norm_m_s": 0.6693887556977886
checks (3.12)	Build pinned Float64 3D contact backend	2026-10-06T00:53:44.9912568Z     },
checks (3.12)	Build pinned Float64 3D contact backend	2026-10-06T00:53:44.9912729Z     {
checks (3.12)	Build pinned Float64 3D contact backend	2026-10-06T00:53:44.9912907Z       "friction_capacity": 0.0,
checks (3.12)	Build pinned Float64 3D contact backend	2026-10-06T00:53:44.9913146Z       "friction_support_gap_J": 0.0,
checks (3.12)	Build pinned Float64 3D contact backend	2026-10-06T00:53:44.9913406Z       "normal_impulse": 0.0,
checks (3.12)	Build pinned Float64 3D contact backend	2026-10-06T00:53:44.9913627Z       "normal_row": 51,
checks (3.12)	Build pinned Float64 3D contact backend	2026-10-06T00:53:44.9913848Z       "normal_velocity_m_s": 162.35001196029629,
checks (3.12)	Build pinned Float64 3D contact backend	2026-10-06T00:53:44.9914119Z       "tangent_impulse_norm": 0.0,
checks (3.12)	Build pinned Float64 3D contact backend	2026-10-06T00:53:44.9914388Z       "tangent_velocity_norm_m_s": 0.03882400077540336
checks (3.12)	Build pinned Float64 3D contact backend	2026-10-06T00:53:44.9914662Z     },
checks (3.12)	Build pinned Float64 3D contact backend	2026-10-06T00:53:44.9914824Z     {
checks (3.12)	Build pinned Float64 3D contact backend	2026-10-06T00:53:44.9915001Z       "friction_capacity": 0.0,
checks (3.12)	Build pinned Float64 3D contact backend	2026-10-06T00:53:44.9915239Z       "friction_support_gap_J": 0.0,
checks (3.12)	Build pinned Float64 3D contact backend	2026-10-06T00:53:44.9915486Z       "normal_impulse": 0.0,
checks (3.12)	Build pinned Float64 3D contact backend	2026-10-06T00:53:44.9915705Z       "normal_row": 52,
checks (3.12)	Build pinned Float64 3D contact backend	2026-10-06T00:53:44.9915932Z       "normal_velocity_m_s": 228.47671883500556,
checks (3.12)	Build pinned Float64 3D contact backend	2026-10-06T00:53:44.9916203Z       "tangent_impulse_norm": 0.0,
checks (3.12)	Build pinned Float64 3D contact backend	2026-10-06T00:53:44.9916466Z       "tangent_velocity_norm_m_s": 0.4633293998382993
checks (3.12)	Build pinned Float64 3D contact backend	2026-10-06T00:53:44.9916731Z     },
checks (3.12)	Build pinned Float64 3D contact backend	2026-10-06T00:53:44.9916892Z     {
checks (3.12)	Build pinned Float64 3D contact backend	2026-10-06T00:53:44.9917071Z       "friction_capacity": 0.0,
checks (3.12)	Build pinned Float64 3D contact backend	2026-10-06T00:53:44.9917310Z       "friction_support_gap_J": 0.0,
checks (3.12)	Build pinned Float64 3D contact backend	2026-10-06T00:53:44.9917552Z       "normal_impulse": 0.0,
checks (3.12)	Build pinned Float64 3D contact backend	2026-10-06T00:53:44.9917773Z       "normal_row": 53,
checks (3.12)	Build pinned Float64 3D contact backend	2026-10-06T00:53:44.9917994Z       "normal_velocity_m_s": 212.4906698493263,
checks (3.12)	Build pinned Float64 3D contact backend	2026-10-06T00:53:44.9918272Z       "tangent_impulse_norm": 0.0,
checks (3.12)	Build pinned Float64 3D contact backend	2026-10-06T00:53:44.9918542Z       "tangent_velocity_norm_m_s": 0.35690524506088644
checks (3.12)	Build pinned Float64 3D contact backend	2026-10-06T00:53:44.9918951Z     },
checks (3.12)	Build pinned Float64 3D contact backend	2026-10-06T00:53:44.9919123Z     {
checks (3.12)	Build pinned Float64 3D contact backend	2026-10-06T00:53:44.9919322Z       "friction_capacity": 0.0,
checks (3.12)	Build pinned Float64 3D contact backend	2026-10-06T00:53:44.9919560Z       "friction_support_gap_J": 0.0,
checks (3.12)	Build pinned Float64 3D contact backend	2026-10-06T00:53:44.9919807Z       "normal_impulse": 0.0,
checks (3.12)	Build pinned Float64 3D contact backend	2026-10-06T00:53:44.9920029Z       "normal_row": 54,
checks (3.12)	Build pinned Float64 3D contact backend	2026-10-06T00:53:44.9920253Z       "normal_velocity_m_s": 224.073367788787,
checks (3.12)	Build pinned Float64 3D contact backend	2026-10-06T00:53:44.9920526Z       "tangent_impulse_norm": 0.0,
checks (3.12)	Build pinned Float64 3D contact backend	2026-10-06T00:53:44.9920791Z       "tangent_velocity_norm_m_s": 0.4342421394714123
checks (3.12)	Build pinned Float64 3D contact backend	2026-10-06T00:53:44.9921064Z     },
checks (3.12)	Build pinned Float64 3D contact backend	2026-10-06T00:53:44.9921224Z     {
checks (3.12)	Build pinned Float64 3D contact backend	2026-10-06T00:53:44.9921410Z       "friction_capacity": 0.0,
checks (3.12)	Build pinned Float64 3D contact backend	2026-10-06T00:53:44.9921788Z       "friction_support_gap_J": 0.0,
checks (3.12)	Build pinned Float64 3D contact backend	2026-10-06T00:53:44.9922040Z       "normal_impulse": 0.0,
checks (3.12)	Build pinned Float64 3D contact backend	2026-10-06T00:53:44.9922259Z       "normal_row": 55,
checks (3.12)	Build pinned Float64 3D contact backend	2026-10-06T00:53:44.9922479Z       "normal_velocity_m_s": 344.35604502709145,
checks (3.12)	Build pinned Float64 3D contact backend	2026-10-06T00:53:44.9922748Z       "tangent_impulse_norm": 0.0,
checks (3.12)	Build pinned Float64 3D contact backend	2026-10-06T00:53:44.9923014Z       "tangent_velocity_norm_m_s": 0.5104834943089901
checks (3.12)	Build pinned Float64 3D contact backend	2026-10-06T00:53:44.9923279Z     },
checks (3.12)	Build pinned Float64 3D contact backend	2026-10-06T00:53:44.9923451Z     {
checks (3.12)	Build pinned Float64 3D contact backend	2026-10-06T00:53:44.9923633Z       "friction_capacity": 0.0,
checks (3.12)	Build pinned Float64 3D contact backend	2026-10-06T00:53:44.9923869Z       "friction_support_gap_J": 0.0,
checks (3.12)	Build pinned Float64 3D contact backend	2026-10-06T00:53:44.9924113Z       "normal_impulse": 0.0,
checks (3.12)	Build pinned Float64 3D contact backend	2026-10-06T00:53:44.9924333Z       "normal_row": 56,
checks (3.12)	Build pinned Float64 3D contact backend	2026-10-06T00:53:44.9924557Z       "normal_velocity_m_s": 34.68485562445633,
checks (3.12)	Build pinned Float64 3D contact backend	2026-10-06T00:53:44.9924830Z       "tangent_impulse_norm": 0.0,
checks (3.12)	Build pinned Float64 3D contact backend	2026-10-06T00:53:44.9925094Z       "tangent_velocity_norm_m_s": 1.4299530649207826
checks (3.12)	Build pinned Float64 3D contact backend	2026-10-06T00:53:44.9925357Z     },
checks (3.12)	Build pinned Float64 3D contact backend	2026-10-06T00:53:44.9925654Z     {
checks (3.12)	Build pinned Float64 3D contact backend	2026-10-06T00:53:44.9925829Z       "friction_capacity": 0.0,
checks (3.12)	Build pinned Float64 3D contact backend	2026-10-06T00:53:44.9926072Z       "friction_support_gap_J": 0.0,
checks (3.12)	Build pinned Float64 3D contact backend	2026-10-06T00:53:44.9926317Z       "normal_impulse": 0.0,
checks (3.12)	Build pinned Float64 3D contact backend	2026-10-06T00:53:44.9926535Z       "normal_row": 57,
checks (3.12)	Build pinned Float64 3D contact backend	2026-10-06T00:53:44.9926753Z       "normal_velocity_m_s": 566.0157223382963,
checks (3.12)	Build pinned Float64 3D contact backend	2026-10-06T00:53:44.9927025Z       "tangent_impulse_norm": 0.0,
checks (3.12)	Build pinned Float64 3D contact backend	2026-10-06T00:53:44.9927296Z       "tangent_velocity_norm_m_s": 1.9192684335782975
checks (3.12)	Build pinned Float64 3D contact backend	2026-10-06T00:53:44.9927560Z     },
checks (3.12)	Build pinned Float64 3D contact backend	2026-10-06T00:53:44.9927722Z     {
checks (3.12)	Build pinned Float64 3D contact backend	2026-10-06T00:53:44.9927899Z       "friction_capacity": 0.0,
checks (3.12)	Build pinned Float64 3D contact backend	2026-10-06T00:53:44.9928136Z       "friction_support_gap_J": 0.0,
checks (3.12)	Build pinned Float64 3D contact backend	2026-10-06T00:53:44.9928383Z       "normal_impulse": 0.0,
checks (3.12)	Build pinned Float64 3D contact backend	2026-10-06T00:53:44.9928611Z       "normal_row": 58,
checks (3.12)	Build pinned Float64 3D contact backend	2026-10-06T00:53:44.9928837Z       "normal_velocity_m_s": 0.12721729961127787,
checks (3.12)	Build pinned Float64 3D contact backend	2026-10-06T00:53:44.9929112Z       "tangent_impulse_norm": 0.0,
checks (3.12)	Build pinned Float64 3D contact backend	2026-10-06T00:53:44.9929372Z       "tangent_velocity_norm_m_s": 0.7400108045030775
checks (3.12)	Build pinned Float64 3D contact backend	2026-10-06T00:53:44.9929641Z     },
checks (3.12)	Build pinned Float64 3D contact backend	2026-10-06T00:53:44.9929804Z     {
checks (3.12)	Build pinned Float64 3D contact backend	2026-10-06T00:53:44.9929980Z       "friction_capacity": 0.0,
checks (3.12)	Build pinned Float64 3D contact backend	2026-10-06T00:53:44.9930215Z       "friction_support_gap_J": 0.0,
checks (3.12)	Build pinned Float64 3D contact backend	2026-10-06T00:53:44.9930459Z       "normal_impulse": 0.0,
checks (3.12)	Build pinned Float64 3D contact backend	2026-10-06T00:53:44.9930679Z       "normal_row": 59,
checks (3.12)	Build pinned Float64 3D contact backend	2026-10-06T00:53:44.9930907Z       "normal_velocity_m_s": 599.0488478494788,
checks (3.12)	Build pinned Float64 3D contact backend	2026-10-06T00:53:44.9931181Z       "tangent_impulse_norm": 0.0,
checks (3.12)	Build pinned Float64 3D contact backend	2026-10-06T00:53:44.9931446Z       "tangent_velocity_norm_m_s": 2.096386304859635
checks (3.12)	Build pinned Float64 3D contact backend	2026-10-06T00:53:44.9931849Z     },
checks (3.12)	Build pinned Float64 3D contact backend	2026-10-06T00:53:44.9932012Z     {
checks (3.12)	Build pinned Float64 3D contact backend	2026-10-06T00:53:44.9932205Z       "friction_capacity": 5.238510817518608e-06,
checks (3.12)	Build pinned Float64 3D contact backend	2026-10-06T00:53:44.9932508Z       "friction_support_gap_J": 1.5246593050577406e-20,
checks (3.12)	Build pinned Float64 3D contact backend	2026-10-06T00:53:44.9932808Z       "normal_impulse": 1.309627704379652e-05,
checks (3.12)	Build pinned Float64 3D contact backend	2026-10-06T00:53:44.9933074Z       "normal_row": 60,
checks (3.12)	Build pinned Float64 3D contact backend	2026-10-06T00:53:44.9933308Z       "normal_velocity_m_s": 1.6940658945086007e-21,
checks (3.12)	Build pinned Float64 3D contact backend	2026-10-06T00:53:44.9933614Z       "tangent_impulse_norm": 5.2385108175186e-06,
checks (3.12)	Build pinned Float64 3D contact backend	2026-10-06T00:53:44.9933923Z       "tangent_velocity_norm_m_s": 1.9302410815255877
checks (3.12)	Build pinned Float64 3D contact backend	2026-10-06T00:53:44.9934192Z     },
checks (3.12)	Build pinned Float64 3D contact backend	2026-10-06T00:53:44.9934354Z     {
checks (3.12)	Build pinned Float64 3D contact backend	2026-10-06T00:53:44.9934533Z       "friction_capacity": 0.0,
checks (3.12)	Build pinned Float64 3D contact backend	2026-10-06T00:53:44.9934774Z       "friction_support_gap_J": 0.0,
checks (3.12)	Build pinned Float64 3D contact backend	2026-10-06T00:53:44.9935023Z       "normal_impulse": 0.0,
checks (3.12)	Build pinned Float64 3D contact backend	2026-10-06T00:53:44.9935415Z       "normal_row": 61,
checks (3.12)	Build pinned Float64 3D contact backend	2026-10-06T00:53:44.9935640Z       "normal_velocity_m_s": 246.29997544646514,
checks (3.12)	Build pinned Float64 3D contact backend	2026-10-06T00:53:44.9935912Z       "tangent_impulse_norm": 0.0,
checks (3.12)	Build pinned Float64 3D contact backend	2026-10-06T00:53:44.9936178Z       "tangent_velocity_norm_m_s": 1.9716132533855233
checks (3.12)	Build pinned Float64 3D contact backend	2026-10-06T00:53:44.9936445Z     },
checks (3.12)	Build pinned Float64 3D contact backend	2026-10-06T00:53:44.9936606Z     {
checks (3.12)	Build pinned Float64 3D contact backend	2026-10-06T00:53:44.9936797Z       "friction_capacity": 3.077987120439762e-07,
checks (3.12)	Build pinned Float64 3D contact backend	2026-10-06T00:53:44.9937096Z       "friction_support_gap_J": 2.0117032497289633e-21,
checks (3.12)	Build pinned Float64 3D contact backend	2026-10-06T00:53:44.9937396Z       "normal_impulse": 7.694967801099404e-07,
checks (3.12)	Build pinned Float64 3D contact backend	2026-10-06T00:53:44.9937661Z       "normal_row": 62,
checks (3.12)	Build pinned Float64 3D contact backend	2026-10-06T00:53:44.9937904Z       "normal_velocity_m_s": 1.3565762045869654e-22,
checks (3.12)	Build pinned Float64 3D contact backend	2026-10-06T00:53:44.9938209Z       "tangent_impulse_norm": 3.077987120439754e-07,
checks (3.12)	Build pinned Float64 3D contact backend	2026-10-06T00:53:44.9938510Z       "tangent_velocity_norm_m_s": 2.5204705556290903
checks (3.12)	Build pinned Float64 3D contact backend	2026-10-06T00:53:44.9938775Z     },
checks (3.12)	Build pinned Float64 3D contact backend	2026-10-06T00:53:44.9938941Z     {
checks (3.12)	Build pinned Float64 3D contact backend	2026-10-06T00:53:44.9939125Z       "friction_capacity": 0.0,
checks (3.12)	Build pinned Float64 3D contact backend	2026-10-06T00:53:44.9939371Z       "friction_support_gap_J": 0.0,
checks (3.12)	Build pinned Float64 3D contact backend	2026-10-06T00:53:44.9939620Z       "normal_impulse": 0.0,
checks (3.12)	Build pinned Float64 3D contact backend	2026-10-06T00:53:44.9939842Z       "normal_row": 63,
checks (3.12)	Build pinned Float64 3D contact backend	2026-10-06T00:53:44.9940064Z       "normal_velocity_m_s": 0.9039284679720933,
checks (3.12)	Build pinned Float64 3D contact backend	2026-10-06T00:53:44.9940340Z       "tangent_impulse_norm": 0.0,
checks (3.12)	Build pinned Float64 3D contact backend	2026-10-06T00:53:44.9940603Z       "tangent_velocity_norm_m_s": 2.658213446797818
checks (3.12)	Build pinned Float64 3D contact backend	2026-10-06T00:53:44.9940864Z     },
checks (3.12)	Build pinned Float64 3D contact backend	2026-10-06T00:53:44.9941025Z     {
checks (3.12)	Build pinned Float64 3D contact backend	2026-10-06T00:53:44.9941202Z       "friction_capacity": 0.0,
checks (3.12)	Build pinned Float64 3D contact backend	2026-10-06T00:53:44.9941440Z       "friction_support_gap_J": 0.0,
checks (3.12)	Build pinned Float64 3D contact backend	2026-10-06T00:53:44.9941963Z       "normal_impulse": 0.0,
checks (3.12)	Build pinned Float64 3D contact backend	2026-10-06T00:53:44.9942346Z       "normal_row": 64,
checks (3.12)	Build pinned Float64 3D contact backend	2026-10-06T00:53:44.9942568Z       "normal_velocity_m_s": 0.6020720426907298,
checks (3.12)	Build pinned Float64 3D contact backend	2026-10-06T00:53:44.9942837Z       "tangent_impulse_norm": 0.0,
checks (3.12)	Build pinned Float64 3D contact backend	2026-10-06T00:53:44.9943100Z       "tangent_velocity_norm_m_s": 2.609268107670869
checks (3.12)	Build pinned Float64 3D contact backend	2026-10-06T00:53:44.9943365Z     },
checks (3.12)	Build pinned Float64 3D contact backend	2026-10-06T00:53:44.9943526Z     {
checks (3.12)	Build pinned Float64 3D contact backend	2026-10-06T00:53:44.9943710Z       "friction_capacity": 0.0,
checks (3.12)	Build pinned Float64 3D contact backend	2026-10-06T00:53:44.9943951Z       "friction_support_gap_J": 0.0,
checks (3.12)	Build pinned Float64 3D contact backend	2026-10-06T00:53:44.9944204Z       "normal_impulse": 0.0,
checks (3.12)	Build pinned Float64 3D contact backend	2026-10-06T00:53:44.9944424Z       "normal_row": 65,
checks (3.12)	Build pinned Float64 3D contact backend	2026-10-06T00:53:44.9944644Z       "normal_velocity_m_s": 13.424974713330947,
checks (3.12)	Build pinned Float64 3D contact backend	2026-10-06T00:53:44.9944915Z       "tangent_impulse_norm": 0.0,
checks (3.12)	Build pinned Float64 3D contact backend	2026-10-06T00:53:44.9945177Z       "tangent_velocity_norm_m_s": 1.0660895196790348
checks (3.12)	Build pinned Float64 3D contact backend	2026-10-06T00:53:44.9945445Z     },
checks (3.12)	Build pinned Float64 3D contact backend	2026-10-06T00:53:44.9945607Z     {
checks (3.12)	Build pinned Float64 3D contact backend	2026-10-06T00:53:44.9945782Z       "friction_capacity": 0.0,
checks (3.12)	Build pinned Float64 3D contact backend	2026-10-06T00:53:44.9946017Z       "friction_support_gap_J": 0.0,
checks (3.12)	Build pinned Float64 3D contact backend	2026-10-06T00:53:44.9946267Z       "normal_impulse": 0.0,
checks (3.12)	Build pinned Float64 3D contact backend	2026-10-06T00:53:44.9946484Z       "normal_row": 66,
checks (3.12)	Build pinned Float64 3D contact backend	2026-10-06T00:53:44.9946710Z       "normal_velocity_m_s": 4.0679603376346885,
checks (3.12)	Build pinned Float64 3D contact backend	2026-10-06T00:53:44.9946978Z       "tangent_impulse_norm": 0.0,
checks (3.12)	Build pinned Float64 3D contact backend	2026-10-06T00:53:44.9947242Z       "tangent_velocity_norm_m_s": 1.0724037609926726
checks (3.12)	Build pinned Float64 3D contact backend	2026-10-06T00:53:44.9947504Z     },
checks (3.12)	Build pinned Float64 3D contact backend	2026-10-06T00:53:44.9947670Z     {
checks (3.12)	Build pinned Float64 3D contact backend	2026-10-06T00:53:44.9947849Z       "friction_capacity": 0.0,
checks (3.12)	Build pinned Float64 3D contact backend	2026-10-06T00:53:44.9948082Z       "friction_support_gap_J": 0.0,
checks (3.12)	Build pinned Float64 3D contact backend	2026-10-06T00:53:44.9948326Z       "normal_impulse": 0.0,
checks (3.12)	Build pinned Float64 3D contact backend	2026-10-06T00:53:44.9948547Z       "normal_row": 67,
checks (3.12)	Build pinned Float64 3D contact backend	2026-10-06T00:53:44.9948772Z       "normal_velocity_m_s": 0.005500967449879823,
checks (3.12)	Build pinned Float64 3D contact backend	2026-10-06T00:53:44.9949059Z       "tangent_impulse_norm": 0.0,
checks (3.12)	Build pinned Float64 3D contact backend	2026-10-06T00:53:44.9949324Z       "tangent_velocity_norm_m_s": 1.0770585199642781
checks (3.12)	Build pinned Float64 3D contact backend	2026-10-06T00:53:44.9949588Z     },
checks (3.12)	Build pinned Float64 3D contact backend	2026-10-06T00:53:44.9949750Z     {
checks (3.12)	Build pinned Float64 3D contact backend	2026-10-06T00:53:44.9949926Z       "friction_capacity": 0.0,
checks (3.12)	Build pinned Float64 3D contact backend	2026-10-06T00:53:44.9950160Z       "friction_support_gap_J": 0.0,
checks (3.12)	Build pinned Float64 3D contact backend	2026-10-06T00:53:44.9950411Z       "normal_impulse": 0.0,
checks (3.12)	Build pinned Float64 3D contact backend	2026-10-06T00:53:44.9950629Z       "normal_row": 68,
checks (3.12)	Build pinned Float64 3D contact backend	2026-10-06T00:53:44.9950850Z       "normal_velocity_m_s": 7.589487297961263,
checks (3.12)	Build pinned Float64 3D contact backend	2026-10-06T00:53:44.9951124Z       "tangent_impulse_norm": 0.0,
checks (3.12)	Build pinned Float64 3D contact backend	2026-10-06T00:53:44.9951387Z       "tangent_velocity_norm_m_s": 1.0693006510509946
checks (3.12)	Build pinned Float64 3D contact backend	2026-10-06T00:53:44.9952057Z     },
checks (3.12)	Build pinned Float64 3D contact backend	2026-10-06T00:53:44.9952228Z     {
checks (3.12)	Build pinned Float64 3D contact backend	2026-10-06T00:53:44.9952406Z       "friction_capacity": 0.0,
checks (3.12)	Build pinned Float64 3D contact backend	2026-10-06T00:53:44.9952640Z       "friction_support_gap_J": 0.0,
checks (3.12)	Build pinned Float64 3D contact backend	2026-10-06T00:53:44.9952884Z       "normal_impulse": 0.0,
checks (3.12)	Build pinned Float64 3D contact backend	2026-10-06T00:53:44.9953102Z       "normal_row": 69,
checks (3.12)	Build pinned Float64 3D contact backend	2026-10-06T00:53:44.9953331Z       "normal_velocity_m_s": 0.0014575360782557705,
checks (3.12)	Build pinned Float64 3D contact backend	2026-10-06T00:53:44.9953612Z       "tangent_impulse_norm": 0.0,
checks (3.12)	Build pinned Float64 3D contact backend	2026-10-06T00:53:44.9953876Z       "tangent_velocity_norm_m_s": 0.2047780112001281
checks (3.12)	Build pinned Float64 3D contact backend	2026-10-06T00:53:44.9954138Z     },
checks (3.12)	Build pinned Float64 3D contact backend	2026-10-06T00:53:44.9954307Z     {
checks (3.12)	Build pinned Float64 3D contact backend	2026-10-06T00:53:44.9954482Z       "friction_capacity": 0.0,
checks (3.12)	Build pinned Float64 3D contact backend	2026-10-06T00:53:44.9954723Z       "friction_support_gap_J": 0.0,
checks (3.12)	Build pinned Float64 3D contact backend	2026-10-06T00:53:44.9954987Z       "normal_impulse": 0.0,
checks (3.12)	Build pinned Float64 3D contact backend	2026-10-06T00:53:44.9955208Z       "normal_row": 70,
checks (3.12)	Build pinned Float64 3D contact backend	2026-10-06T00:53:44.9955438Z       "normal_velocity_m_s": 0.0023732042558682644,
checks (3.12)	Build pinned Float64 3D contact backend	2026-10-06T00:53:44.9955717Z       "tangent_impulse_norm": 0.0,
checks (3.12)	Build pinned Float64 3D contact backend	2026-10-06T00:53:44.9955981Z       "tangent_velocity_norm_m_s": 0.3248197378652389
checks (3.12)	Build pinned Float64 3D contact backend	2026-10-06T00:53:44.9956250Z     },
checks (3.12)	Build pinned Float64 3D contact backend	2026-10-06T00:53:44.9956411Z     {
checks (3.12)	Build pinned Float64 3D contact backend	2026-10-06T00:53:44.9956602Z       "friction_capacity": 8.85849552101328e-06,
checks (3.12)	Build pinned Float64 3D contact backend	2026-10-06T00:53:44.9956907Z       "friction_support_gap_J": 3.3881317890172014e-21,
checks (3.12)	Build pinned Float64 3D contact backend	2026-10-06T00:53:44.9957206Z       "normal_impulse": 2.2146238802533203e-05,
checks (3.12)	Build pinned Float64 3D contact backend	2026-10-06T00:53:44.9957462Z       "normal_row": 71,
checks (3.12)	Build pinned Float64 3D contact backend	2026-10-06T00:53:44.9957687Z       "normal_velocity_m_s": 5.082197683525802e-21,
checks (3.12)	Build pinned Float64 3D contact backend	2026-10-06T00:53:44.9957987Z       "tangent_impulse_norm": 8.85849552101325e-06,
checks (3.12)	Build pinned Float64 3D contact backend	2026-10-06T00:53:44.9958290Z       "tangent_velocity_norm_m_s": 0.12039699195527154
checks (3.12)	Build pinned Float64 3D contact backend	2026-10-06T00:53:44.9958688Z     },
checks (3.12)	Build pinned Float64 3D contact backend	2026-10-06T00:53:44.9958849Z     {
checks (3.12)	Build pinned Float64 3D contact backend	2026-10-06T00:53:44.9959034Z       "friction_capacity": 0.0,
checks (3.12)	Build pinned Float64 3D contact backend	2026-10-06T00:53:44.9959279Z       "friction_support_gap_J": 0.0,
checks (3.12)	Build pinned Float64 3D contact backend	2026-10-06T00:53:44.9959531Z       "normal_impulse": 0.0,
checks (3.12)	Build pinned Float64 3D contact backend	2026-10-06T00:53:44.9959753Z       "normal_row": 72,
checks (3.12)	Build pinned Float64 3D contact backend	2026-10-06T00:53:44.9959983Z       "normal_velocity_m_s": 0.0008419242213052407,
checks (3.12)	Build pinned Float64 3D contact backend	2026-10-06T00:53:44.9960284Z       "tangent_impulse_norm": 0.0,
checks (3.12)	Build pinned Float64 3D contact backend	2026-10-06T00:53:44.9960562Z       "tangent_velocity_norm_m_s": 0.19564156712246597
checks (3.12)	Build pinned Float64 3D contact backend	2026-10-06T00:53:44.9960832Z     },
checks (3.12)	Build pinned Float64 3D contact backend	2026-10-06T00:53:44.9960995Z     {
checks (3.12)	Build pinned Float64 3D contact backend	2026-10-06T00:53:44.9961172Z       "friction_capacity": 0.0,
checks (3.12)	Build pinned Float64 3D contact backend	2026-10-06T00:53:44.9961412Z       "friction_support_gap_J": 0.0,
checks (3.12)	Build pinned Float64 3D contact backend	2026-10-06T00:53:44.9961801Z       "normal_impulse": 0.0,
checks (3.12)	Build pinned Float64 3D contact backend	2026-10-06T00:53:44.9962030Z       "normal_row": 73,
checks (3.12)	Build pinned Float64 3D contact backend	2026-10-06T00:53:44.9962259Z       "normal_velocity_m_s": 0.6871154598397203,
checks (3.12)	Build pinned Float64 3D contact backend	2026-10-06T00:53:44.9962531Z       "tangent_impulse_norm": 0.0,
checks (3.12)	Build pinned Float64 3D contact backend	2026-10-06T00:53:44.9962797Z       "tangent_velocity_norm_m_s": 4.130605188392305
checks (3.12)	Build pinned Float64 3D contact backend	2026-10-06T00:53:44.9963069Z     },
checks (3.12)	Build pinned Float64 3D contact backend	2026-10-06T00:53:44.9963231Z     {
checks (3.12)	Build pinned Float64 3D contact backend	2026-10-06T00:53:44.9963408Z       "friction_capacity": 0.0,
checks (3.12)	Build pinned Float64 3D contact backend	2026-10-06T00:53:44.9963646Z       "friction_support_gap_J": 0.0,
checks (3.12)	Build pinned Float64 3D contact backend	2026-10-06T00:53:44.9963891Z       "normal_impulse": 0.0,
checks (3.12)	Build pinned Float64 3D contact backend	2026-10-06T00:53:44.9964113Z       "normal_row": 74,
checks (3.12)	Build pinned Float64 3D contact backend	2026-10-06T00:53:44.9964341Z       "normal_velocity_m_s": 5.875964740620162,
checks (3.12)	Build pinned Float64 3D contact backend	2026-10-06T00:53:44.9964621Z       "tangent_impulse_norm": 0.0,
checks (3.12)	Build pinned Float64 3D contact backend	2026-10-06T00:53:44.9964886Z       "tangent_velocity_norm_m_s": 4.210638068057064
checks (3.12)	Build pinned Float64 3D contact backend	2026-10-06T00:53:44.9965149Z     },
checks (3.12)	Build pinned Float64 3D contact backend	2026-10-06T00:53:44.9965309Z     {
checks (3.12)	Build pinned Float64 3D contact backend	2026-10-06T00:53:44.9965484Z       "friction_capacity": 0.0,
checks (3.12)	Build pinned Float64 3D contact backend	2026-10-06T00:53:44.9965719Z       "friction_support_gap_J": 0.0,
checks (3.12)	Build pinned Float64 3D contact backend	2026-10-06T00:53:44.9965963Z       "normal_impulse": 0.0,
checks (3.12)	Build pinned Float64 3D contact backend	2026-10-06T00:53:44.9966181Z       "normal_row": 75,
checks (3.12)	Build pinned Float64 3D contact backend	2026-10-06T00:53:44.9966402Z       "normal_velocity_m_s": 92.46272069637189,
checks (3.12)	Build pinned Float64 3D contact backend	2026-10-06T00:53:44.9966674Z       "tangent_impulse_norm": 0.0,
checks (3.12)	Build pinned Float64 3D contact backend	2026-10-06T00:53:44.9966941Z       "tangent_velocity_norm_m_s": 5.905227561376931
checks (3.12)	Build pinned Float64 3D contact backend	2026-10-06T00:53:44.9967209Z     },
checks (3.12)	Build pinned Float64 3D contact backend	2026-10-06T00:53:44.9967373Z     {
checks (3.12)	Build pinned Float64 3D contact backend	2026-10-06T00:53:44.9967548Z       "friction_capacity": 0.0,
checks (3.12)	Build pinned Float64 3D contact backend	2026-10-06T00:53:44.9967782Z       "friction_support_gap_J": 0.0,
checks (3.12)	Build pinned Float64 3D contact backend	2026-10-06T00:53:44.9968029Z       "normal_impulse": 0.0,
checks (3.12)	Build pinned Float64 3D contact backend	2026-10-06T00:53:44.9968410Z       "normal_row": 76,
checks (3.12)	Build pinned Float64 3D contact backend	2026-10-06T00:53:44.9968629Z       "normal_velocity_m_s": 90.04501740755647,
checks (3.12)	Build pinned Float64 3D contact backend	2026-10-06T00:53:44.9968898Z       "tangent_impulse_norm": 0.0,
checks (3.12)	Build pinned Float64 3D contact backend	2026-10-06T00:53:44.9969165Z       "tangent_velocity_norm_m_s": 6.2502019936071695
checks (3.12)	Build pinned Float64 3D contact backend	2026-10-06T00:53:44.9969430Z     },
checks (3.12)	Build pinned Float64 3D contact backend	2026-10-06T00:53:44.9969596Z     {
checks (3.12)	Build pinned Float64 3D contact backend	2026-10-06T00:53:44.9969775Z       "friction_capacity": 0.0,
checks (3.12)	Build pinned Float64 3D contact backend	2026-10-06T00:53:44.9970011Z       "friction_support_gap_J": 0.0,
checks (3.12)	Build pinned Float64 3D contact backend	2026-10-06T00:53:44.9970255Z       "normal_impulse": 0.0,
checks (3.12)	Build pinned Float64 3D contact backend	2026-10-06T00:53:44.9970475Z       "normal_row": 77,
checks (3.12)	Build pinned Float64 3D contact backend	2026-10-06T00:53:44.9970697Z       "normal_velocity_m_s": 89.99436504746909,
checks (3.12)	Build pinned Float64 3D contact backend	2026-10-06T00:53:44.9970972Z       "tangent_impulse_norm": 0.0,
checks (3.12)	Build pinned Float64 3D contact backend	2026-10-06T00:53:44.9971234Z       "tangent_velocity_norm_m_s": 6.642332684289899
checks (3.12)	Build pinned Float64 3D contact backend	2026-10-06T00:53:44.9971496Z     },
checks (3.12)	Build pinned Float64 3D contact backend	2026-10-06T00:53:44.9971780Z     {
checks (3.12)	Build pinned Float64 3D contact backend	2026-10-06T00:53:44.9971963Z       "friction_capacity": 0.0,
checks (3.12)	Build pinned Float64 3D contact backend	2026-10-06T00:53:44.9972204Z       "friction_support_gap_J": 0.0,
checks (3.12)	Build pinned Float64 3D contact backend	2026-10-06T00:53:44.9972447Z       "normal_impulse": 0.0,
checks (3.12)	Build pinned Float64 3D contact backend	2026-10-06T00:53:44.9972673Z       "normal_row": 78,
checks (3.12)	Build pinned Float64 3D contact backend	2026-10-06T00:53:44.9972892Z       "normal_velocity_m_s": 387.6903036008329,
checks (3.12)	Build pinned Float64 3D contact backend	2026-10-06T00:53:44.9973162Z       "tangent_impulse_norm": 0.0,
checks (3.12)	Build pinned Float64 3D contact backend	2026-10-06T00:53:44.9973427Z       "tangent_velocity_norm_m_s": 0.13657992125624496
checks (3.12)	Build pinned Float64 3D contact backend	2026-10-06T00:53:44.9973692Z     },
checks (3.12)	Build pinned Float64 3D contact backend	2026-10-06T00:53:44.9973852Z     {
checks (3.12)	Build pinned Float64 3D contact backend	2026-10-06T00:53:44.9974028Z       "friction_capacity": 0.0,
checks (3.12)	Build pinned Float64 3D contact backend	2026-10-06T00:53:44.9974263Z       "friction_support_gap_J": 0.0,
checks (3.12)	Build pinned Float64 3D contact backend	2026-10-06T00:53:44.9974507Z       "normal_impulse": 0.0,
checks (3.12)	Build pinned Float64 3D contact backend	2026-10-06T00:53:44.9974736Z       "normal_row": 79,
checks (3.12)	Build pinned Float64 3D contact backend	2026-10-06T00:53:44.9974956Z       "normal_velocity_m_s": 791.4892217061054,
checks (3.12)	Build pinned Float64 3D contact backend	2026-10-06T00:53:44.9975348Z       "tangent_impulse_norm": 0.0,
checks (3.12)	Build pinned Float64 3D contact backend	2026-10-06T00:53:44.9975620Z       "tangent_velocity_norm_m_s": 0.24078601133472652
checks (3.12)	Build pinned Float64 3D contact backend	2026-10-06T00:53:44.9975886Z     },
checks (3.12)	Build pinned Float64 3D contact backend	2026-10-06T00:53:44.9976046Z     {
checks (3.12)	Build pinned Float64 3D contact backend	2026-10-06T00:53:44.9976220Z       "friction_capacity": 0.0,
checks (3.12)	Build pinned Float64 3D contact backend	2026-10-06T00:53:44.9976454Z       "friction_support_gap_J": 0.0,
checks (3.12)	Build pinned Float64 3D contact backend	2026-10-06T00:53:44.9976703Z       "normal_impulse": 0.0,
checks (3.12)	Build pinned Float64 3D contact backend	2026-10-06T00:53:44.9976921Z       "normal_row": 80,
checks (3.12)	Build pinned Float64 3D contact backend	2026-10-06T00:53:44.9977149Z       "normal_velocity_m_s": 531.2090527650861,
checks (3.12)	Build pinned Float64 3D contact backend	2026-10-06T00:53:44.9977417Z       "tangent_impulse_norm": 0.0,
checks (3.12)	Build pinned Float64 3D contact backend	2026-10-06T00:53:44.9977680Z       "tangent_velocity_norm_m_s": 0.21110805015805623
checks (3.12)	Build pinned Float64 3D contact backend	2026-10-06T00:53:44.9977943Z     },
checks (3.12)	Build pinned Float64 3D contact backend	2026-10-06T00:53:44.9978104Z     {
checks (3.12)	Build pinned Float64 3D contact backend	2026-10-06T00:53:44.9978281Z       "friction_capacity": 0.0,
checks (3.12)	Build pinned Float64 3D contact backend	2026-10-06T00:53:44.9978517Z       "friction_support_gap_J": 0.0,
checks (3.12)	Build pinned Float64 3D contact backend	2026-10-06T00:53:44.9978765Z       "normal_impulse": 0.0,
checks (3.12)	Build pinned Float64 3D contact backend	2026-10-06T00:53:44.9978985Z       "normal_row": 81,
checks (3.12)	Build pinned Float64 3D contact backend	2026-10-06T00:53:44.9979212Z       "normal_velocity_m_s": 492.001799076352,
checks (3.12)	Build pinned Float64 3D contact backend	2026-10-06T00:53:44.9979486Z       "tangent_impulse_norm": 0.0,
checks (3.12)	Build pinned Float64 3D contact backend	2026-10-06T00:53:44.9979754Z       "tangent_velocity_norm_m_s": 0.16833629583804607
checks (3.12)	Build pinned Float64 3D contact backend	2026-10-06T00:53:44.9980017Z     },
checks (3.12)	Build pinned Float64 3D contact backend	2026-10-06T00:53:44.9980181Z     {
checks (3.12)	Build pinned Float64 3D contact backend	2026-10-06T00:53:44.9980368Z       "friction_capacity": 0.0,
checks (3.12)	Build pinned Float64 3D contact backend	2026-10-06T00:53:44.9980606Z       "friction_support_gap_J": 0.0,
checks (3.12)	Build pinned Float64 3D contact backend	2026-10-06T00:53:44.9980850Z       "normal_impulse": 0.0,
checks (3.12)	Build pinned Float64 3D contact backend	2026-10-06T00:53:44.9981069Z       "normal_row": 82,
checks (3.12)	Build pinned Float64 3D contact backend	2026-10-06T00:53:44.9981288Z       "normal_velocity_m_s": 329.4707123084602,
checks (3.12)	Build pinned Float64 3D contact backend	2026-10-06T00:53:44.9981556Z       "tangent_impulse_norm": 0.0,
checks (3.12)	Build pinned Float64 3D contact backend	2026-10-06T00:53:44.9982024Z       "tangent_velocity_norm_m_s": 7.64841615528172
checks (3.12)	Build pinned Float64 3D contact backend	2026-10-06T00:53:44.9982294Z     },
checks (3.12)	Build pinned Float64 3D contact backend	2026-10-06T00:53:44.9982453Z     {
checks (3.12)	Build pinned Float64 3D contact backend	2026-10-06T00:53:44.9982628Z       "friction_capacity": 0.0,
checks (3.12)	Build pinned Float64 3D contact backend	2026-10-06T00:53:44.9982865Z       "friction_support_gap_J": 0.0,
checks (3.12)	Build pinned Float64 3D contact backend	2026-10-06T00:53:44.9983115Z       "normal_impulse": 0.0,
checks (3.12)	Build pinned Float64 3D contact backend	2026-10-06T00:53:44.9983340Z       "normal_row": 83,
checks (3.12)	Build pinned Float64 3D contact backend	2026-10-06T00:53:44.9983565Z       "normal_velocity_m_s": 1371.1963377317345,
checks (3.12)	Build pinned Float64 3D contact backend	2026-10-06T00:53:44.9983839Z       "tangent_impulse_norm": 0.0,
checks (3.12)	Build pinned Float64 3D contact backend	2026-10-06T00:53:44.9984105Z       "tangent_velocity_norm_m_s": 5.917501356325388
checks (3.12)	Build pinned Float64 3D contact backend	2026-10-06T00:53:44.9984367Z     },
checks (3.12)	Build pinned Float64 3D contact backend	2026-10-06T00:53:44.9984531Z     {
checks (3.12)	Build pinned Float64 3D contact backend	2026-10-06T00:53:44.9984715Z       "friction_capacity": 0.0,
checks (3.12)	Build pinned Float64 3D contact backend	2026-10-06T00:53:44.9985126Z       "friction_support_gap_J": 0.0,
checks (3.12)	Build pinned Float64 3D contact backend	2026-10-06T00:53:44.9985373Z       "normal_impulse": 0.0,
checks (3.12)	Build pinned Float64 3D contact backend	2026-10-06T00:53:44.9985595Z       "normal_row": 84,
checks (3.12)	Build pinned Float64 3D contact backend	2026-10-06T00:53:44.9985814Z       "normal_velocity_m_s": 316.4880441432485,
checks (3.12)	Build pinned Float64 3D contact backend	2026-10-06T00:53:44.9986084Z       "tangent_impulse_norm": 0.0,
checks (3.12)	Build pinned Float64 3D contact backend	2026-10-06T00:53:44.9986344Z       "tangent_velocity_norm_m_s": 8.23348901203799
checks (3.12)	Build pinned Float64 3D contact backend	2026-10-06T00:53:44.9986608Z     },
checks (3.12)	Build pinned Float64 3D contact backend	2026-10-06T00:53:44.9986769Z     {
checks (3.12)	Build pinned Float64 3D contact backend	2026-10-06T00:53:44.9986947Z       "friction_capacity": 0.0,
checks (3.12)	Build pinned Float64 3D contact backend	2026-10-06T00:53:44.9987180Z       "friction_support_gap_J": 0.0,
checks (3.12)	Build pinned Float64 3D contact backend	2026-10-06T00:53:44.9987428Z       "normal_impulse": 0.0,
checks (3.12)	Build pinned Float64 3D contact backend	2026-10-06T00:53:44.9987652Z       "normal_row": 85,
checks (3.12)	Build pinned Float64 3D contact backend	2026-10-06T00:53:44.9987871Z       "normal_velocity_m_s": 2496.677000097704,
checks (3.12)	Build pinned Float64 3D contact backend	2026-10-06T00:53:44.9988138Z       "tangent_impulse_norm": 0.0,
checks (3.12)	Build pinned Float64 3D contact backend	2026-10-06T00:53:44.9988407Z       "tangent_velocity_norm_m_s": 2.6361664648984493
checks (3.12)	Build pinned Float64 3D contact backend	2026-10-06T00:53:44.9988673Z     },
checks (3.12)	Build pinned Float64 3D contact backend	2026-10-06T00:53:44.9988836Z     {
checks (3.12)	Build pinned Float64 3D contact backend	2026-10-06T00:53:44.9989017Z       "friction_capacity": 0.0,
checks (3.12)	Build pinned Float64 3D contact backend	2026-10-06T00:53:44.9989252Z       "friction_support_gap_J": 0.0,
checks (3.12)	Build pinned Float64 3D contact backend	2026-10-06T00:53:44.9989499Z       "normal_impulse": 0.0,
checks (3.12)	Build pinned Float64 3D contact backend	2026-10-06T00:53:44.9989726Z       "normal_row": 86,
checks (3.12)	Build pinned Float64 3D contact backend	2026-10-06T00:53:44.9989944Z       "normal_velocity_m_s": 428.2194873866262,
checks (3.12)	Build pinned Float64 3D contact backend	2026-10-06T00:53:44.9990214Z       "tangent_impulse_norm": 0.0,
checks (3.12)	Build pinned Float64 3D contact backend	2026-10-06T00:53:44.9990482Z       "tangent_velocity_norm_m_s": 2.9485802230328173
checks (3.12)	Build pinned Float64 3D contact backend	2026-10-06T00:53:44.9990749Z     },
checks (3.12)	Build pinned Float64 3D contact backend	2026-10-06T00:53:44.9990910Z     {
checks (3.12)	Build pinned Float64 3D contact backend	2026-10-06T00:53:44.9991087Z       "friction_capacity": 0.0,
checks (3.12)	Build pinned Float64 3D contact backend	2026-10-06T00:53:44.9991324Z       "friction_support_gap_J": 0.0,
checks (3.12)	Build pinned Float64 3D contact backend	2026-10-06T00:53:44.9991974Z       "normal_impulse": 0.0,
checks (3.12)	Build pinned Float64 3D contact backend	2026-10-06T00:53:44.9992205Z       "normal_row": 87,
checks (3.12)	Build pinned Float64 3D contact backend	2026-10-06T00:53:44.9992426Z       "normal_velocity_m_s": 663.2883349270212,
checks (3.12)	Build pinned Float64 3D contact backend	2026-10-06T00:53:44.9992698Z       "tangent_impulse_norm": 0.0,
checks (3.12)	Build pinned Float64 3D contact backend	2026-10-06T00:53:44.9992960Z       "tangent_velocity_norm_m_s": 3.2387466978425268
checks (3.12)	Build pinned Float64 3D contact backend	2026-10-06T00:53:44.9993224Z     },
checks (3.12)	Build pinned Float64 3D contact backend	2026-10-06T00:53:44.9993394Z     {
checks (3.12)	Build pinned Float64 3D contact backend	2026-10-06T00:53:44.9993570Z       "friction_capacity": 0.0,
checks (3.12)	Build pinned Float64 3D contact backend	2026-10-06T00:53:44.9993803Z       "friction_support_gap_J": 0.0,
checks (3.12)	Build pinned Float64 3D contact backend	2026-10-06T00:53:44.9994046Z       "normal_impulse": 0.0,
checks (3.12)	Build pinned Float64 3D contact backend	2026-10-06T00:53:44.9994267Z       "normal_row": 88,
checks (3.12)	Build pinned Float64 3D contact backend	2026-10-06T00:53:44.9994490Z       "normal_velocity_m_s": 162.61443863648697,
checks (3.12)	Build pinned Float64 3D contact backend	2026-10-06T00:53:44.9994765Z       "tangent_impulse_norm": 0.0,
checks (3.12)	Build pinned Float64 3D contact backend	2026-10-06T00:53:44.9995034Z       "tangent_velocity_norm_m_s": 6.476895637571985
checks (3.12)	Build pinned Float64 3D contact backend	2026-10-06T00:53:44.9995299Z     },
checks (3.12)	Build pinned Float64 3D contact backend	2026-10-06T00:53:44.9995460Z     {
checks (3.12)	Build pinned Float64 3D contact backend	2026-10-06T00:53:44.9995637Z       "friction_capacity": 0.0,
checks (3.12)	Build pinned Float64 3D contact backend	2026-10-06T00:53:44.9995877Z       "friction_support_gap_J": 0.0,
checks (3.12)	Build pinned Float64 3D contact backend	2026-10-06T00:53:44.9996126Z       "normal_impulse": 0.0,
checks (3.12)	Build pinned Float64 3D contact backend	2026-10-06T00:53:44.9996346Z       "normal_row": 89,
checks (3.12)	Build pinned Float64 3D contact backend	2026-10-06T00:53:44.9996566Z       "normal_velocity_m_s": 518.2728277383503,
checks (3.12)	Build pinned Float64 3D contact backend	2026-10-06T00:53:44.9996836Z       "tangent_impulse_norm": 0.0,
checks (3.12)	Build pinned Float64 3D contact backend	2026-10-06T00:53:44.9997102Z       "tangent_velocity_norm_m_s": 2.257649143344351
checks (3.12)	Build pinned Float64 3D contact backend	2026-10-06T00:53:44.9997368Z     },
checks (3.12)	Build pinned Float64 3D contact backend	2026-10-06T00:53:44.9997537Z     {
checks (3.12)	Build pinned Float64 3D contact backend	2026-10-06T00:53:44.9997729Z       "friction_capacity": 0.009178006987700547,
checks (3.12)	Build pinned Float64 3D contact backend	2026-10-06T00:53:44.9998028Z       "friction_support_gap_J": 2.5153490401663703e-17,
checks (3.12)	Build pinned Float64 3D contact backend	2026-10-06T00:53:44.9998330Z       "normal_impulse": 0.022945017469251365,
checks (3.12)	Build pinned Float64 3D contact backend	2026-10-06T00:53:44.9998605Z       "normal_row": 90,
checks (3.12)	Build pinned Float64 3D contact backend	2026-10-06T00:53:44.9998855Z       "normal_velocity_m_s": -5.134781488891349e-16,
checks (3.12)	Build pinned Float64 3D contact backend	2026-10-06T00:53:44.9999162Z       "tangent_impulse_norm": 0.009178006987700516,
checks (3.12)	Build pinned Float64 3D contact backend	2026-10-06T00:53:44.9999469Z       "tangent_velocity_norm_m_s": 0.7957483673851893
checks (3.12)	Build pinned Float64 3D contact backend	2026-10-06T00:53:44.9999740Z     },
checks (3.12)	Build pinned Float64 3D contact backend	2026-10-06T00:53:44.9999917Z     {
checks (3.12)	Build pinned Float64 3D contact backend	2026-10-06T00:53:45.0000121Z       "friction_capacity": 0.02025079047258022,
checks (3.12)	Build pinned Float64 3D contact backend	2026-10-06T00:53:45.0000422Z       "friction_support_gap_J": 2.42861286636753e-17,
checks (3.12)	Build pinned Float64 3D contact backend	2026-10-06T00:53:45.0000718Z       "normal_impulse": 0.050626976181450546,
checks (3.12)	Build pinned Float64 3D contact backend	2026-10-06T00:53:45.0000984Z       "normal_row": 91,
checks (3.12)	Build pinned Float64 3D contact backend	2026-10-06T00:53:45.0001219Z       "normal_velocity_m_s": -9.332812300755222e-16,
checks (3.12)	Build pinned Float64 3D contact backend	2026-10-06T00:53:45.0001798Z       "tangent_impulse_norm": 0.020250790472580202,
checks (3.12)	Build pinned Float64 3D contact backend	2026-10-06T00:53:45.0002106Z       "tangent_velocity_norm_m_s": 1.4831877563082385
checks (3.12)	Build pinned Float64 3D contact backend	2026-10-06T00:53:45.0002368Z     },
checks (3.12)	Build pinned Float64 3D contact backend	2026-10-06T00:53:45.0002534Z     {
checks (3.12)	Build pinned Float64 3D contact backend	2026-10-06T00:53:45.0002716Z       "friction_capacity": 0.0,
checks (3.12)	Build pinned Float64 3D contact backend	2026-10-06T00:53:45.0002962Z       "friction_support_gap_J": 0.0,
checks (3.12)	Build pinned Float64 3D contact backend	2026-10-06T00:53:45.0003213Z       "normal_impulse": 0.0,
checks (3.12)	Build pinned Float64 3D contact backend	2026-10-06T00:53:45.0003437Z       "normal_row": 92,
checks (3.12)	Build pinned Float64 3D contact backend	2026-10-06T00:53:45.0003668Z       "normal_velocity_m_s": 0.08252866143140625,
checks (3.12)	Build pinned Float64 3D contact backend	2026-10-06T00:53:45.0003948Z       "tangent_impulse_norm": 0.0,
checks (3.12)	Build pinned Float64 3D contact backend	2026-10-06T00:53:45.0013805Z       "tangent_velocity_norm_m_s": 1.0494848873266522
checks (3.12)	Build pinned Float64 3D contact backend	2026-10-06T00:53:45.0014177Z     },
checks (3.12)	Build pinned Float64 3D contact backend	2026-10-06T00:53:45.0014355Z     {
checks (3.12)	Build pinned Float64 3D contact backend	2026-10-06T00:53:45.0014549Z       "friction_capacity": 0.0,
checks (3.12)	Build pinned Float64 3D contact backend	2026-10-06T00:53:45.0014821Z       "friction_support_gap_J": 0.0,
checks (3.12)	Build pinned Float64 3D contact backend	2026-10-06T00:53:45.0015090Z       "normal_impulse": 0.0,
checks (3.12)	Build pinned Float64 3D contact backend	2026-10-06T00:53:45.0015321Z       "normal_row": 93,
checks (3.12)	Build pinned Float64 3D contact backend	2026-10-06T00:53:45.0015568Z       "normal_velocity_m_s": 16.035701424633885,
checks (3.12)	Build pinned Float64 3D contact backend	2026-10-06T00:53:45.0015855Z       "tangent_impulse_norm": 0.0,
checks (3.12)	Build pinned Float64 3D contact backend	2026-10-06T00:53:45.0016137Z       "tangent_velocity_norm_m_s": 2.0042214320023275
checks (3.12)	Build pinned Float64 3D contact backend	2026-10-06T00:53:45.0016409Z     },
checks (3.12)	Build pinned Float64 3D contact backend	2026-10-06T00:53:45.0016577Z     {
checks (3.12)	Build pinned Float64 3D contact backend	2026-10-06T00:53:45.0016773Z       "friction_capacity": 0.011958094276057119,
checks (3.12)	Build pinned Float64 3D contact backend	2026-10-06T00:53:45.0017082Z       "friction_support_gap_J": 1.2559304513182098e-13,
checks (3.12)	Build pinned Float64 3D contact backend	2026-10-06T00:53:45.0017396Z       "normal_impulse": 0.029895235690142796,
checks (3.12)	Build pinned Float64 3D contact backend	2026-10-06T00:53:45.0017662Z       "normal_row": 94,
checks (3.12)	Build pinned Float64 3D contact backend	2026-10-06T00:53:45.0017899Z       "normal_velocity_m_s": 4.897661205630413e-10,
checks (3.12)	Build pinned Float64 3D contact backend	2026-10-06T00:53:45.0018389Z       "tangent_impulse_norm": 0.011958094276057103,
checks (3.12)	Build pinned Float64 3D contact backend	2026-10-06T00:53:45.0018702Z       "tangent_velocity_norm_m_s": 6.164194349975936e-10
checks (3.12)	Build pinned Float64 3D contact backend	2026-10-06T00:53:45.0018982Z     },
checks (3.12)	Build pinned Float64 3D contact backend	2026-10-06T00:53:45.0019150Z     {
checks (3.12)	Build pinned Float64 3D contact backend	2026-10-06T00:53:45.0019343Z       "friction_capacity": 0.018983808124918667,
checks (3.12)	Build pinned Float64 3D contact backend	2026-10-06T00:53:45.0019654Z       "friction_support_gap_J": 6.369144231929154e-12,
checks (3.12)	Build pinned Float64 3D contact backend	2026-10-06T00:53:45.0019951Z       "normal_impulse": 0.047459520312296666,
checks (3.12)	Build pinned Float64 3D contact backend	2026-10-06T00:53:45.0020218Z       "normal_row": 95,
checks (3.12)	Build pinned Float64 3D contact backend	2026-10-06T00:53:45.0020452Z       "normal_velocity_m_s": 4.058258687216973e-09,
checks (3.12)	Build pinned Float64 3D contact backend	2026-10-06T00:53:45.0020745Z       "tangent_impulse_norm": 0.011645685355785959,
checks (3.12)	Build pinned Float64 3D contact backend	2026-10-06T00:53:45.0021049Z       "tangent_velocity_norm_m_s": 5.999624737993722e-10
checks (3.12)	Build pinned Float64 3D contact backend	2026-10-06T00:53:45.0021322Z     },
checks (3.12)	Build pinned Float64 3D contact backend	2026-10-06T00:53:45.0021485Z     {
checks (3.12)	Build pinned Float64 3D contact backend	2026-10-06T00:53:45.0021964Z       "friction_capacity": 6.015761766122928e-07,
checks (3.12)	Build pinned Float64 3D contact backend	2026-10-06T00:53:45.0022287Z       "friction_support_gap_J": 6.733535101565164e-17,
checks (3.12)	Build pinned Float64 3D contact backend	2026-10-06T00:53:45.0022595Z       "normal_impulse": 1.5039404415307318e-06,
checks (3.12)	Build pinned Float64 3D contact backend	2026-10-06T00:53:45.0022862Z       "normal_row": 96,
checks (3.12)	Build pinned Float64 3D contact backend	2026-10-06T00:53:45.0023103Z       "normal_velocity_m_s": 7.663405346500923e-10,
checks (3.12)	Build pinned Float64 3D contact backend	2026-10-06T00:53:45.0023406Z       "tangent_impulse_norm": 6.015761766122917e-07,
checks (3.12)	Build pinned Float64 3D contact backend	2026-10-06T00:53:45.0023719Z       "tangent_velocity_norm_m_s": 5.612601777262107e-10
checks (3.12)	Build pinned Float64 3D contact backend	2026-10-06T00:53:45.0023993Z     },
checks (3.12)	Build pinned Float64 3D contact backend	2026-10-06T00:53:45.0024162Z     {
checks (3.12)	Build pinned Float64 3D contact backend	2026-10-06T00:53:45.0024362Z       "friction_capacity": 0.0006764942874092328,
checks (3.12)	Build pinned Float64 3D contact backend	2026-10-06T00:53:45.0024671Z       "friction_support_gap_J": 1.9689968194316455e-27,
checks (3.12)	Build pinned Float64 3D contact backend	2026-10-06T00:53:45.0024972Z       "normal_impulse": 0.0016912357185230819,
checks (3.12)	Build pinned Float64 3D contact backend	2026-10-06T00:53:45.0025234Z       "normal_row": 97,
checks (3.12)	Build pinned Float64 3D contact backend	2026-10-06T00:53:45.0025474Z       "normal_velocity_m_s": -5.519893815034843e-10,
checks (3.12)	Build pinned Float64 3D contact backend	2026-10-06T00:53:45.0025781Z       "tangent_impulse_norm": 0.0006764942874092321,
checks (3.12)	Build pinned Float64 3D contact backend	2026-10-06T00:53:45.0026089Z       "tangent_velocity_norm_m_s": 5.635054688069111e-10
checks (3.12)	Build pinned Float64 3D contact backend	2026-10-06T00:53:45.0026364Z     },
checks (3.12)	Build pinned Float64 3D contact backend	2026-10-06T00:53:45.0026527Z     {
checks (3.12)	Build pinned Float64 3D contact backend	2026-10-06T00:53:45.0026718Z       "friction_capacity": 0.0017588302963705985,
checks (3.12)	Build pinned Float64 3D contact backend	2026-10-06T00:53:45.0027019Z       "friction_support_gap_J": 1.3010426069826053e-18,
checks (3.12)	Build pinned Float64 3D contact backend	2026-10-06T00:53:45.0027314Z       "normal_impulse": 0.004397075740926496,
checks (3.12)	Build pinned Float64 3D contact backend	2026-10-06T00:53:45.0027575Z       "normal_row": 98,
checks (3.12)	Build pinned Float64 3D contact backend	2026-10-06T00:53:45.0027945Z       "normal_velocity_m_s": -6.938893903907228e-18,
checks (3.12)	Build pinned Float64 3D contact backend	2026-10-06T00:53:45.0028243Z       "tangent_impulse_norm": 0.0017588302963705974,
checks (3.12)	Build pinned Float64 3D contact backend	2026-10-06T00:53:45.0028547Z       "tangent_velocity_norm_m_s": 1.3686720797989123
checks (3.12)	Build pinned Float64 3D contact backend	2026-10-06T00:53:45.0028812Z     },
checks (3.12)	Build pinned Float64 3D contact backend	2026-10-06T00:53:45.0028974Z     {
checks (3.12)	Build pinned Float64 3D contact backend	2026-10-06T00:53:45.0029174Z       "friction_capacity": 1.7666290040342675e-05,
checks (3.12)	Build pinned Float64 3D contact backend	2026-10-06T00:53:45.0029482Z       "friction_support_gap_J": 1.2874900798265365e-19,
checks (3.12)	Build pinned Float64 3D contact backend	2026-10-06T00:53:45.0029782Z       "normal_impulse": 4.4165725100856685e-05,
checks (3.12)	Build pinned Float64 3D contact backend	2026-10-06T00:53:45.0030051Z       "normal_row": 99,
checks (3.12)	Build pinned Float64 3D contact backend	2026-10-06T00:53:45.0030279Z       "normal_velocity_m_s": 6.776263578034403e-21,
checks (3.12)	Build pinned Float64 3D contact backend	2026-10-06T00:53:45.0030587Z       "tangent_impulse_norm": 1.7666290040342627e-05,
checks (3.12)	Build pinned Float64 3D contact backend	2026-10-06T00:53:45.0030894Z       "tangent_velocity_norm_m_s": 2.8957476596243525
checks (3.12)	Build pinned Float64 3D contact backend	2026-10-06T00:53:45.0031159Z     },
checks (3.12)	Build pinned Float64 3D contact backend	2026-10-06T00:53:45.0031320Z     {
checks (3.12)	Build pinned Float64 3D contact backend	2026-10-06T00:53:45.0031505Z       "friction_capacity": 0.0,
checks (3.12)	Build pinned Float64 3D contact backend	2026-10-06T00:53:45.0032015Z       "friction_support_gap_J": 0.0,
checks (3.12)	Build pinned Float64 3D contact backend	2026-10-06T00:53:45.0032289Z       "normal_impulse": 0.0,
checks (3.12)	Build pinned Float64 3D contact backend	2026-10-06T00:53:45.0032518Z       "normal_row": 100,
checks (3.12)	Build pinned Float64 3D contact backend	2026-10-06T00:53:45.0032751Z       "normal_velocity_m_s": 180.81381801139992,
checks (3.12)	Build pinned Float64 3D contact backend	2026-10-06T00:53:45.0033037Z       "tangent_impulse_norm": 0.0,
checks (3.12)	Build pinned Float64 3D contact backend	2026-10-06T00:53:45.0033308Z       "tangent_velocity_norm_m_s": 1.9851102365318831
checks (3.12)	Build pinned Float64 3D contact backend	2026-10-06T00:53:45.0033579Z     },
checks (3.12)	Build pinned Float64 3D contact backend	2026-10-06T00:53:45.0033749Z     {
checks (3.12)	Build pinned Float64 3D contact backend	2026-10-06T00:53:45.0033941Z       "friction_capacity": 4.491043198721625e-06,
checks (3.12)	Build pinned Float64 3D contact backend	2026-10-06T00:53:45.0034265Z       "friction_support_gap_J": 3.3881317890172014e-21,
checks (3.12)	Build pinned Float64 3D contact backend	2026-10-06T00:53:45.0034571Z       "normal_impulse": 1.1227607996804061e-05,
checks (3.12)	Build pinned Float64 3D contact backend	2026-10-06T00:53:45.0035003Z       "normal_row": 101,
checks (3.12)	Build pinned Float64 3D contact backend	2026-10-06T00:53:45.0035236Z       "normal_velocity_m_s": 2.964615315390051e-21,
checks (3.12)	Build pinned Float64 3D contact backend	2026-10-06T00:53:45.0035529Z       "tangent_impulse_norm": 4.491043198721624e-06,
checks (3.12)	Build pinned Float64 3D contact backend	2026-10-06T00:53:45.0035827Z       "tangent_velocity_norm_m_s": 4.899491823927168
checks (3.12)	Build pinned Float64 3D contact backend	2026-10-06T00:53:45.0036092Z     },
checks (3.12)	Build pinned Float64 3D contact backend	2026-10-06T00:53:45.0036261Z     {
checks (3.12)	Build pinned Float64 3D contact backend	2026-10-06T00:53:45.0036447Z       "friction_capacity": 0.0,
checks (3.12)	Build pinned Float64 3D contact backend	2026-10-06T00:53:45.0036692Z       "friction_support_gap_J": 0.0,
checks (3.12)	Build pinned Float64 3D contact backend	2026-10-06T00:53:45.0036946Z       "normal_impulse": 0.0,
checks (3.12)	Build pinned Float64 3D contact backend	2026-10-06T00:53:45.0037169Z       "normal_row": 102,
checks (3.12)	Build pinned Float64 3D contact backend	2026-10-06T00:53:45.0037396Z       "normal_velocity_m_s": 83.68432319698891,
checks (3.12)	Build pinned Float64 3D contact backend	2026-10-06T00:53:45.0037670Z       "tangent_impulse_norm": 0.0,
checks (3.12)	Build pinned Float64 3D contact backend	2026-10-06T00:53:45.0037948Z       "tangent_velocity_norm_m_s": 0.24166577876431922
checks (3.12)	Build pinned Float64 3D contact backend	2026-10-06T00:53:45.0038221Z     },
checks (3.12)	Build pinned Float64 3D contact backend	2026-10-06T00:53:45.0038384Z     {
checks (3.12)	Build pinned Float64 3D contact backend	2026-10-06T00:53:45.0038579Z       "friction_capacity": 5.40124120916175e-05,
checks (3.12)	Build pinned Float64 3D contact backend	2026-10-06T00:53:45.0038880Z       "friction_support_gap_J": 5.963111948670274e-19,
checks (3.12)	Build pinned Float64 3D contact backend	2026-10-06T00:53:45.0039184Z       "normal_impulse": 0.00013503103022904374,
checks (3.12)	Build pinned Float64 3D contact backend	2026-10-06T00:53:45.0039445Z       "normal_row": 103,
checks (3.12)	Build pinned Float64 3D contact backend	2026-10-06T00:53:45.0039679Z       "normal_velocity_m_s": -6.776263578034403e-20,
checks (3.12)	Build pinned Float64 3D contact backend	2026-10-06T00:53:45.0039980Z       "tangent_impulse_norm": 5.401241209161742e-05,
checks (3.12)	Build pinned Float64 3D contact backend	2026-10-06T00:53:45.0040284Z       "tangent_velocity_norm_m_s": 8.318968309723065
checks (3.12)	Build pinned Float64 3D contact backend	2026-10-06T00:53:45.0040546Z     },
checks (3.12)	Build pinned Float64 3D contact backend	2026-10-06T00:53:45.0040707Z     {
checks (3.12)	Build pinned Float64 3D contact backend	2026-10-06T00:53:45.0040887Z       "friction_capacity": 0.0,
checks (3.12)	Build pinned Float64 3D contact backend	2026-10-06T00:53:45.0041127Z       "friction_support_gap_J": 0.0,
checks (3.12)	Build pinned Float64 3D contact backend	2026-10-06T00:53:45.0041379Z       "normal_impulse": 0.0,
checks (3.12)	Build pinned Float64 3D contact backend	2026-10-06T00:53:45.0041608Z       "normal_row": 104,
checks (3.12)	Build pinned Float64 3D contact backend	2026-10-06T00:53:45.0042038Z       "normal_velocity_m_s": 0.8963161596597217,
checks (3.12)	Build pinned Float64 3D contact backend	2026-10-06T00:53:45.0042317Z       "tangent_impulse_norm": 0.0,
checks (3.12)	Build pinned Float64 3D contact backend	2026-10-06T00:53:45.0042585Z       "tangent_velocity_norm_m_s": 0.19407122580069164
checks (3.12)	Build pinned Float64 3D contact backend	2026-10-06T00:53:45.0042850Z     },
checks (3.12)	Build pinned Float64 3D contact backend	2026-10-06T00:53:45.0043020Z     {
checks (3.12)	Build pinned Float64 3D contact backend	2026-10-06T00:53:45.0043198Z       "friction_capacity": 0.0,
checks (3.12)	Build pinned Float64 3D contact backend	2026-10-06T00:53:45.0043442Z       "friction_support_gap_J": 0.0,
checks (3.12)	Build pinned Float64 3D contact backend	2026-10-06T00:53:45.0043698Z       "normal_impulse": 0.0,
checks (3.12)	Build pinned Float64 3D contact backend	2026-10-06T00:53:45.0043930Z       "normal_row": 105,
checks (3.12)	Build pinned Float64 3D contact backend	2026-10-06T00:53:45.0044175Z       "normal_velocity_m_s": 2417.8541228707895,
checks (3.12)	Build pinned Float64 3D contact backend	2026-10-06T00:53:45.0044458Z       "tangent_impulse_norm": 0.0,
checks (3.12)	Build pinned Float64 3D contact backend	2026-10-06T00:53:45.0044863Z       "tangent_velocity_norm_m_s": 3.0674929076346573
checks (3.12)	Build pinned Float64 3D contact backend	2026-10-06T00:53:45.0045139Z     },
checks (3.12)	Build pinned Float64 3D contact backend	2026-10-06T00:53:45.0045305Z     {
checks (3.12)	Build pinned Float64 3D contact backend	2026-10-06T00:53:45.0045489Z       "friction_capacity": 0.0,
checks (3.12)	Build pinned Float64 3D contact backend	2026-10-06T00:53:45.0045733Z       "friction_support_gap_J": 0.0,
checks (3.12)	Build pinned Float64 3D contact backend	2026-10-06T00:53:45.0045987Z       "normal_impulse": 0.0,
checks (3.12)	Build pinned Float64 3D contact backend	2026-10-06T00:53:45.0046212Z       "normal_row": 106,
checks (3.12)	Build pinned Float64 3D contact backend	2026-10-06T00:53:45.0046445Z       "normal_velocity_m_s": 618.0807213979389,
checks (3.12)	Build pinned Float64 3D contact backend	2026-10-06T00:53:45.0046723Z       "tangent_impulse_norm": 0.0,
checks (3.12)	Build pinned Float64 3D contact backend	2026-10-06T00:53:45.0046997Z       "tangent_velocity_norm_m_s": 2.8623774935880757
checks (3.12)	Build pinned Float64 3D contact backend	2026-10-06T00:53:45.0047268Z     },
checks (3.12)	Build pinned Float64 3D contact backend	2026-10-06T00:53:45.0047432Z     {
checks (3.12)	Build pinned Float64 3D contact backend	2026-10-06T00:53:45.0047611Z       "friction_capacity": 0.0,
checks (3.12)	Build pinned Float64 3D contact backend	2026-10-06T00:53:45.0047852Z       "friction_support_gap_J": 0.0,
checks (3.12)	Build pinned Float64 3D contact backend	2026-10-06T00:53:45.0048102Z       "normal_impulse": 0.0,
checks (3.12)	Build pinned Float64 3D contact backend	2026-10-06T00:53:45.0048325Z       "normal_row": 107,
checks (3.12)	Build pinned Float64 3D contact backend	2026-10-06T00:53:45.0048551Z       "normal_velocity_m_s": 168.1079571344023,
checks (3.12)	Build pinned Float64 3D contact backend	2026-10-06T00:53:45.0048830Z       "tangent_impulse_norm": 0.0,
checks (3.12)	Build pinned Float64 3D contact backend	2026-10-06T00:53:45.0049100Z       "tangent_velocity_norm_m_s": 1.243998286888675
checks (3.12)	Build pinned Float64 3D contact backend	2026-10-06T00:53:45.0049373Z     },
checks (3.12)	Build pinned Float64 3D contact backend	2026-10-06T00:53:45.0049535Z     {
checks (3.12)	Build pinned Float64 3D contact backend	2026-10-06T00:53:45.0049715Z       "friction_capacity": 0.0,
checks (3.12)	Build pinned Float64 3D contact backend	2026-10-06T00:53:45.0049950Z       "friction_support_gap_J": 0.0,
checks (3.12)	Build pinned Float64 3D contact backend	2026-10-06T00:53:45.0050198Z       "normal_impulse": 0.0,
checks (3.12)	Build pinned Float64 3D contact backend	2026-10-06T00:53:45.0050420Z       "normal_row": 108,
checks (3.12)	Build pinned Float64 3D contact backend	2026-10-06T00:53:45.0050656Z       "normal_velocity_m_s": 82.49188399353518,
checks (3.12)	Build pinned Float64 3D contact backend	2026-10-06T00:53:45.0050929Z       "tangent_impulse_norm": 0.0,
checks (3.12)	Build pinned Float64 3D contact backend	2026-10-06T00:53:45.0051194Z       "tangent_velocity_norm_m_s": 4.99482993297122
checks (3.12)	Build pinned Float64 3D contact backend	2026-10-06T00:53:45.0051597Z     },
checks (3.12)	Build pinned Float64 3D contact backend	2026-10-06T00:53:45.0051910Z     {
checks (3.12)	Build pinned Float64 3D contact backend	2026-10-06T00:53:45.0052088Z       "friction_capacity": 0.0,
checks (3.12)	Build pinned Float64 3D contact backend	2026-10-06T00:53:45.0052321Z       "friction_support_gap_J": 0.0,
checks (3.12)	Build pinned Float64 3D contact backend	2026-10-06T00:53:45.0052563Z       "normal_impulse": 0.0,
checks (3.12)	Build pinned Float64 3D contact backend	2026-10-06T00:53:45.0052782Z       "normal_row": 109,
checks (3.12)	Build pinned Float64 3D contact backend	2026-10-06T00:53:45.0053004Z       "normal_velocity_m_s": 34.42442000212609,
checks (3.12)	Build pinned Float64 3D contact backend	2026-10-06T00:53:45.0053285Z       "tangent_impulse_norm": 0.0,
checks (3.12)	Build pinned Float64 3D contact backend	2026-10-06T00:53:45.0053549Z       "tangent_velocity_norm_m_s": 4.878529721153629
checks (3.12)	Build pinned Float64 3D contact backend	2026-10-06T00:53:45.0053814Z     },
checks (3.12)	Build pinned Float64 3D contact backend	2026-10-06T00:53:45.0053974Z     {
checks (3.12)	Build pinned Float64 3D contact backend	2026-10-06T00:53:45.0054152Z       "friction_capacity": 0.0,
checks (3.12)	Build pinned Float64 3D contact backend	2026-10-06T00:53:45.0054383Z       "friction_support_gap_J": 0.0,
checks (3.12)	Build pinned Float64 3D contact backend	2026-10-06T00:53:45.0054625Z       "normal_impulse": 0.0,
checks (3.12)	Build pinned Float64 3D contact backend	2026-10-06T00:53:45.0054843Z       "normal_row": 110,
checks (3.12)	Build pinned Float64 3D contact backend	2026-10-06T00:53:45.0055061Z       "normal_velocity_m_s": 3.225593229679443,
checks (3.12)	Build pinned Float64 3D contact backend	2026-10-06T00:53:45.0055332Z       "tangent_impulse_norm": 0.0,
checks (3.12)	Build pinned Float64 3D contact backend	2026-10-06T00:53:45.0055603Z       "tangent_velocity_norm_m_s": 4.7585431170829136
checks (3.12)	Build pinned Float64 3D contact backend	2026-10-06T00:53:45.0055877Z     },
checks (3.12)	Build pinned Float64 3D contact backend	2026-10-06T00:53:45.0056039Z     {
checks (3.12)	Build pinned Float64 3D contact backend	2026-10-06T00:53:45.0056239Z       "friction_capacity": 3.5367369650886095e-06,
checks (3.12)	Build pinned Float64 3D contact backend	2026-10-06T00:53:45.0056553Z       "friction_support_gap_J": 5.082197683525802e-20,
checks (3.12)	Build pinned Float64 3D contact backend	2026-10-06T00:53:45.0056856Z       "normal_impulse": 8.841842412721524e-06,
checks (3.12)	Build pinned Float64 3D contact backend	2026-10-06T00:53:45.0057131Z       "normal_row": 111,
checks (3.12)	Build pinned Float64 3D contact backend	2026-10-06T00:53:45.0057367Z       "normal_velocity_m_s": 6.078123141039647e-21,
checks (3.12)	Build pinned Float64 3D contact backend	2026-10-06T00:53:45.0057672Z       "tangent_impulse_norm": 3.5367369650885985e-06,
checks (3.12)	Build pinned Float64 3D contact backend	2026-10-06T00:53:45.0057972Z       "tangent_velocity_norm_m_s": 4.608054925211701
checks (3.12)	Build pinned Float64 3D contact backend	2026-10-06T00:53:45.0058238Z     },
checks (3.12)	Build pinned Float64 3D contact backend	2026-10-06T00:53:45.0058398Z     {
checks (3.12)	Build pinned Float64 3D contact backend	2026-10-06T00:53:45.0058576Z       "friction_capacity": 0.0,
checks (3.12)	Build pinned Float64 3D contact backend	2026-10-06T00:53:45.0058814Z       "friction_support_gap_J": 0.0,
checks (3.12)	Build pinned Float64 3D contact backend	2026-10-06T00:53:45.0059062Z       "normal_impulse": 0.0,
checks (3.12)	Build pinned Float64 3D contact backend	2026-10-06T00:53:45.0059281Z       "normal_row": 112,
checks (3.12)	Build pinned Float64 3D contact backend	2026-10-06T00:53:45.0059507Z       "normal_velocity_m_s": 342.99891443640433,
checks (3.12)	Build pinned Float64 3D contact backend	2026-10-06T00:53:45.0059784Z       "tangent_impulse_norm": 0.0,
checks (3.12)	Build pinned Float64 3D contact backend	2026-10-06T00:53:45.0060047Z       "tangent_velocity_norm_m_s": 2.3200521880526166
checks (3.12)	Build pinned Float64 3D contact backend	2026-10-06T00:53:45.0060310Z     },
checks (3.12)	Build pinned Float64 3D contact backend	2026-10-06T00:53:45.0060469Z     {
checks (3.12)	Build pinned Float64 3D contact backend	2026-10-06T00:53:45.0060652Z       "friction_capacity": 0.0,
checks (3.12)	Build pinned Float64 3D contact backend	2026-10-06T00:53:45.0060889Z       "friction_support_gap_J": 0.0,
checks (3.12)	Build pinned Float64 3D contact backend	2026-10-06T00:53:45.0061097Z       "normal_impulse": 0.0,
checks (3.12)	Build pinned Float64 3D contact backend	2026-10-06T00:53:45.0061183Z       "normal_row": 113,
checks (3.12)	Build pinned Float64 3D contact backend	2026-10-06T00:53:45.0061280Z       "normal_velocity_m_s": 93.23823325957035,
checks (3.12)	Build pinned Float64 3D contact backend	2026-10-06T00:53:45.0061373Z       "tangent_impulse_norm": 0.0,
checks (3.12)	Build pinned Float64 3D contact backend	2026-10-06T00:53:45.0061481Z       "tangent_velocity_norm_m_s": 2.0312367639894533
checks (3.12)	Build pinned Float64 3D contact backend	2026-10-06T00:53:45.0061556Z     },
checks (3.12)	Build pinned Float64 3D contact backend	2026-10-06T00:53:45.0061742Z     {
checks (3.12)	Build pinned Float64 3D contact backend	2026-10-06T00:53:45.0061845Z       "friction_capacity": 0.011906807576393282,
checks (3.12)	Build pinned Float64 3D contact backend	2026-10-06T00:53:45.0061964Z       "friction_support_gap_J": 7.632783294297951e-17,
checks (3.12)	Build pinned Float64 3D contact backend	2026-10-06T00:53:45.0062060Z       "normal_impulse": 0.029767018940983204,
checks (3.12)	Build pinned Float64 3D contact backend	2026-10-06T00:53:45.0062147Z       "normal_row": 114,
checks (3.12)	Build pinned Float64 3D contact backend	2026-10-06T00:53:45.0062256Z       "normal_velocity_m_s": -5.551115123125783e-17,
checks (3.12)	Build pinned Float64 3D contact backend	2026-10-06T00:53:45.0062366Z       "tangent_impulse_norm": 0.011906807576393248,
checks (3.12)	Build pinned Float64 3D contact backend	2026-10-06T00:53:45.0062476Z       "tangent_velocity_norm_m_s": 2.145079213515358
checks (3.12)	Build pinned Float64 3D contact backend	2026-10-06T00:53:45.0062544Z     },
checks (3.12)	Build pinned Float64 3D contact backend	2026-10-06T00:53:45.0062621Z     {
checks (3.12)	Build pinned Float64 3D contact backend	2026-10-06T00:53:45.0062707Z       "friction_capacity": 0.0,
checks (3.12)	Build pinned Float64 3D contact backend	2026-10-06T00:53:45.0062801Z       "friction_support_gap_J": 0.0,
checks (3.12)	Build pinned Float64 3D contact backend	2026-10-06T00:53:45.0062883Z       "normal_impulse": 0.0,
checks (3.12)	Build pinned Float64 3D contact backend	2026-10-06T00:53:45.0062965Z       "normal_row": 115,
checks (3.12)	Build pinned Float64 3D contact backend	2026-10-06T00:53:45.0063061Z       "normal_velocity_m_s": 316.60926684992916,
checks (3.12)	Build pinned Float64 3D contact backend	2026-10-06T00:53:45.0063153Z       "tangent_impulse_norm": 0.0,
checks (3.12)	Build pinned Float64 3D contact backend	2026-10-06T00:53:45.0063265Z       "tangent_velocity_norm_m_s": 1.4863447606504243
checks (3.12)	Build pinned Float64 3D contact backend	2026-10-06T00:53:45.0063333Z     },
checks (3.12)	Build pinned Float64 3D contact backend	2026-10-06T00:53:45.0063405Z     {
checks (3.12)	Build pinned Float64 3D contact backend	2026-10-06T00:53:45.0063488Z       "friction_capacity": 0.0,
checks (3.12)	Build pinned Float64 3D contact backend	2026-10-06T00:53:45.0063582Z       "friction_support_gap_J": 0.0,
checks (3.12)	Build pinned Float64 3D contact backend	2026-10-06T00:53:45.0063786Z       "normal_impulse": 0.0,
checks (3.12)	Build pinned Float64 3D contact backend	2026-10-06T00:53:45.0063871Z       "normal_row": 116,
checks (3.12)	Build pinned Float64 3D contact backend	2026-10-06T00:53:45.0063971Z       "normal_velocity_m_s": 752.7036099555659,
checks (3.12)	Build pinned Float64 3D contact backend	2026-10-06T00:53:45.0064060Z       "tangent_impulse_norm": 0.0,
checks (3.12)	Build pinned Float64 3D contact backend	2026-10-06T00:53:45.0064169Z       "tangent_velocity_norm_m_s": 6.864633215973881
checks (3.12)	Build pinned Float64 3D contact backend	2026-10-06T00:53:45.0064242Z     },
checks (3.12)	Build pinned Float64 3D contact backend	2026-10-06T00:53:45.0064314Z     {
checks (3.12)	Build pinned Float64 3D contact backend	2026-10-06T00:53:45.0064397Z       "friction_capacity": 0.0,
checks (3.12)	Build pinned Float64 3D contact backend	2026-10-06T00:53:45.0064489Z       "friction_support_gap_J": 0.0,
checks (3.12)	Build pinned Float64 3D contact backend	2026-10-06T00:53:45.0064572Z       "normal_impulse": 0.0,
checks (3.12)	Build pinned Float64 3D contact backend	2026-10-06T00:53:45.0064654Z       "normal_row": 117,
checks (3.12)	Build pinned Float64 3D contact backend	2026-10-06T00:53:45.0064754Z       "normal_velocity_m_s": 89.5873970649092,
checks (3.12)	Build pinned Float64 3D contact backend	2026-10-06T00:53:45.0064840Z       "tangent_impulse_norm": 0.0,
checks (3.12)	Build pinned Float64 3D contact backend	2026-10-06T00:53:45.0064950Z       "tangent_velocity_norm_m_s": 0.509579678097783
checks (3.12)	Build pinned Float64 3D contact backend	2026-10-06T00:53:45.0065018Z     },
checks (3.12)	Build pinned Float64 3D contact backend	2026-10-06T00:53:45.0065093Z     {
checks (3.12)	Build pinned Float64 3D contact backend	2026-10-06T00:53:45.0065177Z       "friction_capacity": 0.0,
checks (3.12)	Build pinned Float64 3D contact backend	2026-10-06T00:53:45.0065273Z       "friction_support_gap_J": 0.0,
checks (3.12)	Build pinned Float64 3D contact backend	2026-10-06T00:53:45.0065359Z       "normal_impulse": 0.0,
checks (3.12)	Build pinned Float64 3D contact backend	2026-10-06T00:53:45.0065438Z       "normal_row": 118,
checks (3.12)	Build pinned Float64 3D contact backend	2026-10-06T00:53:45.0065537Z       "normal_velocity_m_s": 387.78175187758586,
checks (3.12)	Build pinned Float64 3D contact backend	2026-10-06T00:53:45.0065624Z       "tangent_impulse_norm": 0.0,
checks (3.12)	Build pinned Float64 3D contact backend	2026-10-06T00:53:45.0065739Z       "tangent_velocity_norm_m_s": 0.16317137806746632
checks (3.12)	Build pinned Float64 3D contact backend	2026-10-06T00:53:45.0065812Z     },
checks (3.12)	Build pinned Float64 3D contact backend	2026-10-06T00:53:45.0065886Z     {
checks (3.12)	Build pinned Float64 3D contact backend	2026-10-06T00:53:45.0065970Z       "friction_capacity": 0.0,
checks (3.12)	Build pinned Float64 3D contact backend	2026-10-06T00:53:45.0066062Z       "friction_support_gap_J": 0.0,
checks (3.12)	Build pinned Float64 3D contact backend	2026-10-06T00:53:45.0066147Z       "normal_impulse": 0.0,
checks (3.12)	Build pinned Float64 3D contact backend	2026-10-06T00:53:45.0066224Z       "normal_row": 119,
checks (3.12)	Build pinned Float64 3D contact backend	2026-10-06T00:53:45.0066324Z       "normal_velocity_m_s": 1661.3450018815483,
checks (3.12)	Build pinned Float64 3D contact backend	2026-10-06T00:53:45.0066411Z       "tangent_impulse_norm": 0.0,
checks (3.12)	Build pinned Float64 3D contact backend	2026-10-06T00:53:45.0066524Z       "tangent_velocity_norm_m_s": 0.22082509843337622
checks (3.12)	Build pinned Float64 3D contact backend	2026-10-06T00:53:45.0066593Z     },
checks (3.12)	Build pinned Float64 3D contact backend	2026-10-06T00:53:45.0066667Z     {
checks (3.12)	Build pinned Float64 3D contact backend	2026-10-06T00:53:45.0066763Z       "friction_capacity": 0.0,
checks (3.12)	Build pinned Float64 3D contact backend	2026-10-06T00:53:45.0066852Z       "friction_support_gap_J": 0.0,
checks (3.12)	Build pinned Float64 3D contact backend	2026-10-06T00:53:45.0066939Z       "normal_impulse": 0.0,
checks (3.12)	Build pinned Float64 3D contact backend	2026-10-06T00:53:45.0067019Z       "normal_row": 120,
checks (3.12)	Build pinned Float64 3D contact backend	2026-10-06T00:53:45.0067119Z       "normal_velocity_m_s": 285.5627220258373,
checks (3.12)	Build pinned Float64 3D contact backend	2026-10-06T00:53:45.0067205Z       "tangent_impulse_norm": 0.0,
checks (3.12)	Build pinned Float64 3D contact backend	2026-10-06T00:53:45.0067442Z       "tangent_velocity_norm_m_s": 0.28440801586084086
checks (3.12)	Build pinned Float64 3D contact backend	2026-10-06T00:53:45.0067516Z     },
checks (3.12)	Build pinned Float64 3D contact backend	2026-10-06T00:53:45.0067584Z     {
checks (3.12)	Build pinned Float64 3D contact backend	2026-10-06T00:53:45.0067671Z       "friction_capacity": 0.0,
checks (3.12)	Build pinned Float64 3D contact backend	2026-10-06T00:53:45.0067760Z       "friction_support_gap_J": 0.0,
checks (3.12)	Build pinned Float64 3D contact backend	2026-10-06T00:53:45.0067847Z       "normal_impulse": 0.0,
checks (3.12)	Build pinned Float64 3D contact backend	2026-10-06T00:53:45.0067925Z       "normal_row": 121,
checks (3.12)	Build pinned Float64 3D contact backend	2026-10-06T00:53:45.0068024Z       "normal_velocity_m_s": 286.6185372553826,
checks (3.12)	Build pinned Float64 3D contact backend	2026-10-06T00:53:45.0068150Z       "tangent_impulse_norm": 0.0,
checks (3.12)	Build pinned Float64 3D contact backend	2026-10-06T00:53:45.0068261Z       "tangent_velocity_norm_m_s": 2.777945190391483
checks (3.12)	Build pinned Float64 3D contact backend	2026-10-06T00:53:45.0068335Z     },
checks (3.12)	Build pinned Float64 3D contact backend	2026-10-06T00:53:45.0068407Z     {
checks (3.12)	Build pinned Float64 3D contact backend	2026-10-06T00:53:45.0068505Z       "friction_capacity": 0.02130061827712265,
checks (3.12)	Build pinned Float64 3D contact backend	2026-10-06T00:53:45.0068614Z       "friction_support_gap_J": 8.326672684688674e-17,
checks (3.12)	Build pinned Float64 3D contact backend	2026-10-06T00:53:45.0068714Z       "normal_impulse": 0.05325154569280662,
checks (3.12)	Build pinned Float64 3D contact backend	2026-10-06T00:53:45.0068793Z       "normal_row": 122,
checks (3.12)	Build pinned Float64 3D contact backend	2026-10-06T00:53:45.0068903Z       "normal_velocity_m_s": -8.673617379884035e-18,
checks (3.12)	Build pinned Float64 3D contact backend	2026-10-06T00:53:45.0069017Z       "tangent_impulse_norm": 0.021300618277122606,
checks (3.12)	Build pinned Float64 3D contact backend	2026-10-06T00:53:45.0069126Z       "tangent_velocity_norm_m_s": 1.8179659078689714
checks (3.12)	Build pinned Float64 3D contact backend	2026-10-06T00:53:45.0069198Z     },
checks (3.12)	Build pinned Float64 3D contact backend	2026-10-06T00:53:45.0069265Z     {
checks (3.12)	Build pinned Float64 3D contact backend	2026-10-06T00:53:45.0069353Z       "friction_capacity": 0.0,
checks (3.12)	Build pinned Float64 3D contact backend	2026-10-06T00:53:45.0069442Z       "friction_support_gap_J": 0.0,
checks (3.12)	Build pinned Float64 3D contact backend	2026-10-06T00:53:45.0069530Z       "normal_impulse": 0.0,
checks (3.12)	Build pinned Float64 3D contact backend	2026-10-06T00:53:45.0069610Z       "normal_row": 123,
checks (3.12)	Build pinned Float64 3D contact backend	2026-10-06T00:53:45.0069707Z       "normal_velocity_m_s": 5.861959935041495,
checks (3.12)	Build pinned Float64 3D contact backend	2026-10-06T00:53:45.0069798Z       "tangent_impulse_norm": 0.0,
checks (3.12)	Build pinned Float64 3D contact backend	2026-10-06T00:53:45.0069995Z       "tangent_velocity_norm_m_s": 5.739581799260667
checks (3.12)	Build pinned Float64 3D contact backend	2026-10-06T00:53:45.0070067Z     },
checks (3.12)	Build pinned Float64 3D contact backend	2026-10-06T00:53:45.0070135Z     {
checks (3.12)	Build pinned Float64 3D contact backend	2026-10-06T00:53:45.0070225Z       "friction_capacity": 0.0,
checks (3.12)	Build pinned Float64 3D contact backend	2026-10-06T00:53:45.0070312Z       "friction_support_gap_J": 0.0,
checks (3.12)	Build pinned Float64 3D contact backend	2026-10-06T00:53:45.0070399Z       "normal_impulse": 0.0,
checks (3.12)	Build pinned Float64 3D contact backend	2026-10-06T00:53:45.0070481Z       "normal_row": 124,
checks (3.12)	Build pinned Float64 3D contact backend	2026-10-06T00:53:45.0070580Z       "normal_velocity_m_s": 90.29325760622167,
checks (3.12)	Build pinned Float64 3D contact backend	2026-10-06T00:53:45.0070671Z       "tangent_impulse_norm": 0.0,
checks (3.12)	Build pinned Float64 3D contact backend	2026-10-06T00:53:45.0070777Z       "tangent_velocity_norm_m_s": 4.657872392619696
checks (3.12)	Build pinned Float64 3D contact backend	2026-10-06T00:53:45.0070849Z     },
checks (3.12)	Build pinned Float64 3D contact backend	2026-10-06T00:53:45.0070916Z     {
checks (3.12)	Build pinned Float64 3D contact backend	2026-10-06T00:53:45.0071008Z       "friction_capacity": 0.0,
checks (3.12)	Build pinned Float64 3D contact backend	2026-10-06T00:53:45.0071097Z       "friction_support_gap_J": 0.0,
checks (3.12)	Build pinned Float64 3D contact backend	2026-10-06T00:53:45.0071184Z       "normal_impulse": 0.0,
checks (3.12)	Build pinned Float64 3D contact backend	2026-10-06T00:53:45.0071266Z       "normal_row": 125,
checks (3.12)	Build pinned Float64 3D contact backend	2026-10-06T00:53:45.0071360Z       "normal_velocity_m_s": 13.138206115314613,
checks (3.12)	Build pinned Float64 3D contact backend	2026-10-06T00:53:45.0071456Z       "tangent_impulse_norm": 0.0,
checks (3.12)	Build pinned Float64 3D contact backend	2026-10-06T00:53:45.0071569Z       "tangent_velocity_norm_m_s": 2.6152224602105054
checks (3.12)	Build pinned Float64 3D contact backend	2026-10-06T00:53:45.0071886Z     },
checks (3.12)	Build pinned Float64 3D contact backend	2026-10-06T00:53:45.0071971Z     {
checks (3.12)	Build pinned Float64 3D contact backend	2026-10-06T00:53:45.0072065Z       "friction_capacity": 0.0,
checks (3.12)	Build pinned Float64 3D contact backend	2026-10-06T00:53:45.0072159Z       "friction_support_gap_J": 0.0,
checks (3.12)	Build pinned Float64 3D contact backend	2026-10-06T00:53:45.0072240Z       "normal_impulse": 0.0,
checks (3.12)	Build pinned Float64 3D contact backend	2026-10-06T00:53:45.0072329Z       "normal_row": 126,
checks (3.12)	Build pinned Float64 3D contact backend	2026-10-06T00:53:45.0072425Z       "normal_velocity_m_s": 330.41940069340075,
checks (3.12)	Build pinned Float64 3D contact backend	2026-10-06T00:53:45.0072517Z       "tangent_impulse_norm": 0.0,
checks (3.12)	Build pinned Float64 3D contact backend	2026-10-06T00:53:45.0072622Z       "tangent_velocity_norm_m_s": 2.1460730600183786
checks (3.12)	Build pinned Float64 3D contact backend	2026-10-06T00:53:45.0072697Z     },
checks (3.12)	Build pinned Float64 3D contact backend	2026-10-06T00:53:45.0072770Z     {
checks (3.12)	Build pinned Float64 3D contact backend	2026-10-06T00:53:45.0072856Z       "friction_capacity": 0.0,
checks (3.12)	Build pinned Float64 3D contact backend	2026-10-06T00:53:45.0072947Z       "friction_support_gap_J": 0.0,
checks (3.12)	Build pinned Float64 3D contact backend	2026-10-06T00:53:45.0073032Z       "normal_impulse": 0.0,
checks (3.12)	Build pinned Float64 3D contact backend	2026-10-06T00:53:45.0073114Z       "normal_row": 127,
checks (3.12)	Build pinned Float64 3D contact backend	2026-10-06T00:53:45.0073207Z       "normal_velocity_m_s": 574.3947501932059,
checks (3.12)	Build pinned Float64 3D contact backend	2026-10-06T00:53:45.0073302Z       "tangent_impulse_norm": 0.0,
checks (3.12)	Build pinned Float64 3D contact backend	2026-10-06T00:53:45.0073407Z       "tangent_velocity_norm_m_s": 0.7385138186476098
checks (3.12)	Build pinned Float64 3D contact backend	2026-10-06T00:53:45.0073480Z     },
checks (3.12)	Build pinned Float64 3D contact backend	2026-10-06T00:53:45.0073552Z     {
checks (3.12)	Build pinned Float64 3D contact backend	2026-10-06T00:53:45.0073636Z       "friction_capacity": 0.0,
checks (3.12)	Build pinned Float64 3D contact backend	2026-10-06T00:53:45.0073728Z       "friction_support_gap_J": 0.0,
checks (3.12)	Build pinned Float64 3D contact backend	2026-10-06T00:53:45.0073961Z       "normal_impulse": 0.0,
checks (3.12)	Build pinned Float64 3D contact backend	2026-10-06T00:53:45.0074045Z       "normal_row": 128,
checks (3.12)	Build pinned Float64 3D contact backend	2026-10-06T00:53:45.0074140Z       "normal_velocity_m_s": 154.441972268318,
checks (3.12)	Build pinned Float64 3D contact backend	2026-10-06T00:53:45.0074231Z       "tangent_impulse_norm": 0.0,
checks (3.12)	Build pinned Float64 3D contact backend	2026-10-06T00:53:45.0074340Z       "tangent_velocity_norm_m_s": 0.6013426794718922
checks (3.12)	Build pinned Float64 3D contact backend	2026-10-06T00:53:45.0074408Z     },
checks (3.12)	Build pinned Float64 3D contact backend	2026-10-06T00:53:45.0074480Z     {
checks (3.12)	Build pinned Float64 3D contact backend	2026-10-06T00:53:45.0074566Z       "friction_capacity": 0.0,
checks (3.12)	Build pinned Float64 3D contact backend	2026-10-06T00:53:45.0074658Z       "friction_support_gap_J": 0.0,
checks (3.12)	Build pinned Float64 3D contact backend	2026-10-06T00:53:45.0074740Z       "normal_impulse": 0.0,
checks (3.12)	Build pinned Float64 3D contact backend	2026-10-06T00:53:45.0074823Z       "normal_row": 129,
checks (3.12)	Build pinned Float64 3D contact backend	2026-10-06T00:53:45.0074921Z       "normal_velocity_m_s": 198.67612052317975,
checks (3.12)	Build pinned Float64 3D contact backend	2026-10-06T00:53:45.0075011Z       "tangent_impulse_norm": 0.0,
checks (3.12)	Build pinned Float64 3D contact backend	2026-10-06T00:53:45.0075122Z       "tangent_velocity_norm_m_s": 2.692945963218751
checks (3.12)	Build pinned Float64 3D contact backend	2026-10-06T00:53:45.0075190Z     },
checks (3.12)	Build pinned Float64 3D contact backend	2026-10-06T00:53:45.0075260Z     {
checks (3.12)	Build pinned Float64 3D contact backend	2026-10-06T00:53:45.0075345Z       "friction_capacity": 0.0,
checks (3.12)	Build pinned Float64 3D contact backend	2026-10-06T00:53:45.0075436Z       "friction_support_gap_J": 0.0,
checks (3.12)	Build pinned Float64 3D contact backend	2026-10-06T00:53:45.0075524Z       "normal_impulse": 0.0,
checks (3.12)	Build pinned Float64 3D contact backend	2026-10-06T00:53:45.0075604Z       "normal_row": 130,
checks (3.12)	Build pinned Float64 3D contact backend	2026-10-06T00:53:45.0075702Z       "normal_velocity_m_s": 20.303981648773053,
checks (3.12)	Build pinned Float64 3D contact backend	2026-10-06T00:53:45.0075787Z       "tangent_impulse_norm": 0.0,
checks (3.12)	Build pinned Float64 3D contact backend	2026-10-06T00:53:45.0075907Z       "tangent_velocity_norm_m_s": 0.035702488917850835
checks (3.12)	Build pinned Float64 3D contact backend	2026-10-06T00:53:45.0075975Z     }
checks (3.12)	Build pinned Float64 3D contact backend	2026-10-06T00:53:45.0076048Z   ],
checks (3.12)	Build pinned Float64 3D contact backend	2026-10-06T00:53:45.0076140Z   "independent_law_accepted": false,
checks (3.12)	Build pinned Float64 3D contact backend	2026-10-06T00:53:45.0076251Z   "independent_passivity_accepted": true,
checks (3.12)	Build pinned Float64 3D contact backend	2026-10-06T00:53:45.0076385Z   "interior_sticking_velocity_m_s": 4.167612771735147e-06,
checks (3.12)	Build pinned Float64 3D contact backend	2026-10-06T00:53:45.0076597Z   "iteration_budget": 4096,
checks (3.12)	Build pinned Float64 3D contact backend	2026-10-06T00:53:45.0076718Z   "maximum_dissipation_gap_J": 2.122376040719504e-08,
checks (3.12)	Build pinned Float64 3D contact backend	2026-10-06T00:53:45.0076821Z   "negative_normal_impulse_scaled_m_s": 0.0,
checks (3.12)	Build pinned Float64 3D contact backend	2026-10-06T00:53:45.0076949Z   "negative_normal_velocity_m_s": 5.519893815034843e-10,
checks (3.12)	Build pinned Float64 3D contact backend	2026-10-06T00:53:45.0077081Z   "normal_complementarity_work_J": 7.953782216105896e-09,
checks (3.12)	Build pinned Float64 3D contact backend	2026-10-06T00:53:45.0077186Z   "null_traction_seed_policy": {
checks (3.12)	Build pinned Float64 3D contact backend	2026-10-06T00:53:45.0077264Z     "attempts": 1,
checks (3.12)	Build pinned Float64 3D contact backend	2026-10-06T00:53:45.0077359Z     "component_cap_rejections": 0,
checks (3.12)	Build pinned Float64 3D contact backend	2026-10-06T00:53:45.0077445Z     "components": 2,
checks (3.12)	Build pinned Float64 3D contact backend	2026-10-06T00:53:45.0077519Z     "declines": 1,
checks (3.12)	Build pinned Float64 3D contact backend	2026-10-06T00:53:45.0077611Z     "iteration_steps": 14336,
checks (3.12)	Build pinned Float64 3D contact backend	2026-10-06T00:53:45.0077701Z     "largest_component_rows": 126,
checks (3.12)	Build pinned Float64 3D contact backend	2026-10-06T00:53:45.0077787Z     "newton_steps": 90,
checks (3.12)	Build pinned Float64 3D contact backend	2026-10-06T00:53:45.0077866Z     "null_svd_calls": 1,
checks (3.12)	Build pinned Float64 3D contact backend	2026-10-06T00:53:45.0077952Z     "seed_attempts": 6,
checks (3.12)	Build pinned Float64 3D contact backend	2026-10-06T00:53:45.0078075Z     "seed_response_change_max_m_s": 0.145959238821966,
checks (3.12)	Build pinned Float64 3D contact backend	2026-10-06T00:53:45.0078159Z     "seed_svd_calls": 6,
checks (3.12)	Build pinned Float64 3D contact backend	2026-10-06T00:53:45.0078237Z     "solves": 0,
checks (3.12)	Build pinned Float64 3D contact backend	2026-10-06T00:53:45.0078316Z     "svd_calls": 14336
checks (3.12)	Build pinned Float64 3D contact backend	2026-10-06T00:53:45.0078389Z   },
checks (3.12)	Build pinned Float64 3D contact backend	2026-10-06T00:53:45.0078462Z   "p": [
checks (3.12)	Build pinned Float64 3D contact backend	2026-10-06T00:53:45.0078536Z     0.0,
checks (3.12)	Build pinned Float64 3D contact backend	2026-10-06T00:53:45.0078610Z     0.0,
checks (3.12)	Build pinned Float64 3D contact backend	2026-10-06T00:53:45.0078683Z     0.0,
checks (3.12)	Build pinned Float64 3D contact backend	2026-10-06T00:53:45.0078761Z     0.0,
checks (3.12)	Build pinned Float64 3D contact backend	2026-10-06T00:53:45.0078832Z     0.0,
checks (3.12)	Build pinned Float64 3D contact backend	2026-10-06T00:53:45.0078910Z     0.01165190679928953,
checks (3.12)	Build pinned Float64 3D contact backend	2026-10-06T00:53:45.0078985Z     0.017164571504849267,
checks (3.12)	Build pinned Float64 3D contact backend	2026-10-06T00:53:45.0079059Z     0.0,
checks (3.12)	Build pinned Float64 3D contact backend	2026-10-06T00:53:45.0079126Z     0.0,
checks (3.12)	Build pinned Float64 3D contact backend	2026-10-06T00:53:45.0079200Z     0.0,
checks (3.12)	Build pinned Float64 3D contact backend	2026-10-06T00:53:45.0079268Z     0.0,
checks (3.12)	Build pinned Float64 3D contact backend	2026-10-06T00:53:45.0079342Z     0.0,
checks (3.12)	Build pinned Float64 3D contact backend	2026-10-06T00:53:45.0079414Z     0.0,
checks (3.12)	Build pinned Float64 3D contact backend	2026-10-06T00:53:45.0079482Z     0.0,
checks (3.12)	Build pinned Float64 3D contact backend	2026-10-06T00:53:45.0079559Z     0.0,
checks (3.12)	Build pinned Float64 3D contact backend	2026-10-06T00:53:45.0079628Z     0.0,
checks (3.12)	Build pinned Float64 3D contact backend	2026-10-06T00:53:45.0079700Z     0.0,
checks (3.12)	Build pinned Float64 3D contact backend	2026-10-06T00:53:45.0079768Z     0.0,
checks (3.12)	Build pinned Float64 3D contact backend	2026-10-06T00:53:45.0079844Z     0.0,
checks (3.12)	Build pinned Float64 3D contact backend	2026-10-06T00:53:45.0079912Z     0.0,
checks (3.12)	Build pinned Float64 3D contact backend	2026-10-06T00:53:45.0080002Z     5.572249827994895e-05,
checks (3.12)	Build pinned Float64 3D contact backend	2026-10-06T00:53:45.0080075Z     0.0,
checks (3.12)	Build pinned Float64 3D contact backend	2026-10-06T00:53:45.0080142Z     0.0,
checks (3.12)	Build pinned Float64 3D contact backend	2026-10-06T00:53:45.0080213Z     0.0,
checks (3.12)	Build pinned Float64 3D contact backend	2026-10-06T00:53:45.0080282Z     0.0,
checks (3.12)	Build pinned Float64 3D contact backend	2026-10-06T00:53:45.0080354Z     0.0,
checks (3.12)	Build pinned Float64 3D contact backend	2026-10-06T00:53:45.0080421Z     0.0,
checks (3.12)	Build pinned Float64 3D contact backend	2026-10-06T00:53:45.0080493Z     0.0,
checks (3.12)	Build pinned Float64 3D contact backend	2026-10-06T00:53:45.0080561Z     0.0,
checks (3.12)	Build pinned Float64 3D contact backend	2026-10-06T00:53:45.0080725Z     0.0,
checks (3.12)	Build pinned Float64 3D contact backend	2026-10-06T00:53:45.0080796Z     0.0,
checks (3.12)	Build pinned Float64 3D contact backend	2026-10-06T00:53:45.0080870Z     0.0,
checks (3.12)	Build pinned Float64 3D contact backend	2026-10-06T00:53:45.0080940Z     0.0,
checks (3.12)	Build pinned Float64 3D contact backend	2026-10-06T00:53:45.0081009Z     0.0,
checks (3.12)	Build pinned Float64 3D contact backend	2026-10-06T00:53:45.0081084Z     0.0,
checks (3.12)	Build pinned Float64 3D contact backend	2026-10-06T00:53:45.0081152Z     0.0,
checks (3.12)	Build pinned Float64 3D contact backend	2026-10-06T00:53:45.0081224Z     0.0,
checks (3.12)	Build pinned Float64 3D contact backend	2026-10-06T00:53:45.0081291Z     0.0,
checks (3.12)	Build pinned Float64 3D contact backend	2026-10-06T00:53:45.0081367Z     0.0,
checks (3.12)	Build pinned Float64 3D contact backend	2026-10-06T00:53:45.0081434Z     0.0,
checks (3.12)	Build pinned Float64 3D contact backend	2026-10-06T00:53:45.0081507Z     0.0,
checks (3.12)	Build pinned Float64 3D contact backend	2026-10-06T00:53:45.0081579Z     0.0,
checks (3.12)	Build pinned Float64 3D contact backend	2026-10-06T00:53:45.0081836Z     0.0,
checks (3.12)	Build pinned Float64 3D contact backend	2026-10-06T00:53:45.0081915Z     0.0,
checks (3.12)	Build pinned Float64 3D contact backend	2026-10-06T00:53:45.0081983Z     0.0,
checks (3.12)	Build pinned Float64 3D contact backend	2026-10-06T00:53:45.0082054Z     0.0,
checks (3.12)	Build pinned Float64 3D contact backend	2026-10-06T00:53:45.0082126Z     0.0,
checks (3.12)	Build pinned Float64 3D contact backend	2026-10-06T00:53:45.0082197Z     0.0,
checks (3.12)	Build pinned Float64 3D contact backend	2026-10-06T00:53:45.0082264Z     0.0,
checks (3.12)	Build pinned Float64 3D contact backend	2026-10-06T00:53:45.0082336Z     0.0,
checks (3.12)	Build pinned Float64 3D contact backend	2026-10-06T00:53:45.0082408Z     0.0,
checks (3.12)	Build pinned Float64 3D contact backend	2026-10-06T00:53:45.0082476Z     0.0,
checks (3.12)	Build pinned Float64 3D contact backend	2026-10-06T00:53:45.0082547Z     0.0,
checks (3.12)	Build pinned Float64 3D contact backend	2026-10-06T00:53:45.0082614Z     0.0,
checks (3.12)	Build pinned Float64 3D contact backend	2026-10-06T00:53:45.0082685Z     0.0,
checks (3.12)	Build pinned Float64 3D contact backend	2026-10-06T00:53:45.0082753Z     0.0,
checks (3.12)	Build pinned Float64 3D contact backend	2026-10-06T00:53:45.0082829Z     0.0,
checks (3.12)	Build pinned Float64 3D contact backend	2026-10-06T00:53:45.0082904Z     0.0,
checks (3.12)	Build pinned Float64 3D contact backend	2026-10-06T00:53:45.0082979Z     0.0,
checks (3.12)	Build pinned Float64 3D contact backend	2026-10-06T00:53:45.0083046Z     0.0,
checks (3.12)	Build pinned Float64 3D contact backend	2026-10-06T00:53:45.0083131Z     1.309627704379652e-05,
checks (3.12)	Build pinned Float64 3D contact backend	2026-10-06T00:53:45.0083205Z     0.0,
checks (3.12)	Build pinned Float64 3D contact backend	2026-10-06T00:53:45.0083280Z     7.694967801099404e-07,
checks (3.12)	Build pinned Float64 3D contact backend	2026-10-06T00:53:45.0083353Z     0.0,
checks (3.12)	Build pinned Float64 3D contact backend	2026-10-06T00:53:45.0083421Z     0.0,
checks (3.12)	Build pinned Float64 3D contact backend	2026-10-06T00:53:45.0083494Z     0.0,
checks (3.12)	Build pinned Float64 3D contact backend	2026-10-06T00:53:45.0083563Z     0.0,
checks (3.12)	Build pinned Float64 3D contact backend	2026-10-06T00:53:45.0083636Z     0.0,
checks (3.12)	Build pinned Float64 3D contact backend	2026-10-06T00:53:45.0083705Z     0.0,
checks (3.12)	Build pinned Float64 3D contact backend	2026-10-06T00:53:45.0083778Z     0.0,
checks (3.12)	Build pinned Float64 3D contact backend	2026-10-06T00:53:45.0083857Z     0.0,
checks (3.12)	Build pinned Float64 3D contact backend	2026-10-06T00:53:45.0083935Z     2.2146238802533203e-05,
checks (3.12)	Build pinned Float64 3D contact backend	2026-10-06T00:53:45.0084133Z     0.0,
checks (3.12)	Build pinned Float64 3D contact backend	2026-10-06T00:53:45.0084202Z     0.0,
checks (3.12)	Build pinned Float64 3D contact backend	2026-10-06T00:53:45.0084274Z     0.0,
checks (3.12)	Build pinned Float64 3D contact backend	2026-10-06T00:53:45.0084341Z     0.0,
checks (3.12)	Build pinned Float64 3D contact backend	2026-10-06T00:53:45.0084416Z     0.0,
checks (3.12)	Build pinned Float64 3D contact backend	2026-10-06T00:53:45.0084484Z     0.0,
checks (3.12)	Build pinned Float64 3D contact backend	2026-10-06T00:53:45.0084556Z     0.0,
checks (3.12)	Build pinned Float64 3D contact backend	2026-10-06T00:53:45.0084628Z     0.0,
checks (3.12)	Build pinned Float64 3D contact backend	2026-10-06T00:53:45.0084697Z     0.0,
checks (3.12)	Build pinned Float64 3D contact backend	2026-10-06T00:53:45.0084774Z     0.0,
checks (3.12)	Build pinned Float64 3D contact backend	2026-10-06T00:53:45.0084842Z     0.0,
checks (3.12)	Build pinned Float64 3D contact backend	2026-10-06T00:53:45.0084918Z     0.0,
checks (3.12)	Build pinned Float64 3D contact backend	2026-10-06T00:53:45.0084986Z     0.0,
checks (3.12)	Build pinned Float64 3D contact backend	2026-10-06T00:53:45.0085059Z     0.0,
checks (3.12)	Build pinned Float64 3D contact backend	2026-10-06T00:53:45.0085127Z     0.0,
checks (3.12)	Build pinned Float64 3D contact backend	2026-10-06T00:53:45.0085203Z     0.0,
checks (3.12)	Build pinned Float64 3D contact backend	2026-10-06T00:53:45.0085276Z     0.0,
checks (3.12)	Build pinned Float64 3D contact backend	2026-10-06T00:53:45.0085344Z     0.0,
checks (3.12)	Build pinned Float64 3D contact backend	2026-10-06T00:53:45.0085425Z     0.022945017469251365,
checks (3.12)	Build pinned Float64 3D contact backend	2026-10-06T00:53:45.0085499Z     0.050626976181450546,
checks (3.12)	Build pinned Float64 3D contact backend	2026-10-06T00:53:45.0085573Z     0.0,
checks (3.12)	Build pinned Float64 3D contact backend	2026-10-06T00:53:45.0085641Z     0.0,
checks (3.12)	Build pinned Float64 3D contact backend	2026-10-06T00:53:45.0085718Z     0.029895235690142796,
checks (3.12)	Build pinned Float64 3D contact backend	2026-10-06T00:53:45.0085792Z     0.047459520312296666,
checks (3.12)	Build pinned Float64 3D contact backend	2026-10-06T00:53:45.0085873Z     1.5039404415307318e-06,
checks (3.12)	Build pinned Float64 3D contact backend	2026-10-06T00:53:45.0085957Z     0.0016912357185230819,
checks (3.12)	Build pinned Float64 3D contact backend	2026-10-06T00:53:45.0086032Z     0.004397075740926496,
checks (3.12)	Build pinned Float64 3D contact backend	2026-10-06T00:53:45.0086114Z     4.4165725100856685e-05,
checks (3.12)	Build pinned Float64 3D contact backend	2026-10-06T00:53:45.0086183Z     0.0,
checks (3.12)	Build pinned Float64 3D contact backend	2026-10-06T00:53:45.0086263Z     1.1227607996804061e-05,
checks (3.12)	Build pinned Float64 3D contact backend	2026-10-06T00:53:45.0086331Z     0.0,
checks (3.12)	Build pinned Float64 3D contact backend	2026-10-06T00:53:45.0086410Z     0.00013503103022904374,
checks (3.12)	Build pinned Float64 3D contact backend	2026-10-06T00:53:45.0086483Z     0.0,
checks (3.12)	Build pinned Float64 3D contact backend	2026-10-06T00:53:45.0086558Z     0.0,
checks (3.12)	Build pinned Float64 3D contact backend	2026-10-06T00:53:45.0086633Z     0.0,
checks (3.12)	Build pinned Float64 3D contact backend	2026-10-06T00:53:45.0086701Z     0.0,
checks (3.12)	Build pinned Float64 3D contact backend	2026-10-06T00:53:45.0086774Z     0.0,
checks (3.12)	Build pinned Float64 3D contact backend	2026-10-06T00:53:45.0086842Z     0.0,
checks (3.12)	Build pinned Float64 3D contact backend	2026-10-06T00:53:45.0086914Z     0.0,
checks (3.12)	Build pinned Float64 3D contact backend	2026-10-06T00:53:45.0086989Z     8.841842412721524e-06,
checks (3.12)	Build pinned Float64 3D contact backend	2026-10-06T00:53:45.0087062Z     0.0,
checks (3.12)	Build pinned Float64 3D contact backend	2026-10-06T00:53:45.0087130Z     0.0,
checks (3.12)	Build pinned Float64 3D contact backend	2026-10-06T00:53:45.0087208Z     0.029767018940983204,
checks (3.12)	Build pinned Float64 3D contact backend	2026-10-06T00:53:45.0087281Z     0.0,
checks (3.12)	Build pinned Float64 3D contact backend	2026-10-06T00:53:45.0087353Z     0.0,
checks (3.12)	Build pinned Float64 3D contact backend	2026-10-06T00:53:45.0087425Z     0.0,
checks (3.12)	Build pinned Float64 3D contact backend	2026-10-06T00:53:45.0087493Z     0.0,
checks (3.12)	Build pinned Float64 3D contact backend	2026-10-06T00:53:45.0087567Z     0.0,
checks (3.12)	Build pinned Float64 3D contact backend	2026-10-06T00:53:45.0087640Z     0.0,
checks (3.12)	Build pinned Float64 3D contact backend	2026-10-06T00:53:45.0087714Z     0.0,
checks (3.12)	Build pinned Float64 3D contact backend	2026-10-06T00:53:45.0087790Z     0.05325154569280662,
checks (3.12)	Build pinned Float64 3D contact backend	2026-10-06T00:53:45.0087863Z     0.0,
checks (3.12)	Build pinned Float64 3D contact backend	2026-10-06T00:53:45.0087936Z     0.0,
checks (3.12)	Build pinned Float64 3D contact backend	2026-10-06T00:53:45.0088005Z     0.0,
checks (3.12)	Build pinned Float64 3D contact backend	2026-10-06T00:53:45.0088078Z     0.0,
checks (3.12)	Build pinned Float64 3D contact backend	2026-10-06T00:53:45.0088147Z     0.0,
checks (3.12)	Build pinned Float64 3D contact backend	2026-10-06T00:53:45.0088219Z     0.0,
checks (3.12)	Build pinned Float64 3D contact backend	2026-10-06T00:53:45.0088447Z     0.0,
checks (3.12)	Build pinned Float64 3D contact backend	2026-10-06T00:53:45.0088521Z     0.0,
checks (3.12)	Build pinned Float64 3D contact backend	2026-10-06T00:53:45.0088589Z     0.0,
checks (3.12)	Build pinned Float64 3D contact backend	2026-10-06T00:53:45.0088661Z     0.0,
checks (3.12)	Build pinned Float64 3D contact backend	2026-10-06T00:53:45.0088734Z     0.0,
checks (3.12)	Build pinned Float64 3D contact backend	2026-10-06T00:53:45.0088801Z     0.0,
checks (3.12)	Build pinned Float64 3D contact backend	2026-10-06T00:53:45.0088873Z     0.0,
checks (3.12)	Build pinned Float64 3D contact backend	2026-10-06T00:53:45.0088941Z     0.0,
checks (3.12)	Build pinned Float64 3D contact backend	2026-10-06T00:53:45.0089016Z     0.0,
checks (3.12)	Build pinned Float64 3D contact backend	2026-10-06T00:53:45.0089084Z     0.0,
checks (3.12)	Build pinned Float64 3D contact backend	2026-10-06T00:53:45.0089158Z     0.0,
checks (3.12)	Build pinned Float64 3D contact backend	2026-10-06T00:53:45.0089226Z     0.0,
checks (3.12)	Build pinned Float64 3D contact backend	2026-10-06T00:53:45.0089304Z     0.002490098749180661,
checks (3.12)	Build pinned Float64 3D contact backend	2026-10-06T00:53:45.0089385Z     -0.00027424974870668347,
checks (3.12)	Build pinned Float64 3D contact backend	2026-10-06T00:53:45.0089464Z     0.002726001994669878,
checks (3.12)	Build pinned Float64 3D contact backend	2026-10-06T00:53:45.0089543Z     0.00016465772556207106,
checks (3.12)	Build pinned Float64 3D contact backend	2026-10-06T00:53:45.0089615Z     0.0,
checks (3.12)	Build pinned Float64 3D contact backend	2026-10-06T00:53:45.0089688Z     0.0,
checks (3.12)	Build pinned Float64 3D contact backend	2026-10-06T00:53:45.0089760Z     0.0,
checks (3.12)	Build pinned Float64 3D contact backend	2026-10-06T00:53:45.0089833Z     0.0,
checks (3.12)	Build pinned Float64 3D contact backend	2026-10-06T00:53:45.0089901Z     0.0,
checks (3.12)	Build pinned Float64 3D contact backend	2026-10-06T00:53:45.0089973Z     0.0,
checks (3.12)	Build pinned Float64 3D contact backend	2026-10-06T00:53:45.0090041Z     0.0,
checks (3.12)	Build pinned Float64 3D contact backend	2026-10-06T00:53:45.0090115Z     0.0,
checks (3.12)	Build pinned Float64 3D contact backend	2026-10-06T00:53:45.0090187Z     0.0,
checks (3.12)	Build pinned Float64 3D contact backend	2026-10-06T00:53:45.0090259Z     0.0,
checks (3.12)	Build pinned Float64 3D contact backend	2026-10-06T00:53:45.0090333Z     0.0,
checks (3.12)	Build pinned Float64 3D contact backend	2026-10-06T00:53:45.0090401Z     0.0,
checks (3.12)	Build pinned Float64 3D contact backend	2026-10-06T00:53:45.0090473Z     0.0,
checks (3.12)	Build pinned Float64 3D contact backend	2026-10-06T00:53:45.0090544Z     0.0,
checks (3.12)	Build pinned Float64 3D contact backend	2026-10-06T00:53:45.0090617Z     0.0,
checks (3.12)	Build pinned Float64 3D contact backend	2026-10-06T00:53:45.0090686Z     0.0,
checks (3.12)	Build pinned Float64 3D contact backend	2026-10-06T00:53:45.0090760Z     0.0,
checks (3.12)	Build pinned Float64 3D contact backend	2026-10-06T00:53:45.0090833Z     0.0,
checks (3.12)	Build pinned Float64 3D contact backend	2026-10-06T00:53:45.0090903Z     0.0,
checks (3.12)	Build pinned Float64 3D contact backend	2026-10-06T00:53:45.0090976Z     0.0,
checks (3.12)	Build pinned Float64 3D contact backend	2026-10-06T00:53:45.0091044Z     0.0,
checks (3.12)	Build pinned Float64 3D contact backend	2026-10-06T00:53:45.0091117Z     0.0,
checks (3.12)	Build pinned Float64 3D contact backend	2026-10-06T00:53:45.0091185Z     0.0,
checks (3.12)	Build pinned Float64 3D contact backend	2026-10-06T00:53:45.0091258Z     0.0,
checks (3.12)	Build pinned Float64 3D contact backend	2026-10-06T00:53:45.0091327Z     0.0,
checks (3.12)	Build pinned Float64 3D contact backend	2026-10-06T00:53:45.0091400Z     0.0,
checks (3.12)	Build pinned Float64 3D contact backend	2026-10-06T00:53:45.0091575Z     -2.2140644431350285e-05,
checks (3.12)	Build pinned Float64 3D contact backend	2026-10-06T00:53:45.0091779Z     -2.567363335007733e-06,
checks (3.12)	Build pinned Float64 3D contact backend	2026-10-06T00:53:45.0091855Z     0.0,
checks (3.12)	Build pinned Float64 3D contact backend	2026-10-06T00:53:45.0091924Z     0.0,
checks (3.12)	Build pinned Float64 3D contact backend	2026-10-06T00:53:45.0091996Z     0.0,
checks (3.12)	Build pinned Float64 3D contact backend	2026-10-06T00:53:45.0092063Z     0.0,
checks (3.12)	Build pinned Float64 3D contact backend	2026-10-06T00:53:45.0092137Z     0.0,
checks (3.12)	Build pinned Float64 3D contact backend	2026-10-06T00:53:45.0092205Z     0.0,
checks (3.12)	Build pinned Float64 3D contact backend	2026-10-06T00:53:45.0092278Z     0.0,
checks (3.12)	Build pinned Float64 3D contact backend	2026-10-06T00:53:45.0092356Z     0.0,
checks (3.12)	Build pinned Float64 3D contact backend	2026-10-06T00:53:45.0092423Z     0.0,
checks (3.12)	Build pinned Float64 3D contact backend	2026-10-06T00:53:45.0092496Z     0.0,
checks (3.12)	Build pinned Float64 3D contact backend	2026-10-06T00:53:45.0092569Z     0.0,
checks (3.12)	Build pinned Float64 3D contact backend	2026-10-06T00:53:45.0092642Z     0.0,
checks (3.12)	Build pinned Float64 3D contact backend	2026-10-06T00:53:45.0092711Z     0.0,
checks (3.12)	Build pinned Float64 3D contact backend	2026-10-06T00:53:45.0092784Z     0.0,
checks (3.12)	Build pinned Float64 3D contact backend	2026-10-06T00:53:45.0092852Z     0.0,
checks (3.12)	Build pinned Float64 3D contact backend	2026-10-06T00:53:45.0092924Z     0.0,
checks (3.12)	Build pinned Float64 3D contact backend	2026-10-06T00:53:45.0092992Z     0.0,
checks (3.12)	Build pinned Float64 3D contact backend	2026-10-06T00:53:45.0093065Z     0.0,
checks (3.12)	Build pinned Float64 3D contact backend	2026-10-06T00:53:45.0093138Z     0.0,
checks (3.12)	Build pinned Float64 3D contact backend	2026-10-06T00:53:45.0093208Z     0.0,
checks (3.12)	Build pinned Float64 3D contact backend	2026-10-06T00:53:45.0093281Z     0.0,
checks (3.12)	Build pinned Float64 3D contact backend	2026-10-06T00:53:45.0093352Z     0.0,
checks (3.12)	Build pinned Float64 3D contact backend	2026-10-06T00:53:45.0093424Z     0.0,
checks (3.12)	Build pinned Float64 3D contact backend	2026-10-06T00:53:45.0093492Z     0.0,
checks (3.12)	Build pinned Float64 3D contact backend	2026-10-06T00:53:45.0093571Z     0.0,
checks (3.12)	Build pinned Float64 3D contact backend	2026-10-06T00:53:45.0093640Z     0.0,
checks (3.12)	Build pinned Float64 3D contact backend	2026-10-06T00:53:45.0093713Z     0.0,
checks (3.12)	Build pinned Float64 3D contact backend	2026-10-06T00:53:45.0093786Z     0.0,
checks (3.12)	Build pinned Float64 3D contact backend	2026-10-06T00:53:45.0093854Z     0.0,
checks (3.12)	Build pinned Float64 3D contact backend	2026-10-06T00:53:45.0093929Z     0.0,
checks (3.12)	Build pinned Float64 3D contact backend	2026-10-06T00:53:45.0093997Z     0.0,
checks (3.12)	Build pinned Float64 3D contact backend	2026-10-06T00:53:45.0094070Z     0.0,
checks (3.12)	Build pinned Float64 3D contact backend	2026-10-06T00:53:45.0094139Z     0.0,
checks (3.12)	Build pinned Float64 3D contact backend	2026-10-06T00:53:45.0094212Z     0.0,
checks (3.12)	Build pinned Float64 3D contact backend	2026-10-06T00:53:45.0094284Z     0.0,
checks (3.12)	Build pinned Float64 3D contact backend	2026-10-06T00:53:45.0094361Z     0.0,
checks (3.12)	Build pinned Float64 3D contact backend	2026-10-06T00:53:45.0094435Z     0.0,
checks (3.12)	Build pinned Float64 3D contact backend	2026-10-06T00:53:45.0094504Z     0.0,
checks (3.12)	Build pinned Float64 3D contact backend	2026-10-06T00:53:45.0094578Z     0.0,
checks (3.12)	Build pinned Float64 3D contact backend	2026-10-06T00:53:45.0094646Z     0.0,
checks (3.12)	Build pinned Float64 3D contact backend	2026-10-06T00:53:45.0094719Z     0.0,
checks (3.12)	Build pinned Float64 3D contact backend	2026-10-06T00:53:45.0094788Z     0.0,
checks (3.12)	Build pinned Float64 3D contact backend	2026-10-06T00:53:45.0094865Z     0.0,
checks (3.12)	Build pinned Float64 3D contact backend	2026-10-06T00:53:45.0094933Z     0.0,
checks (3.12)	Build pinned Float64 3D contact backend	2026-10-06T00:53:45.0095006Z     0.0,
checks (3.12)	Build pinned Float64 3D contact backend	2026-10-06T00:53:45.0095079Z     0.0,
checks (3.12)	Build pinned Float64 3D contact backend	2026-10-06T00:53:45.0095148Z     0.0,
checks (3.12)	Build pinned Float64 3D contact backend	2026-10-06T00:53:45.0095221Z     0.0,
checks (3.12)	Build pinned Float64 3D contact backend	2026-10-06T00:53:45.0095290Z     0.0,
checks (3.12)	Build pinned Float64 3D contact backend	2026-10-06T00:53:45.0095363Z     0.0,
checks (3.12)	Build pinned Float64 3D contact backend	2026-10-06T00:53:45.0095432Z     0.0,
checks (3.12)	Build pinned Float64 3D contact backend	2026-10-06T00:53:45.0095510Z     0.0,
checks (3.12)	Build pinned Float64 3D contact backend	2026-10-06T00:53:45.0095578Z     0.0,
checks (3.12)	Build pinned Float64 3D contact backend	2026-10-06T00:53:45.0095652Z     0.0,
checks (3.12)	Build pinned Float64 3D contact backend	2026-10-06T00:53:45.0095723Z     0.0,
checks (3.12)	Build pinned Float64 3D contact backend	2026-10-06T00:53:45.0095797Z     0.0,
checks (3.12)	Build pinned Float64 3D contact backend	2026-10-06T00:53:45.0095870Z     0.0,
checks (3.12)	Build pinned Float64 3D contact backend	2026-10-06T00:53:45.0095939Z     0.0,
checks (3.12)	Build pinned Float64 3D contact backend	2026-10-06T00:53:45.0096012Z     0.0,
checks (3.12)	Build pinned Float64 3D contact backend	2026-10-06T00:53:45.0096080Z     0.0,
checks (3.12)	Build pinned Float64 3D contact backend	2026-10-06T00:53:45.0096152Z     0.0,
checks (3.12)	Build pinned Float64 3D contact backend	2026-10-06T00:53:45.0096347Z     0.0,
checks (3.12)	Build pinned Float64 3D contact backend	2026-10-06T00:53:45.0096420Z     0.0,
checks (3.12)	Build pinned Float64 3D contact backend	2026-10-06T00:53:45.0096488Z     0.0,
checks (3.12)	Build pinned Float64 3D contact backend	2026-10-06T00:53:45.0096561Z     0.0,
checks (3.12)	Build pinned Float64 3D contact backend	2026-10-06T00:53:45.0096633Z     0.0,
checks (3.12)	Build pinned Float64 3D contact backend	2026-10-06T00:53:45.0096700Z     0.0,
checks (3.12)	Build pinned Float64 3D contact backend	2026-10-06T00:53:45.0096773Z     0.0,
checks (3.12)	Build pinned Float64 3D contact backend	2026-10-06T00:53:45.0096841Z     0.0,
checks (3.12)	Build pinned Float64 3D contact backend	2026-10-06T00:53:45.0096913Z     0.0,
checks (3.12)	Build pinned Float64 3D contact backend	2026-10-06T00:53:45.0096981Z     0.0,
checks (3.12)	Build pinned Float64 3D contact backend	2026-10-06T00:53:45.0097053Z     0.0,
checks (3.12)	Build pinned Float64 3D contact backend	2026-10-06T00:53:45.0097122Z     0.0,
checks (3.12)	Build pinned Float64 3D contact backend	2026-10-06T00:53:45.0097197Z     0.0,
checks (3.12)	Build pinned Float64 3D contact backend	2026-10-06T00:53:45.0097269Z     0.0,
checks (3.12)	Build pinned Float64 3D contact backend	2026-10-06T00:53:45.0097337Z     0.0,
checks (3.12)	Build pinned Float64 3D contact backend	2026-10-06T00:53:45.0097413Z     0.0,
checks (3.12)	Build pinned Float64 3D contact backend	2026-10-06T00:53:45.0097481Z     0.0,
checks (3.12)	Build pinned Float64 3D contact backend	2026-10-06T00:53:45.0097567Z     7.968362867376893e-07,
checks (3.12)	Build pinned Float64 3D contact backend	2026-10-06T00:53:45.0097644Z     -5.177552270851303e-06,
checks (3.12)	Build pinned Float64 3D contact backend	2026-10-06T00:53:45.0097718Z     0.0,
checks (3.12)	Build pinned Float64 3D contact backend	2026-10-06T00:53:45.0097786Z     0.0,
checks (3.12)	Build pinned Float64 3D contact backend	2026-10-06T00:53:45.0097866Z     -3.07761942377681e-07,
checks (3.12)	Build pinned Float64 3D contact backend	2026-10-06T00:53:45.0097947Z     -4.757516142593931e-09,
checks (3.12)	Build pinned Float64 3D contact backend	2026-10-06T00:53:45.0098015Z     0.0,
checks (3.12)	Build pinned Float64 3D contact backend	2026-10-06T00:53:45.0098089Z     0.0,
checks (3.12)	Build pinned Float64 3D contact backend	2026-10-06T00:53:45.0098163Z     0.0,
checks (3.12)	Build pinned Float64 3D contact backend	2026-10-06T00:53:45.0098239Z     0.0,
checks (3.12)	Build pinned Float64 3D contact backend	2026-10-06T00:53:45.0098308Z     0.0,
checks (3.12)	Build pinned Float64 3D contact backend	2026-10-06T00:53:45.0098382Z     0.0,
checks (3.12)	Build pinned Float64 3D contact backend	2026-10-06T00:53:45.0098449Z     0.0,
checks (3.12)	Build pinned Float64 3D contact backend	2026-10-06T00:53:45.0098523Z     0.0,
checks (3.12)	Build pinned Float64 3D contact backend	2026-10-06T00:53:45.0098590Z     0.0,
checks (3.12)	Build pinned Float64 3D contact backend	2026-10-06T00:53:45.0098664Z     0.0,
checks (3.12)	Build pinned Float64 3D contact backend	2026-10-06T00:53:45.0098736Z     0.0,
checks (3.12)	Build pinned Float64 3D contact backend	2026-10-06T00:53:45.0098806Z     0.0,
checks (3.12)	Build pinned Float64 3D contact backend	2026-10-06T00:53:45.0098879Z     0.0,
checks (3.12)	Build pinned Float64 3D contact backend	2026-10-06T00:53:45.0098948Z     0.0,
checks (3.12)	Build pinned Float64 3D contact backend	2026-10-06T00:53:45.0099023Z     0.0,
checks (3.12)	Build pinned Float64 3D contact backend	2026-10-06T00:53:45.0099091Z     0.0,
checks (3.12)	Build pinned Float64 3D contact backend	2026-10-06T00:53:45.0099172Z     4.3921544271985335e-06,
checks (3.12)	Build pinned Float64 3D contact backend	2026-10-06T00:53:45.0099249Z     7.692978771805636e-06,
checks (3.12)	Build pinned Float64 3D contact backend	2026-10-06T00:53:45.0099451Z     0.0,
checks (3.12)	Build pinned Float64 3D contact backend	2026-10-06T00:53:45.0099525Z     0.0,
checks (3.12)	Build pinned Float64 3D contact backend	2026-10-06T00:53:45.0099594Z     0.0,
checks (3.12)	Build pinned Float64 3D contact backend	2026-10-06T00:53:45.0099666Z     0.0,
checks (3.12)	Build pinned Float64 3D contact backend	2026-10-06T00:53:45.0099734Z     0.0,
checks (3.12)	Build pinned Float64 3D contact backend	2026-10-06T00:53:45.0099806Z     0.0,
checks (3.12)	Build pinned Float64 3D contact backend	2026-10-06T00:53:45.0099875Z     0.0,
checks (3.12)	Build pinned Float64 3D contact backend	2026-10-06T00:53:45.0099948Z     0.0,
checks (3.12)	Build pinned Float64 3D contact backend	2026-10-06T00:53:45.0100016Z     0.0,
checks (3.12)	Build pinned Float64 3D contact backend	2026-10-06T00:53:45.0100088Z     0.0,
checks (3.12)	Build pinned Float64 3D contact backend	2026-10-06T00:53:45.0100165Z     0.0,
checks (3.12)	Build pinned Float64 3D contact backend	2026-10-06T00:53:45.0100233Z     0.0,
checks (3.12)	Build pinned Float64 3D contact backend	2026-10-06T00:53:45.0100309Z     0.0,
checks (3.12)	Build pinned Float64 3D contact backend	2026-10-06T00:53:45.0100376Z     0.0,
checks (3.12)	Build pinned Float64 3D contact backend	2026-10-06T00:53:45.0100449Z     0.0,
checks (3.12)	Build pinned Float64 3D contact backend	2026-10-06T00:53:45.0100518Z     0.0,
checks (3.12)	Build pinned Float64 3D contact backend	2026-10-06T00:53:45.0100591Z     0.0,
checks (3.12)	Build pinned Float64 3D contact backend	2026-10-06T00:53:45.0100660Z     0.0,
checks (3.12)	Build pinned Float64 3D contact backend	2026-10-06T00:53:45.0100733Z     0.0,
checks (3.12)	Build pinned Float64 3D contact backend	2026-10-06T00:53:45.0100806Z     0.0,
checks (3.12)	Build pinned Float64 3D contact backend	2026-10-06T00:53:45.0100873Z     0.0,
checks (3.12)	Build pinned Float64 3D contact backend	2026-10-06T00:53:45.0100945Z     0.0,
checks (3.12)	Build pinned Float64 3D contact backend	2026-10-06T00:53:45.0101013Z     0.0,
checks (3.12)	Build pinned Float64 3D contact backend	2026-10-06T00:53:45.0101086Z     0.0,
checks (3.12)	Build pinned Float64 3D contact backend	2026-10-06T00:53:45.0101154Z     0.0,
checks (3.12)	Build pinned Float64 3D contact backend	2026-10-06T00:53:45.0101228Z     0.0,
checks (3.12)	Build pinned Float64 3D contact backend	2026-10-06T00:53:45.0101296Z     0.0,
checks (3.12)	Build pinned Float64 3D contact backend	2026-10-06T00:53:45.0101377Z     0.0,
checks (3.12)	Build pinned Float64 3D contact backend	2026-10-06T00:53:45.0101450Z     0.0,
checks (3.12)	Build pinned Float64 3D contact backend	2026-10-06T00:53:45.0101518Z     0.0,
checks (3.12)	Build pinned Float64 3D contact backend	2026-10-06T00:53:45.0101592Z     0.0,
checks (3.12)	Build pinned Float64 3D contact backend	2026-10-06T00:53:45.0101875Z     0.0,
checks (3.12)	Build pinned Float64 3D contact backend	2026-10-06T00:53:45.0101955Z     0.0,
checks (3.12)	Build pinned Float64 3D contact backend	2026-10-06T00:53:45.0102026Z     0.0,
checks (3.12)	Build pinned Float64 3D contact backend	2026-10-06T00:53:45.0102099Z     0.0,
checks (3.12)	Build pinned Float64 3D contact backend	2026-10-06T00:53:45.0102166Z     0.0,
checks (3.12)	Build pinned Float64 3D contact backend	2026-10-06T00:53:45.0102252Z     -0.00874762200255496,
checks (3.12)	Build pinned Float64 3D contact backend	2026-10-06T00:53:45.0102333Z     0.002777574763475476,
checks (3.12)	Build pinned Float64 3D contact backend	2026-10-06T00:53:45.0102414Z     -0.010746189152728779,
checks (3.12)	Build pinned Float64 3D contact backend	2026-10-06T00:53:45.0102492Z     0.01716432152629749,
checks (3.12)	Build pinned Float64 3D contact backend	2026-10-06T00:53:45.0102562Z     0.0,
checks (3.12)	Build pinned Float64 3D contact backend	2026-10-06T00:53:45.0102636Z     0.0,
checks (3.12)	Build pinned Float64 3D contact backend	2026-10-06T00:53:45.0102704Z     0.0,
checks (3.12)	Build pinned Float64 3D contact backend	2026-10-06T00:53:45.0102776Z     0.0,
checks (3.12)	Build pinned Float64 3D contact backend	2026-10-06T00:53:45.0102851Z     -0.0020386708452126596,
checks (3.12)	Build pinned Float64 3D contact backend	2026-10-06T00:53:45.0102930Z     0.01178303186365672,
checks (3.12)	Build pinned Float64 3D contact backend	2026-10-06T00:53:45.0103004Z     0.00774622826352573,
checks (3.12)	Build pinned Float64 3D contact backend	2026-10-06T00:53:45.0103082Z     0.008695857352516927,
checks (3.12)	Build pinned Float64 3D contact backend	2026-10-06T00:53:45.0103164Z     -4.6818222026614067e-07,
checks (3.12)	Build pinned Float64 3D contact backend	2026-10-06T00:53:45.0103240Z     3.777556153045645e-07,
checks (3.12)	Build pinned Float64 3D contact backend	2026-10-06T00:53:45.0103326Z     -0.00010222632604335409,
checks (3.12)	Build pinned Float64 3D contact backend	2026-10-06T00:53:45.0103401Z     0.0006687258774423213,
checks (3.12)	Build pinned Float64 3D contact backend	2026-10-06T00:53:45.0103479Z     0.00011992915322157435,
checks (3.12)	Build pinned Float64 3D contact backend	2026-10-06T00:53:45.0103554Z     -0.0017547367351368238,
checks (3.12)	Build pinned Float64 3D contact backend	2026-10-06T00:53:45.0103635Z     -1.884195992230728e-06,
checks (3.12)	Build pinned Float64 3D contact backend	2026-10-06T00:53:45.0103718Z     -1.7565523312795745e-05,
checks (3.12)	Build pinned Float64 3D contact backend	2026-10-06T00:53:45.0103918Z     0.0,
checks (3.12)	Build pinned Float64 3D contact backend	2026-10-06T00:53:45.0103992Z     0.0,
checks (3.12)	Build pinned Float64 3D contact backend	2026-10-06T00:53:45.0104069Z     -3.582777481221606e-06,
checks (3.12)	Build pinned Float64 3D contact backend	2026-10-06T00:53:45.0104148Z     2.7079834809014476e-06,
checks (3.12)	Build pinned Float64 3D contact backend	2026-10-06T00:53:45.0104221Z     0.0,
checks (3.12)	Build pinned Float64 3D contact backend	2026-10-06T00:53:45.0104294Z     0.0,
checks (3.12)	Build pinned Float64 3D contact backend	2026-10-06T00:53:45.0104371Z     -2.6900048367630474e-05,
checks (3.12)	Build pinned Float64 3D contact backend	2026-10-06T00:53:45.0104449Z     4.683725074952458e-05,
checks (3.12)	Build pinned Float64 3D contact backend	2026-10-06T00:53:45.0104522Z     0.0,
checks (3.12)	Build pinned Float64 3D contact backend	2026-10-06T00:53:45.0104591Z     0.0,
checks (3.12)	Build pinned Float64 3D contact backend	2026-10-06T00:53:45.0104666Z     0.0,
checks (3.12)	Build pinned Float64 3D contact backend	2026-10-06T00:53:45.0104735Z     0.0,
checks (3.12)	Build pinned Float64 3D contact backend	2026-10-06T00:53:45.0104807Z     0.0,
checks (3.12)	Build pinned Float64 3D contact backend	2026-10-06T00:53:45.0104875Z     0.0,
checks (3.12)	Build pinned Float64 3D contact backend	2026-10-06T00:53:45.0104949Z     0.0,
checks (3.12)	Build pinned Float64 3D contact backend	2026-10-06T00:53:45.0105017Z     0.0,
checks (3.12)	Build pinned Float64 3D contact backend	2026-10-06T00:53:45.0105094Z     0.0,
checks (3.12)	Build pinned Float64 3D contact backend	2026-10-06T00:53:45.0105170Z     0.0,
checks (3.12)	Build pinned Float64 3D contact backend	2026-10-06T00:53:45.0105239Z     0.0,
checks (3.12)	Build pinned Float64 3D contact backend	2026-10-06T00:53:45.0105311Z     0.0,
checks (3.12)	Build pinned Float64 3D contact backend	2026-10-06T00:53:45.0105379Z     0.0,
checks (3.12)	Build pinned Float64 3D contact backend	2026-10-06T00:53:45.0105452Z     0.0,
checks (3.12)	Build pinned Float64 3D contact backend	2026-10-06T00:53:45.0105528Z     3.2899542500291584e-06,
checks (3.12)	Build pinned Float64 3D contact backend	2026-10-06T00:53:45.0105611Z     1.2979635560905354e-06,
checks (3.12)	Build pinned Float64 3D contact backend	2026-10-06T00:53:45.0105685Z     0.0,
checks (3.12)	Build pinned Float64 3D contact backend	2026-10-06T00:53:45.0105758Z     0.0,
checks (3.12)	Build pinned Float64 3D contact backend	2026-10-06T00:53:45.0105834Z     0.0,
checks (3.12)	Build pinned Float64 3D contact backend	2026-10-06T00:53:45.0105903Z     0.0,
checks (3.12)	Build pinned Float64 3D contact backend	2026-10-06T00:53:45.0105983Z     -0.0006492549004435722,
checks (3.12)	Build pinned Float64 3D contact backend	2026-10-06T00:53:45.0106057Z     -0.011889093099791323,
checks (3.12)	Build pinned Float64 3D contact backend	2026-10-06T00:53:45.0106132Z     0.0,
checks (3.12)	Build pinned Float64 3D contact backend	2026-10-06T00:53:45.0106200Z     0.0,
checks (3.12)	Build pinned Float64 3D contact backend	2026-10-06T00:53:45.0106275Z     0.0,
checks (3.12)	Build pinned Float64 3D contact backend	2026-10-06T00:53:45.0106344Z     0.0,
checks (3.12)	Build pinned Float64 3D contact backend	2026-10-06T00:53:45.0106417Z     0.0,
checks (3.12)	Build pinned Float64 3D contact backend	2026-10-06T00:53:45.0106491Z     0.0,
checks (3.12)	Build pinned Float64 3D contact backend	2026-10-06T00:53:45.0106559Z     0.0,
checks (3.12)	Build pinned Float64 3D contact backend	2026-10-06T00:53:45.0106632Z     0.0,
checks (3.12)	Build pinned Float64 3D contact backend	2026-10-06T00:53:45.0106700Z     0.0,
checks (3.12)	Build pinned Float64 3D contact backend	2026-10-06T00:53:45.0106776Z     0.0,
checks (3.12)	Build pinned Float64 3D contact backend	2026-10-06T00:53:45.0106843Z     0.0,
checks (3.12)	Build pinned Float64 3D contact backend	2026-10-06T00:53:45.0107035Z     0.0,
checks (3.12)	Build pinned Float64 3D contact backend	2026-10-06T00:53:45.0107102Z     0.0,
checks (3.12)	Build pinned Float64 3D contact backend	2026-10-06T00:53:45.0107179Z     0.0,
checks (3.12)	Build pinned Float64 3D contact backend	2026-10-06T00:53:45.0107255Z     -0.0036461725897702526,
checks (3.12)	Build pinned Float64 3D contact backend	2026-10-06T00:53:45.0107336Z     -0.020986227970583415,
checks (3.12)	Build pinned Float64 3D contact backend	2026-10-06T00:53:45.0107414Z     0.0,
checks (3.12)	Build pinned Float64 3D contact backend	2026-10-06T00:53:45.0107481Z     0.0,
checks (3.12)	Build pinned Float64 3D contact backend	2026-10-06T00:53:45.0107554Z     0.0,
checks (3.12)	Build pinned Float64 3D contact backend	2026-10-06T00:53:45.0107634Z     0.0,
checks (3.12)	Build pinned Float64 3D contact backend	2026-10-06T00:53:45.0107706Z     0.0,
checks (3.12)	Build pinned Float64 3D contact backend	2026-10-06T00:53:45.0107781Z     0.0,
checks (3.12)	Build pinned Float64 3D contact backend	2026-10-06T00:53:45.0107853Z     0.0,
checks (3.12)	Build pinned Float64 3D contact backend	2026-10-06T00:53:45.0107921Z     0.0,
checks (3.12)	Build pinned Float64 3D contact backend	2026-10-06T00:53:45.0108007Z     0.0,
checks (3.12)	Build pinned Float64 3D contact backend	2026-10-06T00:53:45.0108082Z     0.0,
checks (3.12)	Build pinned Float64 3D contact backend	2026-10-06T00:53:45.0108157Z     0.0,
checks (3.12)	Build pinned Float64 3D contact backend	2026-10-06T00:53:45.0108231Z     0.0,
checks (3.12)	Build pinned Float64 3D contact backend	2026-10-06T00:53:45.0108299Z     0.0,
checks (3.12)	Build pinned Float64 3D contact backend	2026-10-06T00:53:45.0108371Z     0.0,
checks (3.12)	Build pinned Float64 3D contact backend	2026-10-06T00:53:45.0108440Z     0.0,
checks (3.12)	Build pinned Float64 3D contact backend	2026-10-06T00:53:45.0108515Z     0.0
checks (3.12)	Build pinned Float64 3D contact backend	2026-10-06T00:53:45.0108583Z   ],
checks (3.12)	Build pinned Float64 3D contact backend	2026-10-06T00:53:45.0108710Z   "passive_change_bound_J": -0.11142296781605715,
checks (3.12)	Build pinned Float64 3D contact backend	2026-10-06T00:53:45.0108811Z   "passivity_scale": 1.1183723026540875,
checks (3.12)	Build pinned Float64 3D contact backend	2026-10-06T00:53:45.0108934Z   "positive_friction_work_J": 1.799506170480379e-09,
checks (3.12)	Build pinned Float64 3D contact backend	2026-10-06T00:53:45.0109031Z   "projection_tail_policy": {
checks (3.12)	Build pinned Float64 3D contact backend	2026-10-06T00:53:45.0109106Z     "attempts": 0,
checks (3.12)	Build pinned Float64 3D contact backend	2026-10-06T00:53:45.0109192Z     "compiled": true,
checks (3.12)	Build pinned Float64 3D contact backend	2026-10-06T00:53:45.0109267Z     "declines": 0,
checks (3.12)	Build pinned Float64 3D contact backend	2026-10-06T00:53:45.0109356Z     "iteration_steps": 0,
checks (3.12)	Build pinned Float64 3D contact backend	2026-10-06T00:53:45.0109455Z     "max_iteration_steps": 2048,
checks (3.12)	Build pinned Float64 3D contact backend	2026-10-06T00:53:45.0109531Z     "max_rows": 64,
checks (3.12)	Build pinned Float64 3D contact backend	2026-10-06T00:53:45.0109616Z     "max_svd_calls": 2048,
checks (3.12)	Build pinned Float64 3D contact backend	2026-10-06T00:53:45.0109695Z     "newton_steps": 0,
checks (3.12)	Build pinned Float64 3D contact backend	2026-10-06T00:53:45.0109775Z     "solves": 0,
checks (3.12)	Build pinned Float64 3D contact backend	2026-10-06T00:53:45.0109896Z     "stage": "after_all_existing_pipeline_failure",
checks (3.12)	Build pinned Float64 3D contact backend	2026-10-06T00:53:45.0109977Z     "svd_calls": 0
checks (3.12)	Build pinned Float64 3D contact backend	2026-10-06T00:53:45.0110047Z   },
checks (3.12)	Build pinned Float64 3D contact backend	2026-10-06T00:53:45.0110125Z   "rows": 393,
checks (3.12)	Build pinned Float64 3D contact backend	2026-10-06T00:53:45.0110258Z   "schema": "native-circular-coulomb-replay-v1",
checks (3.12)	Build pinned Float64 3D contact backend	2026-10-06T00:53:45.0110344Z   "solver_accepted": false,
checks (3.12)	Build pinned Float64 3D contact backend	2026-10-06T00:53:45.0110421Z   "stats": {
checks (3.12)	Build pinned Float64 3D contact backend	2026-10-06T00:53:45.0110508Z     "active_mode_guesses": 0,
checks (3.12)	Build pinned Float64 3D contact backend	2026-10-06T00:53:45.0110600Z     "active_passes": 0,
checks (3.12)	Build pinned Float64 3D contact backend	2026-10-06T00:53:45.0110693Z     "active_pressure_svd_calls": 0,
checks (3.12)	Build pinned Float64 3D contact backend	2026-10-06T00:53:45.0110778Z     "active_solves": 0,
checks (3.12)	Build pinned Float64 3D contact backend	2026-10-06T00:53:45.0110859Z     "active_svd_calls": 0,
checks (3.12)	Build pinned Float64 3D contact backend	2026-10-06T00:53:45.0110943Z     "cold_restarts": 0,
checks (3.12)	Build pinned Float64 3D contact backend	2026-10-06T00:53:45.0111051Z     "continuation_budget_rejections": 0,
checks (3.12)	Build pinned Float64 3D contact backend	2026-10-06T00:53:45.0111228Z     "continuation_solves": 0,
checks (3.12)	Build pinned Float64 3D contact backend	2026-10-06T00:53:45.0111319Z     "continuation_stages": 0,
checks (3.12)	Build pinned Float64 3D contact backend	2026-10-06T00:53:45.0111409Z     "continuation_svd_calls": 0,
checks (3.12)	Build pinned Float64 3D contact backend	2026-10-06T00:53:45.0111495Z     "gauge_restarts": 0,
checks (3.12)	Build pinned Float64 3D contact backend	2026-10-06T00:53:45.0111583Z     "iteration_sweeps_total": 0,
checks (3.12)	Build pinned Float64 3D contact backend	2026-10-06T00:53:45.0111813Z     "lapack_recovery_compiled": true,
checks (3.12)	Build pinned Float64 3D contact backend	2026-10-06T00:53:45.0111900Z     "newton_steps": 0,
checks (3.12)	Build pinned Float64 3D contact backend	2026-10-06T00:53:45.0111995Z     "null_pressure_boundary_moves": 0,
checks (3.12)	Build pinned Float64 3D contact backend	2026-10-06T00:53:45.0112091Z     "null_pressure_solves": 0,
checks (3.12)	Build pinned Float64 3D contact backend	2026-10-06T00:53:45.0112180Z     "null_pressure_svd_calls": 0,
checks (3.12)	Build pinned Float64 3D contact backend	2026-10-06T00:53:45.0112269Z     "opposing_restarts": 0,
checks (3.12)	Build pinned Float64 3D contact backend	2026-10-06T00:53:45.0112364Z     "polish_budget_rejections": 0,
checks (3.12)	Build pinned Float64 3D contact backend	2026-10-06T00:53:45.0112449Z     "polish_solves": 0,
checks (3.12)	Build pinned Float64 3D contact backend	2026-10-06T00:53:45.0112532Z     "polish_steps": 0,
checks (3.12)	Build pinned Float64 3D contact backend	2026-10-06T00:53:45.0112614Z     "polish_svd_calls": 0,
checks (3.12)	Build pinned Float64 3D contact backend	2026-10-06T00:53:45.0112705Z     "polish_svd_rejections": 0,
checks (3.12)	Build pinned Float64 3D contact backend	2026-10-06T00:53:45.0112789Z     "pressure_solves": 0,
checks (3.12)	Build pinned Float64 3D contact backend	2026-10-06T00:53:45.0112886Z     "pressure_svd_calls": 0,
checks (3.12)	Build pinned Float64 3D contact backend	2026-10-06T00:53:45.0112965Z     "rank_restarts": 0,
checks (3.12)	Build pinned Float64 3D contact backend	2026-10-06T00:53:45.0113050Z     "residual_m_s": 0.0,
checks (3.12)	Build pinned Float64 3D contact backend	2026-10-06T00:53:45.0113124Z     "solves": 0,
checks (3.12)	Build pinned Float64 3D contact backend	2026-10-06T00:53:45.0113227Z     "supplemental_iteration_steps": 0,
checks (3.12)	Build pinned Float64 3D contact backend	2026-10-06T00:53:45.0113322Z     "supplemental_pivot_calls": 0,
checks (3.12)	Build pinned Float64 3D contact backend	2026-10-06T00:53:45.0113421Z     "supplemental_pressure_svd_calls": 0,
checks (3.12)	Build pinned Float64 3D contact backend	2026-10-06T00:53:45.0113519Z     "supplemental_projector_calls": 0,
checks (3.12)	Build pinned Float64 3D contact backend	2026-10-06T00:53:45.0113609Z     "supplemental_restarts": 0,
checks (3.12)	Build pinned Float64 3D contact backend	2026-10-06T00:53:45.0113702Z     "supplemental_solves": 0,
checks (3.12)	Build pinned Float64 3D contact backend	2026-10-06T00:53:45.0113790Z     "supplemental_svd_calls": 0,
checks (3.12)	Build pinned Float64 3D contact backend	2026-10-06T00:53:45.0114019Z     "support_component_cap_rejections": 0,
checks (3.12)	Build pinned Float64 3D contact backend	2026-10-06T00:53:45.0114118Z     "support_expanded_contacts": 0,
checks (3.12)	Build pinned Float64 3D contact backend	2026-10-06T00:53:45.0114208Z     "support_helper_calls": 0,
checks (3.12)	Build pinned Float64 3D contact backend	2026-10-06T00:53:45.0114303Z     "support_iteration_steps": 0,
checks (3.12)	Build pinned Float64 3D contact backend	2026-10-06T00:53:45.0114388Z     "support_largest_rows": 0,
checks (3.12)	Build pinned Float64 3D contact backend	2026-10-06T00:53:45.0114475Z     "support_passes": 0,
checks (3.12)	Build pinned Float64 3D contact backend	2026-10-06T00:53:45.0114565Z     "support_pivot_calls": 0,
checks (3.12)	Build pinned Float64 3D contact backend	2026-10-06T00:53:45.0114662Z     "support_pressure_svd_calls": 0,
checks (3.12)	Build pinned Float64 3D contact backend	2026-10-06T00:53:45.0114755Z     "support_skipped_components": 0,
checks (3.12)	Build pinned Float64 3D contact backend	2026-10-06T00:53:45.0114843Z     "support_solves": 0,
checks (3.12)	Build pinned Float64 3D contact backend	2026-10-06T00:53:45.0114931Z     "support_svd_calls": 0,
checks (3.12)	Build pinned Float64 3D contact backend	2026-10-06T00:53:45.0115008Z     "sweeps_max": 0
checks (3.12)	Build pinned Float64 3D contact backend	2026-10-06T00:53:45.0115082Z   },
checks (3.12)	Build pinned Float64 3D contact backend	2026-10-06T00:53:45.0115166Z   "tolerance_m_s": 1e-08,
checks (3.12)	Build pinned Float64 3D contact backend	2026-10-06T00:53:45.0115242Z   "w": [
checks (3.12)	Build pinned Float64 3D contact backend	2026-10-06T00:53:45.0115320Z     481.4242726589595,
checks (3.12)	Build pinned Float64 3D contact backend	2026-10-06T00:53:45.0115398Z     1101.3201800744478,
checks (3.12)	Build pinned Float64 3D contact backend	2026-10-06T00:53:45.0115476Z     1111.7502929659736,
checks (3.12)	Build pinned Float64 3D contact backend	2026-10-06T00:53:45.0115554Z     83.65822966137168,
checks (3.12)	Build pinned Float64 3D contact backend	2026-10-06T00:53:45.0115631Z     183.21467861747607,
checks (3.12)	Build pinned Float64 3D contact backend	2026-10-06T00:53:45.0115706Z     3.066021811437558e-10,
checks (3.12)	Build pinned Float64 3D contact backend	2026-10-06T00:53:45.0115787Z     4.6338367455656115e-07,
checks (3.12)	Build pinned Float64 3D contact backend	2026-10-06T00:53:45.0115861Z     1481.9889899671582,
checks (3.12)	Build pinned Float64 3D contact backend	2026-10-06T00:53:45.0115938Z     3.2751645338106963,
checks (3.12)	Build pinned Float64 3D contact backend	2026-10-06T00:53:45.0116009Z     294.1311213283403,
checks (3.12)	Build pinned Float64 3D contact backend	2026-10-06T00:53:45.0116090Z     2158.261684868272,
checks (3.12)	Build pinned Float64 3D contact backend	2026-10-06T00:53:45.0116168Z     367.5574159088306,
checks (3.12)	Build pinned Float64 3D contact backend	2026-10-06T00:53:45.0116240Z     208.5716617102386,
checks (3.12)	Build pinned Float64 3D contact backend	2026-10-06T00:53:45.0116319Z     13.424449727878974,
checks (3.12)	Build pinned Float64 3D contact backend	2026-10-06T00:53:45.0116395Z     0.04158819446362755,
checks (3.12)	Build pinned Float64 3D contact backend	2026-10-06T00:53:45.0116472Z     1736.7391230642781,
checks (3.12)	Build pinned Float64 3D contact backend	2026-10-06T00:53:45.0116545Z     172.81002452241916,
checks (3.12)	Build pinned Float64 3D contact backend	2026-10-06T00:53:45.0116622Z     11.960208218939545,
checks (3.12)	Build pinned Float64 3D contact backend	2026-10-06T00:53:45.0116694Z     2466.1856871408436,
checks (3.12)	Build pinned Float64 3D contact backend	2026-10-06T00:53:45.0116771Z     2227.9634430907895,
checks (3.12)	Build pinned Float64 3D contact backend	2026-10-06T00:53:45.0116854Z     -6.776263578034403e-21,
checks (3.12)	Build pinned Float64 3D contact backend	2026-10-06T00:53:45.0116926Z     13.842322276113894,
checks (3.12)	Build pinned Float64 3D contact backend	2026-10-06T00:53:45.0117008Z     1.3688863739024235,
checks (3.12)	Build pinned Float64 3D contact backend	2026-10-06T00:53:45.0117079Z     768.9514549695624,
checks (3.12)	Build pinned Float64 3D contact backend	2026-10-06T00:53:45.0117160Z     40.626024086830256,
checks (3.12)	Build pinned Float64 3D contact backend	2026-10-06T00:53:45.0117231Z     19.77441660456462,
checks (3.12)	Build pinned Float64 3D contact backend	2026-10-06T00:53:45.0117309Z     299.89015896895734,
checks (3.12)	Build pinned Float64 3D contact backend	2026-10-06T00:53:45.0117388Z     0.0024813741987990768,
checks (3.12)	Build pinned Float64 3D contact backend	2026-10-06T00:53:45.0117461Z     0.030266788029292623,
checks (3.12)	Build pinned Float64 3D contact backend	2026-10-06T00:53:45.0117666Z     0.0017695437253113515,
checks (3.12)	Build pinned Float64 3D contact backend	2026-10-06T00:53:45.0117740Z     0.0008000703903346295,
checks (3.12)	Build pinned Float64 3D contact backend	2026-10-06T00:53:45.0117819Z     823.1210437564063,
checks (3.12)	Build pinned Float64 3D contact backend	2026-10-06T00:53:45.0117891Z     392.6188389053269,
checks (3.12)	Build pinned Float64 3D contact backend	2026-10-06T00:53:45.0117968Z     0.11743679173756229,
checks (3.12)	Build pinned Float64 3D contact backend	2026-10-06T00:53:45.0118040Z     145.96711616811297,
checks (3.12)	Build pinned Float64 3D contact backend	2026-10-06T00:53:45.0118116Z     128.7081690212761,
checks (3.12)	Build pinned Float64 3D contact backend	2026-10-06T00:53:45.0118192Z     191.1674163436172,
checks (3.12)	Build pinned Float64 3D contact backend	2026-10-06T00:53:45.0118264Z     216.12789896265178,
checks (3.12)	Build pinned Float64 3D contact backend	2026-10-06T00:53:45.0118341Z     203.4040203548857,
checks (3.12)	Build pinned Float64 3D contact backend	2026-10-06T00:53:45.0118414Z     2731.3736633858434,
checks (3.12)	Build pinned Float64 3D contact backend	2026-10-06T00:53:45.0118491Z     118.65461072462888,
checks (3.12)	Build pinned Float64 3D contact backend	2026-10-06T00:53:45.0118562Z     386.78864347693417,
checks (3.12)	Build pinned Float64 3D contact backend	2026-10-06T00:53:45.0118651Z     0.08880173693015968,
checks (3.12)	Build pinned Float64 3D contact backend	2026-10-06T00:53:45.0118723Z     21.79544187491714,
checks (3.12)	Build pinned Float64 3D contact backend	2026-10-06T00:53:45.0118800Z     13.164601199276353,
checks (3.12)	Build pinned Float64 3D contact backend	2026-10-06T00:53:45.0118877Z     133.14396940860811,
checks (3.12)	Build pinned Float64 3D contact backend	2026-10-06T00:53:45.0118949Z     206.11921566276695,
checks (3.12)	Build pinned Float64 3D contact backend	2026-10-06T00:53:45.0119025Z     1358.02528743586,
checks (3.12)	Build pinned Float64 3D contact backend	2026-10-06T00:53:45.0119097Z     1453.6433541567712,
checks (3.12)	Build pinned Float64 3D contact backend	2026-10-06T00:53:45.0119184Z     7.222138403761966e-05,
checks (3.12)	Build pinned Float64 3D contact backend	2026-10-06T00:53:45.0119258Z     1059.5130280720641,
checks (3.12)	Build pinned Float64 3D contact backend	2026-10-06T00:53:45.0119336Z     162.35001196029629,
checks (3.12)	Build pinned Float64 3D contact backend	2026-10-06T00:53:45.0119414Z     228.47671883500556,
checks (3.12)	Build pinned Float64 3D contact backend	2026-10-06T00:53:45.0119485Z     212.4906698493263,
checks (3.12)	Build pinned Float64 3D contact backend	2026-10-06T00:53:45.0119563Z     224.073367788787,
checks (3.12)	Build pinned Float64 3D contact backend	2026-10-06T00:53:45.0119636Z     344.35604502709145,
checks (3.12)	Build pinned Float64 3D contact backend	2026-10-06T00:53:45.0119711Z     34.68485562445633,
checks (3.12)	Build pinned Float64 3D contact backend	2026-10-06T00:53:45.0119785Z     566.0157223382963,
checks (3.12)	Build pinned Float64 3D contact backend	2026-10-06T00:53:45.0119864Z     0.12721729961127787,
checks (3.12)	Build pinned Float64 3D contact backend	2026-10-06T00:53:45.0119936Z     599.0488478494788,
checks (3.12)	Build pinned Float64 3D contact backend	2026-10-06T00:53:45.0120016Z     1.6940658945086007e-21,
checks (3.12)	Build pinned Float64 3D contact backend	2026-10-06T00:53:45.0120224Z     246.29997544646514,
checks (3.12)	Build pinned Float64 3D contact backend	2026-10-06T00:53:45.0120298Z     1.3565762045869654e-22,
checks (3.12)	Build pinned Float64 3D contact backend	2026-10-06T00:53:45.0120376Z     0.9039284679720933,
checks (3.12)	Build pinned Float64 3D contact backend	2026-10-06T00:53:45.0120448Z     0.6020720426907298,
checks (3.12)	Build pinned Float64 3D contact backend	2026-10-06T00:53:45.0120524Z     13.424974713330947,
checks (3.12)	Build pinned Float64 3D contact backend	2026-10-06T00:53:45.0120596Z     4.0679603376346885,
checks (3.12)	Build pinned Float64 3D contact backend	2026-10-06T00:53:45.0120673Z     0.005500967449879823,
checks (3.12)	Build pinned Float64 3D contact backend	2026-10-06T00:53:45.0120751Z     7.589487297961263,
checks (3.12)	Build pinned Float64 3D contact backend	2026-10-06T00:53:45.0120829Z     0.0014575360782557705,
checks (3.12)	Build pinned Float64 3D contact backend	2026-10-06T00:53:45.0120908Z     0.0023732042558682644,
checks (3.12)	Build pinned Float64 3D contact backend	2026-10-06T00:53:45.0120982Z     5.082197683525802e-21,
checks (3.12)	Build pinned Float64 3D contact backend	2026-10-06T00:53:45.0121064Z     0.0008419242213052407,
checks (3.12)	Build pinned Float64 3D contact backend	2026-10-06T00:53:45.0121137Z     0.6871154598397203,
checks (3.12)	Build pinned Float64 3D contact backend	2026-10-06T00:53:45.0121214Z     5.875964740620162,
checks (3.12)	Build pinned Float64 3D contact backend	2026-10-06T00:53:45.0121285Z     92.46272069637189,
checks (3.12)	Build pinned Float64 3D contact backend	2026-10-06T00:53:45.0121361Z     90.04501740755647,
checks (3.12)	Build pinned Float64 3D contact backend	2026-10-06T00:53:45.0121438Z     89.99436504746909,
checks (3.12)	Build pinned Float64 3D contact backend	2026-10-06T00:53:45.0121510Z     387.6903036008329,
checks (3.12)	Build pinned Float64 3D contact backend	2026-10-06T00:53:45.0121588Z     791.4892217061054,
checks (3.12)	Build pinned Float64 3D contact backend	2026-10-06T00:53:45.0121800Z     531.2090527650861,
checks (3.12)	Build pinned Float64 3D contact backend	2026-10-06T00:53:45.0121883Z     492.001799076352,
checks (3.12)	Build pinned Float64 3D contact backend	2026-10-06T00:53:45.0121955Z     329.4707123084602,
checks (3.12)	Build pinned Float64 3D contact backend	2026-10-06T00:53:45.0122032Z     1371.1963377317345,
checks (3.12)	Build pinned Float64 3D contact backend	2026-10-06T00:53:45.0122103Z     316.4880441432485,
checks (3.12)	Build pinned Float64 3D contact backend	2026-10-06T00:53:45.0122179Z     2496.677000097704,
checks (3.12)	Build pinned Float64 3D contact backend	2026-10-06T00:53:45.0122254Z     428.2194873866262,
checks (3.12)	Build pinned Float64 3D contact backend	2026-10-06T00:53:45.0122330Z     663.2883349270212,
checks (3.12)	Build pinned Float64 3D contact backend	2026-10-06T00:53:45.0122408Z     162.61443863648697,
checks (3.12)	Build pinned Float64 3D contact backend	2026-10-06T00:53:45.0122479Z     518.2728277383503,
checks (3.12)	Build pinned Float64 3D contact backend	2026-10-06T00:53:45.0122562Z     -5.134781488891349e-16,
checks (3.12)	Build pinned Float64 3D contact backend	2026-10-06T00:53:45.0122637Z     -9.332812300755222e-16,
checks (3.12)	Build pinned Float64 3D contact backend	2026-10-06T00:53:45.0122717Z     0.08252866143140625,
checks (3.12)	Build pinned Float64 3D contact backend	2026-10-06T00:53:45.0122795Z     16.035701424633885,
checks (3.12)	Build pinned Float64 3D contact backend	2026-10-06T00:53:45.0122870Z     4.897661205630413e-10,
checks (3.12)	Build pinned Float64 3D contact backend	2026-10-06T00:53:45.0122947Z     4.058258687216973e-09,
checks (3.12)	Build pinned Float64 3D contact backend	2026-10-06T00:53:45.0123021Z     7.663405346500923e-10,
checks (3.12)	Build pinned Float64 3D contact backend	2026-10-06T00:53:45.0123101Z     -5.519893815034843e-10,
checks (3.12)	Build pinned Float64 3D contact backend	2026-10-06T00:53:45.0123177Z     -6.938893903907228e-18,
checks (3.12)	Build pinned Float64 3D contact backend	2026-10-06T00:53:45.0123263Z     6.776263578034403e-21,
checks (3.12)	Build pinned Float64 3D contact backend	2026-10-06T00:53:45.0123336Z     180.81381801139992,
checks (3.12)	Build pinned Float64 3D contact backend	2026-10-06T00:53:45.0123415Z     2.964615315390051e-21,
checks (3.12)	Build pinned Float64 3D contact backend	2026-10-06T00:53:45.0123492Z     83.68432319698891,
checks (3.12)	Build pinned Float64 3D contact backend	2026-10-06T00:53:45.0123567Z     -6.776263578034403e-20,
checks (3.12)	Build pinned Float64 3D contact backend	2026-10-06T00:53:45.0123646Z     0.8963161596597217,
checks (3.12)	Build pinned Float64 3D contact backend	2026-10-06T00:53:45.0123718Z     2417.8541228707895,
checks (3.12)	Build pinned Float64 3D contact backend	2026-10-06T00:53:45.0124049Z     618.0807213979389,
checks (3.12)	Build pinned Float64 3D contact backend	2026-10-06T00:53:45.0124122Z     168.1079571344023,
checks (3.12)	Build pinned Float64 3D contact backend	2026-10-06T00:53:45.0124201Z     82.49188399353518,
checks (3.12)	Build pinned Float64 3D contact backend	2026-10-06T00:53:45.0124273Z     34.42442000212609,
checks (3.12)	Build pinned Float64 3D contact backend	2026-10-06T00:53:45.0124349Z     3.225593229679443,
checks (3.12)	Build pinned Float64 3D contact backend	2026-10-06T00:53:45.0124429Z     6.078123141039647e-21,
checks (3.12)	Build pinned Float64 3D contact backend	2026-10-06T00:53:45.0124501Z     342.99891443640433,
checks (3.12)	Build pinned Float64 3D contact backend	2026-10-06T00:53:45.0124578Z     93.23823325957035,
checks (3.12)	Build pinned Float64 3D contact backend	2026-10-06T00:53:45.0124654Z     -5.551115123125783e-17,
checks (3.12)	Build pinned Float64 3D contact backend	2026-10-06T00:53:45.0124731Z     316.60926684992916,
checks (3.12)	Build pinned Float64 3D contact backend	2026-10-06T00:53:45.0124802Z     752.7036099555659,
checks (3.12)	Build pinned Float64 3D contact backend	2026-10-06T00:53:45.0124878Z     89.5873970649092,
checks (3.12)	Build pinned Float64 3D contact backend	2026-10-06T00:53:45.0124961Z     387.78175187758586,
checks (3.12)	Build pinned Float64 3D contact backend	2026-10-06T00:53:45.0125033Z     1661.3450018815483,
checks (3.12)	Build pinned Float64 3D contact backend	2026-10-06T00:53:45.0125111Z     285.5627220258373,
checks (3.12)	Build pinned Float64 3D contact backend	2026-10-06T00:53:45.0125183Z     286.6185372553826,
checks (3.12)	Build pinned Float64 3D contact backend	2026-10-06T00:53:45.0125262Z     -8.673617379884035e-18,
checks (3.12)	Build pinned Float64 3D contact backend	2026-10-06T00:53:45.0125333Z     5.861959935041495,
checks (3.12)	Build pinned Float64 3D contact backend	2026-10-06T00:53:45.0125409Z     90.29325760622167,
checks (3.12)	Build pinned Float64 3D contact backend	2026-10-06T00:53:45.0125487Z     13.138206115314613,
checks (3.12)	Build pinned Float64 3D contact backend	2026-10-06T00:53:45.0125566Z     330.41940069340075,
checks (3.12)	Build pinned Float64 3D contact backend	2026-10-06T00:53:45.0125643Z     574.3947501932059,
checks (3.12)	Build pinned Float64 3D contact backend	2026-10-06T00:53:45.0125717Z     154.441972268318,
checks (3.12)	Build pinned Float64 3D contact backend	2026-10-06T00:53:45.0125797Z     198.67612052317975,
checks (3.12)	Build pinned Float64 3D contact backend	2026-10-06T00:53:45.0125870Z     20.303981648773053,
checks (3.12)	Build pinned Float64 3D contact backend	2026-10-06T00:53:45.0125950Z     -0.24683613269890162,
checks (3.12)	Build pinned Float64 3D contact backend	2026-10-06T00:53:45.0126024Z     0.07494379272737063,
checks (3.12)	Build pinned Float64 3D contact backend	2026-10-06T00:53:45.0126105Z     -0.08830590796923142,
checks (3.12)	Build pinned Float64 3D contact backend	2026-10-06T00:53:45.0126178Z     0.052579803122049254,
checks (3.12)	Build pinned Float64 3D contact backend	2026-10-06T00:53:45.0126258Z     -0.05108895672042979,
checks (3.12)	Build pinned Float64 3D contact backend	2026-10-06T00:53:45.0126335Z     0.02781427162953594,
checks (3.12)	Build pinned Float64 3D contact backend	2026-10-06T00:53:45.0126533Z     -0.12472275950729973,
checks (3.12)	Build pinned Float64 3D contact backend	2026-10-06T00:53:45.0126610Z     0.0603347076346886,
checks (3.12)	Build pinned Float64 3D contact backend	2026-10-06T00:53:45.0126684Z     -0.0743593390712935,
checks (3.12)	Build pinned Float64 3D contact backend	2026-10-06T00:53:45.0126760Z     0.03427917779851247,
checks (3.12)	Build pinned Float64 3D contact backend	2026-10-06T00:53:45.0126836Z     1.1634215563820216e-06,
checks (3.12)	Build pinned Float64 3D contact backend	2026-10-06T00:53:45.0126917Z     4.001930346379801e-06,
checks (3.12)	Build pinned Float64 3D contact backend	2026-10-06T00:53:45.0126999Z     -1.0061396160665481e-16,
checks (3.12)	Build pinned Float64 3D contact backend	2026-10-06T00:53:45.0127081Z     -4.163336342344337e-17,
checks (3.12)	Build pinned Float64 3D contact backend	2026-10-06T00:53:45.0127161Z     -0.29364203867927724,
checks (3.12)	Build pinned Float64 3D contact backend	2026-10-06T00:53:45.0127235Z     0.2753509049193723,
checks (3.12)	Build pinned Float64 3D contact backend	2026-10-06T00:53:45.0127317Z     0.2259726878936096,
checks (3.12)	Build pinned Float64 3D contact backend	2026-10-06T00:53:45.0127389Z     0.3283768785956804,
checks (3.12)	Build pinned Float64 3D contact backend	2026-10-06T00:53:45.0127468Z     0.25631900220201426,
checks (3.12)	Build pinned Float64 3D contact backend	2026-10-06T00:53:45.0127541Z     0.28375597640868117,
checks (3.12)	Build pinned Float64 3D contact backend	2026-10-06T00:53:45.0127618Z     0.49984526072490876,
checks (3.12)	Build pinned Float64 3D contact backend	2026-10-06T00:53:45.0127695Z     0.1496323341966023,
checks (3.12)	Build pinned Float64 3D contact backend	2026-10-06T00:53:45.0127767Z     0.48463425077385225,
checks (3.12)	Build pinned Float64 3D contact backend	2026-10-06T00:53:45.0127846Z     0.4078909381852278,
checks (3.12)	Build pinned Float64 3D contact backend	2026-10-06T00:53:45.0127919Z     1.1431481064426818,
checks (3.12)	Build pinned Float64 3D contact backend	2026-10-06T00:53:45.0128004Z     0.0033404106994692176,
checks (3.12)	Build pinned Float64 3D contact backend	2026-10-06T00:53:45.0128076Z     2.984014272330348,
checks (3.12)	Build pinned Float64 3D contact backend	2026-10-06T00:53:45.0128153Z     2.148966242428686,
checks (3.12)	Build pinned Float64 3D contact backend	2026-10-06T00:53:45.0128233Z     -5.983653887470402,
checks (3.12)	Build pinned Float64 3D contact backend	2026-10-06T00:53:45.0128307Z     -0.2676934211548956,
checks (3.12)	Build pinned Float64 3D contact backend	2026-10-06T00:53:45.0128385Z     -6.08082440665381,
checks (3.12)	Build pinned Float64 3D contact backend	2026-10-06T00:53:45.0128457Z     2.06240502094589,
checks (3.12)	Build pinned Float64 3D contact backend	2026-10-06T00:53:45.0128538Z     0.14026256156860592,
checks (3.12)	Build pinned Float64 3D contact backend	2026-10-06T00:53:45.0128612Z     -0.3910907607676252,
checks (3.12)	Build pinned Float64 3D contact backend	2026-10-06T00:53:45.0128692Z     -1.567935429195663,
checks (3.12)	Build pinned Float64 3D contact backend	2026-10-06T00:53:45.0128765Z     2.9827672393278903,
checks (3.12)	Build pinned Float64 3D contact backend	2026-10-06T00:53:45.0128842Z     -5.287697618786238,
checks (3.12)	Build pinned Float64 3D contact backend	2026-10-06T00:53:45.0128919Z     9.357214885429574,
checks (3.12)	Build pinned Float64 3D contact backend	2026-10-06T00:53:45.0128992Z     -7.687727025850422,
checks (3.12)	Build pinned Float64 3D contact backend	2026-10-06T00:53:45.0129071Z     0.13030312803555386,
checks (3.12)	Build pinned Float64 3D contact backend	2026-10-06T00:53:45.0129148Z     0.0005661978690076438,
checks (3.12)	Build pinned Float64 3D contact backend	2026-10-06T00:53:45.0129226Z     6.565462237365795e-05,
checks (3.12)	Build pinned Float64 3D contact backend	2026-10-06T00:53:45.0129300Z     -4.157655146554343,
checks (3.12)	Build pinned Float64 3D contact backend	2026-10-06T00:53:45.0129376Z     4.290284474721962,
checks (3.12)	Build pinned Float64 3D contact backend	2026-10-06T00:53:45.0129450Z     -4.411393380096466,
checks (3.12)	Build pinned Float64 3D contact backend	2026-10-06T00:53:45.0129533Z     4.4910540438855575,
checks (3.12)	Build pinned Float64 3D contact backend	2026-10-06T00:53:45.0129609Z     0.178994982470432,
checks (3.12)	Build pinned Float64 3D contact backend	2026-10-06T00:53:45.0129680Z     0.5523665155424119,
checks (3.12)	Build pinned Float64 3D contact backend	2026-10-06T00:53:45.0129758Z     0.05027424300294423,
checks (3.12)	Build pinned Float64 3D contact backend	2026-10-06T00:53:45.0129831Z     0.4024095044897881,
checks (3.12)	Build pinned Float64 3D contact backend	2026-10-06T00:53:45.0129913Z     -1.8781980511791911,
checks (3.12)	Build pinned Float64 3D contact backend	2026-10-06T00:53:45.0130074Z     1.281508558519928,
checks (3.12)	Build pinned Float64 3D contact backend	2026-10-06T00:53:45.0130157Z     -1.6931898850478284,
checks (3.12)	Build pinned Float64 3D contact backend	2026-10-06T00:53:45.0130234Z     8.318630660091902,
checks (3.12)	Build pinned Float64 3D contact backend	2026-10-06T00:53:45.0130307Z     0.008321484409517486,
checks (3.12)	Build pinned Float64 3D contact backend	2026-10-06T00:53:45.0130388Z     -0.0034176105497272266,
checks (3.12)	Build pinned Float64 3D contact backend	2026-10-06T00:53:45.0130461Z     0.00882203458942941,
checks (3.12)	Build pinned Float64 3D contact backend	2026-10-06T00:53:45.0130539Z     -0.0018688314628178596,
checks (3.12)	Build pinned Float64 3D contact backend	2026-10-06T00:53:45.0130611Z     0.00782500920081034,
checks (3.12)	Build pinned Float64 3D contact backend	2026-10-06T00:53:45.0130691Z     -0.003154237775493617,
checks (3.12)	Build pinned Float64 3D contact backend	2026-10-06T00:53:45.0130765Z     0.007148798881006832,
checks (3.12)	Build pinned Float64 3D contact backend	2026-10-06T00:53:45.0130844Z     -0.0027955181763962152,
checks (3.12)	Build pinned Float64 3D contact backend	2026-10-06T00:53:45.0130922Z     -0.2704162854771074,
checks (3.12)	Build pinned Float64 3D contact backend	2026-10-06T00:53:45.0131000Z     -0.516481811414071,
checks (3.12)	Build pinned Float64 3D contact backend	2026-10-06T00:53:45.0131084Z     -0.3705702815963239,
checks (3.12)	Build pinned Float64 3D contact backend	2026-10-06T00:53:45.0131156Z     -1.999043978068823,
checks (3.12)	Build pinned Float64 3D contact backend	2026-10-06T00:53:45.0131233Z     0.29771666376387956,
checks (3.12)	Build pinned Float64 3D contact backend	2026-10-06T00:53:45.0131306Z     -0.322831572455832,
checks (3.12)	Build pinned Float64 3D contact backend	2026-10-06T00:53:45.0131385Z     0.048347517709923286,
checks (3.12)	Build pinned Float64 3D contact backend	2026-10-06T00:53:45.0131459Z     -0.9467423755568436,
checks (3.12)	Build pinned Float64 3D contact backend	2026-10-06T00:53:45.0131546Z     -0.554024469597954,
checks (3.12)	Build pinned Float64 3D contact backend	2026-10-06T00:53:45.0131742Z     0.0771794758039199,
checks (3.12)	Build pinned Float64 3D contact backend	2026-10-06T00:53:45.0131824Z     -0.89440077138746,
checks (3.12)	Build pinned Float64 3D contact backend	2026-10-06T00:53:45.0131905Z     -0.2871800791890677,
checks (3.12)	Build pinned Float64 3D contact backend	2026-10-06T00:53:45.0131979Z     -1.030441870310538,
checks (3.12)	Build pinned Float64 3D contact backend	2026-10-06T00:53:45.0132059Z     -0.43280631005110604,
checks (3.12)	Build pinned Float64 3D contact backend	2026-10-06T00:53:45.0132132Z     -0.9611213432118028,
checks (3.12)	Build pinned Float64 3D contact backend	2026-10-06T00:53:45.0132210Z     -0.3586012489226423,
checks (3.12)	Build pinned Float64 3D contact backend	2026-10-06T00:53:45.0132289Z     0.6864905443603664,
checks (3.12)	Build pinned Float64 3D contact backend	2026-10-06T00:53:45.0132363Z     -0.07681143073170613,
checks (3.12)	Build pinned Float64 3D contact backend	2026-10-06T00:53:45.0132440Z     0.022278141961309242,
checks (3.12)	Build pinned Float64 3D contact backend	2026-10-06T00:53:45.0132513Z     0.12108074979738828,
checks (3.12)	Build pinned Float64 3D contact backend	2026-10-06T00:53:45.0132712Z     7.370872231684129,
checks (3.12)	Build pinned Float64 3D contact backend	2026-10-06T00:53:45.0132785Z     0.31429050060987507,
checks (3.12)	Build pinned Float64 3D contact backend	2026-10-06T00:53:45.0132864Z     -0.002632047383173584,
checks (3.12)	Build pinned Float64 3D contact backend	2026-10-06T00:53:45.0132939Z     -0.0061919598084637095,
checks (3.12)	Build pinned Float64 3D contact backend	2026-10-06T00:53:45.0133018Z     0.03308591388904382,
checks (3.12)	Build pinned Float64 3D contact backend	2026-10-06T00:53:45.0133094Z     0.10421086704695687,
checks (3.12)	Build pinned Float64 3D contact backend	2026-10-06T00:53:45.0133166Z     0.01888399561406567,
checks (3.12)	Build pinned Float64 3D contact backend	2026-10-06T00:53:45.0133248Z     0.06031329146819372,
checks (3.12)	Build pinned Float64 3D contact backend	2026-10-06T00:53:45.0133322Z     -0.076028913553637,
checks (3.12)	Build pinned Float64 3D contact backend	2026-10-06T00:53:45.0133399Z     0.02294087329092054,
checks (3.12)	Build pinned Float64 3D contact backend	2026-10-06T00:53:45.0133473Z     -0.8733999100766567,
checks (3.12)	Build pinned Float64 3D contact backend	2026-10-06T00:53:45.0133550Z     -2.8535487223208587,
checks (3.12)	Build pinned Float64 3D contact backend	2026-10-06T00:53:45.0133621Z     0.37454279891472253,
checks (3.12)	Build pinned Float64 3D contact backend	2026-10-06T00:53:45.0133702Z     0.02809585016957267,
checks (3.12)	Build pinned Float64 3D contact backend	2026-10-06T00:53:45.0133781Z     0.28309516597283846,
checks (3.12)	Build pinned Float64 3D contact backend	2026-10-06T00:53:45.0133855Z     0.07281424439774836,
checks (3.12)	Build pinned Float64 3D contact backend	2026-10-06T00:53:45.0133933Z     0.34396629449064153,
checks (3.12)	Build pinned Float64 3D contact backend	2026-10-06T00:53:45.0134007Z     -0.217232752077343,
checks (3.12)	Build pinned Float64 3D contact backend	2026-10-06T00:53:45.0134086Z     0.6600352078799809,
checks (3.12)	Build pinned Float64 3D contact backend	2026-10-06T00:53:45.0134167Z     -0.11151157165722303,
checks (3.12)	Build pinned Float64 3D contact backend	2026-10-06T00:53:45.0134244Z     0.03447976323321001,
checks (3.12)	Build pinned Float64 3D contact backend	2026-10-06T00:53:45.0134323Z     -0.01784513837408664,
checks (3.12)	Build pinned Float64 3D contact backend	2026-10-06T00:53:45.0134395Z     0.06893220448698363,
checks (3.12)	Build pinned Float64 3D contact backend	2026-10-06T00:53:45.0134474Z     -0.4581729847329317,
checks (3.12)	Build pinned Float64 3D contact backend	2026-10-06T00:53:45.0134546Z     0.06060321018403605,
checks (3.12)	Build pinned Float64 3D contact backend	2026-10-06T00:53:45.0134624Z     -0.3517223405860949,
checks (3.12)	Build pinned Float64 3D contact backend	2026-10-06T00:53:45.0134699Z     0.06665865674551848,
checks (3.12)	Build pinned Float64 3D contact backend	2026-10-06T00:53:45.0134779Z     -0.42909539635562705,
checks (3.12)	Build pinned Float64 3D contact backend	2026-10-06T00:53:45.0134853Z     -0.2925178287655287,
checks (3.12)	Build pinned Float64 3D contact backend	2026-10-06T00:53:45.0134933Z     -0.41836194594659015,
checks (3.12)	Build pinned Float64 3D contact backend	2026-10-06T00:53:45.0135010Z     -0.5502300819274798,
checks (3.12)	Build pinned Float64 3D contact backend	2026-10-06T00:53:45.0135085Z     1.3198532588202443,
checks (3.12)	Build pinned Float64 3D contact backend	2026-10-06T00:53:45.0135163Z     1.7263567032141325,
checks (3.12)	Build pinned Float64 3D contact backend	2026-10-06T00:53:45.0135237Z     -0.8386202080785577,
checks (3.12)	Build pinned Float64 3D contact backend	2026-10-06T00:53:45.0135315Z     0.2505664287765784,
checks (3.12)	Build pinned Float64 3D contact backend	2026-10-06T00:53:45.0135396Z     -0.6962991135650282,
checks (3.12)	Build pinned Float64 3D contact backend	2026-10-06T00:53:45.0135481Z     -0.9766751097108844,
checks (3.12)	Build pinned Float64 3D contact backend	2026-10-06T00:53:45.0135563Z     1.8549774309339364,
checks (3.12)	Build pinned Float64 3D contact backend	2026-10-06T00:53:45.0135644Z     -0.2936113314432283,
checks (3.12)	Build pinned Float64 3D contact backend	2026-10-06T00:53:45.0135723Z     1.907779604371848,
checks (3.12)	Build pinned Float64 3D contact backend	2026-10-06T00:53:45.0135799Z     -0.5744555880667581,
checks (3.12)	Build pinned Float64 3D contact backend	2026-10-06T00:53:45.0135879Z     1.886069881596205,
checks (3.12)	Build pinned Float64 3D contact backend	2026-10-06T00:53:45.0135953Z     2.5201694599532187,
checks (3.12)	Build pinned Float64 3D contact backend	2026-10-06T00:53:45.0136031Z     0.03895786072563198,
checks (3.12)	Build pinned Float64 3D contact backend	2026-10-06T00:53:45.0136106Z     2.645884633657497,
checks (3.12)	Build pinned Float64 3D contact backend	2026-10-06T00:53:45.0136312Z     -0.25572100835064265,
checks (3.12)	Build pinned Float64 3D contact backend	2026-10-06T00:53:45.0136394Z     2.6044444805873126,
checks (3.12)	Build pinned Float64 3D contact backend	2026-10-06T00:53:45.0136471Z     -0.1585843789488746,
checks (3.12)	Build pinned Float64 3D contact backend	2026-10-06T00:53:45.0136553Z     0.9893970678386252,
checks (3.12)	Build pinned Float64 3D contact backend	2026-10-06T00:53:45.0136626Z     0.39703942640726003,
checks (3.12)	Build pinned Float64 3D contact backend	2026-10-06T00:53:45.0136705Z     0.9620035092222221,
checks (3.12)	Build pinned Float64 3D contact backend	2026-10-06T00:53:45.0136780Z     0.47391884836473763,
checks (3.12)	Build pinned Float64 3D contact backend	2026-10-06T00:53:45.0136860Z     0.9501153890239786,
checks (3.12)	Build pinned Float64 3D contact backend	2026-10-06T00:53:45.0136933Z     0.5072827643114391,
checks (3.12)	Build pinned Float64 3D contact backend	2026-10-06T00:53:45.0137012Z     0.97231442528575,
checks (3.12)	Build pinned Float64 3D contact backend	2026-10-06T00:53:45.0137089Z     0.4449815060419059,
checks (3.12)	Build pinned Float64 3D contact backend	2026-10-06T00:53:45.0137164Z     -0.12810164069141916,
checks (3.12)	Build pinned Float64 3D contact backend	2026-10-06T00:53:45.0137244Z     -0.15976233449485622,
checks (3.12)	Build pinned Float64 3D contact backend	2026-10-06T00:53:45.0137323Z     -0.22290193136743966,
checks (3.12)	Build pinned Float64 3D contact backend	2026-10-06T00:53:45.0137403Z     -0.23626804925657577,
checks (3.12)	Build pinned Float64 3D contact backend	2026-10-06T00:53:45.0137478Z     -0.059694355546419775,
checks (3.12)	Build pinned Float64 3D contact backend	2026-10-06T00:53:45.0137559Z     -0.10455629865185236,
checks (3.12)	Build pinned Float64 3D contact backend	2026-10-06T00:53:45.0137642Z     -0.1955770648877131,
checks (3.12)	Build pinned Float64 3D contact backend	2026-10-06T00:53:45.0137717Z     -0.005023392881471445,
checks (3.12)	Build pinned Float64 3D contact backend	2026-10-06T00:53:45.0137802Z     -2.371814317340376,
checks (3.12)	Build pinned Float64 3D contact backend	2026-10-06T00:53:45.0137877Z     -3.381774100443825,
checks (3.12)	Build pinned Float64 3D contact backend	2026-10-06T00:53:45.0137956Z     -2.7400628454738505,
checks (3.12)	Build pinned Float64 3D contact backend	2026-10-06T00:53:45.0138028Z     -3.19711253211786,
checks (3.12)	Build pinned Float64 3D contact backend	2026-10-06T00:53:45.0138111Z     -5.437181338721574,
checks (3.12)	Build pinned Float64 3D contact backend	2026-10-06T00:53:45.0138187Z     -2.3040771778531206,
checks (3.12)	Build pinned Float64 3D contact backend	2026-10-06T00:53:45.0138267Z     -5.614038450132597,
checks (3.12)	Build pinned Float64 3D contact backend	2026-10-06T00:53:45.0138347Z     -2.7472890713071716,
checks (3.12)	Build pinned Float64 3D contact backend	2026-10-06T00:53:45.0138422Z     -5.799299170600654,
checks (3.12)	Build pinned Float64 3D contact backend	2026-10-06T00:53:45.0138500Z     -3.2386282001267794,
checks (3.12)	Build pinned Float64 3D contact backend	2026-10-06T00:53:45.0138573Z     0.12547556013705413,
checks (3.12)	Build pinned Float64 3D contact backend	2026-10-06T00:53:45.0138651Z     0.05394403302177717,
checks (3.12)	Build pinned Float64 3D contact backend	2026-10-06T00:53:45.0138724Z     0.23752296709910564,
checks (3.12)	Build pinned Float64 3D contact backend	2026-10-06T00:53:45.0138926Z     0.039506244505447895,
checks (3.12)	Build pinned Float64 3D contact backend	2026-10-06T00:53:45.0139006Z     0.1994707001437219,
checks (3.12)	Build pinned Float64 3D contact backend	2026-10-06T00:53:45.0139085Z     0.06912343036705985,
checks (3.12)	Build pinned Float64 3D contact backend	2026-10-06T00:53:45.0146615Z     0.15527020725167595,
checks (3.12)	Build pinned Float64 3D contact backend	2026-10-06T00:53:45.0146743Z     0.06502515848881699,
checks (3.12)	Build pinned Float64 3D contact backend	2026-10-06T00:53:45.0146820Z     4.032727592678656,
checks (3.12)	Build pinned Float64 3D contact backend	2026-10-06T00:53:45.0146910Z     6.498875121713189,
checks (3.12)	Build pinned Float64 3D contact backend	2026-10-06T00:53:45.0146981Z     1.187409430314217,
checks (3.12)	Build pinned Float64 3D contact backend	2026-10-06T00:53:45.0147060Z     5.7971442234011805,
checks (3.12)	Build pinned Float64 3D contact backend	2026-10-06T00:53:45.0147133Z     0.6557555789451777,
checks (3.12)	Build pinned Float64 3D contact backend	2026-10-06T00:53:45.0147208Z     8.207333667643384,
checks (3.12)	Build pinned Float64 3D contact backend	2026-10-06T00:53:45.0147289Z     -2.365977826242422,
checks (3.12)	Build pinned Float64 3D contact backend	2026-10-06T00:53:45.0147360Z     1.1625500231750767,
checks (3.12)	Build pinned Float64 3D contact backend	2026-10-06T00:53:45.0147441Z     -2.8520545783795828,
checks (3.12)	Build pinned Float64 3D contact backend	2026-10-06T00:53:45.0147513Z     0.7482713502495729,
checks (3.12)	Build pinned Float64 3D contact backend	2026-10-06T00:53:45.0147590Z     -2.739119646628469,
checks (3.12)	Build pinned Float64 3D contact backend	2026-10-06T00:53:45.0147661Z     1.7282082438872357,
checks (3.12)	Build pinned Float64 3D contact backend	2026-10-06T00:53:45.0147743Z     -0.27070408959297043,
checks (3.12)	Build pinned Float64 3D contact backend	2026-10-06T00:53:45.0147816Z     6.47123607944237,
checks (3.12)	Build pinned Float64 3D contact backend	2026-10-06T00:53:45.0147901Z     -0.550725700294887,
checks (3.12)	Build pinned Float64 3D contact backend	2026-10-06T00:53:45.0147980Z     -2.1894476146914745,
checks (3.12)	Build pinned Float64 3D contact backend	2026-10-06T00:53:45.0148055Z     0.7584332782012704,
checks (3.12)	Build pinned Float64 3D contact backend	2026-10-06T00:53:45.0148136Z     -0.24082032039067744,
checks (3.12)	Build pinned Float64 3D contact backend	2026-10-06T00:53:45.0148207Z     0.7870614334724775,
checks (3.12)	Build pinned Float64 3D contact backend	2026-10-06T00:53:45.0148285Z     -1.2571317434552813,
checks (3.12)	Build pinned Float64 3D contact backend	2026-10-06T00:53:45.0148357Z     0.7713506811827608,
checks (3.12)	Build pinned Float64 3D contact backend	2026-10-06T00:53:45.0148441Z     -0.7116436294704862,
checks (3.12)	Build pinned Float64 3D contact backend	2026-10-06T00:53:45.0148513Z     1.4145564079831934,
checks (3.12)	Build pinned Float64 3D contact backend	2026-10-06T00:53:45.0148591Z     -1.4198358063984529,
checks (3.12)	Build pinned Float64 3D contact backend	2026-10-06T00:53:45.0148677Z     -8.346295714018598e-12,
checks (3.12)	Build pinned Float64 3D contact backend	2026-10-06T00:53:45.0148755Z     -6.163629281442928e-10,
checks (3.12)	Build pinned Float64 3D contact backend	2026-10-06T00:53:45.0148835Z     2.482396623329497e-11,
checks (3.12)	Build pinned Float64 3D contact backend	2026-10-06T00:53:45.0148912Z     -5.994486972776825e-10,
checks (3.12)	Build pinned Float64 3D contact backend	2026-10-06T00:53:45.0148997Z     1.3849908405468708e-10,
checks (3.12)	Build pinned Float64 3D contact backend	2026-10-06T00:53:45.0149071Z     -5.439034756436756e-10,
checks (3.12)	Build pinned Float64 3D contact backend	2026-10-06T00:53:45.0149151Z     8.51523233435375e-11,
checks (3.12)	Build pinned Float64 3D contact backend	2026-10-06T00:53:45.0149230Z     -5.570345547670219e-10,
checks (3.12)	Build pinned Float64 3D contact backend	2026-10-06T00:53:45.0149306Z     -0.093325481092184,
checks (3.12)	Build pinned Float64 3D contact backend	2026-10-06T00:53:45.0149389Z     1.365486586019794,
checks (3.12)	Build pinned Float64 3D contact backend	2026-10-06T00:53:45.0149461Z     0.3088456106129851,
checks (3.12)	Build pinned Float64 3D contact backend	2026-10-06T00:53:45.0149538Z     2.8792306085176658,
checks (3.12)	Build pinned Float64 3D contact backend	2026-10-06T00:53:45.0149612Z     -1.1562995294352283,
checks (3.12)	Build pinned Float64 3D contact backend	2026-10-06T00:53:45.0149689Z     1.6135780270602158,
checks (3.12)	Build pinned Float64 3D contact backend	2026-10-06T00:53:45.0149762Z     3.9086217164850074,
checks (3.12)	Build pinned Float64 3D contact backend	2026-10-06T00:53:45.0150019Z     -2.954267491299825,
checks (3.12)	Build pinned Float64 3D contact backend	2026-10-06T00:53:45.0150099Z     -0.2366739658424066,
checks (3.12)	Build pinned Float64 3D contact backend	2026-10-06T00:53:45.0150175Z     -0.048864941606352415,
checks (3.12)	Build pinned Float64 3D contact backend	2026-10-06T00:53:45.0150252Z     4.1431337952608445,
checks (3.12)	Build pinned Float64 3D contact backend	2026-10-06T00:53:45.0150326Z     -7.213853068419408,
checks (3.12)	Build pinned Float64 3D contact backend	2026-10-06T00:53:45.0150406Z     -0.1704090899888576,
checks (3.12)	Build pinned Float64 3D contact backend	2026-10-06T00:53:45.0150480Z     -0.09286755479150116,
checks (3.12)	Build pinned Float64 3D contact backend	2026-10-06T00:53:45.0150557Z     2.0162819304854076,
checks (3.12)	Build pinned Float64 3D contact backend	2026-10-06T00:53:45.0150635Z     -2.3117352606185166,
checks (3.12)	Build pinned Float64 3D contact backend	2026-10-06T00:53:45.0150708Z     1.9293580518558258,
checks (3.12)	Build pinned Float64 3D contact backend	2026-10-06T00:53:45.0150785Z     -2.11442247990761,
checks (3.12)	Build pinned Float64 3D contact backend	2026-10-06T00:53:45.0150859Z     -0.1781861488738136,
checks (3.12)	Build pinned Float64 3D contact backend	2026-10-06T00:53:45.0150937Z     -1.2311707575033926,
checks (3.12)	Build pinned Float64 3D contact backend	2026-10-06T00:53:45.0151015Z     -4.68388494696995,
checks (3.12)	Build pinned Float64 3D contact backend	2026-10-06T00:53:45.0151093Z     -1.7348048486367518,
checks (3.12)	Build pinned Float64 3D contact backend	2026-10-06T00:53:45.0151166Z     -4.367042291433015,
checks (3.12)	Build pinned Float64 3D contact backend	2026-10-06T00:53:45.0151246Z     -2.1746249941115776,
checks (3.12)	Build pinned Float64 3D contact backend	2026-10-06T00:53:45.0151324Z     -4.163366314275941,
checks (3.12)	Build pinned Float64 3D contact backend	2026-10-06T00:53:45.0151397Z     -2.3043683582035097,
checks (3.12)	Build pinned Float64 3D contact backend	2026-10-06T00:53:45.0151477Z     -4.286518911419315,
checks (3.12)	Build pinned Float64 3D contact backend	2026-10-06T00:53:45.0151556Z     -1.691131519371685,
checks (3.12)	Build pinned Float64 3D contact backend	2026-10-06T00:53:45.0151813Z     -1.4328775587542557,
checks (3.12)	Build pinned Float64 3D contact backend	2026-10-06T00:53:45.0151891Z     1.8246928664589497,
checks (3.12)	Build pinned Float64 3D contact backend	2026-10-06T00:53:45.0151969Z     0.27508952837360906,
checks (3.12)	Build pinned Float64 3D contact backend	2026-10-06T00:53:45.0152042Z     2.0125229297480143,
checks (3.12)	Build pinned Float64 3D contact backend	2026-10-06T00:53:45.0152120Z     0.11696696887717412,
checks (3.12)	Build pinned Float64 3D contact backend	2026-10-06T00:53:45.0152198Z     2.1418878496427753,
checks (3.12)	Build pinned Float64 3D contact backend	2026-10-06T00:53:45.0152270Z     0.18229920243776912,
checks (3.12)	Build pinned Float64 3D contact backend	2026-10-06T00:53:45.0152349Z     -1.4751229604014442,
checks (3.12)	Build pinned Float64 3D contact backend	2026-10-06T00:53:45.0152420Z     3.1038931354194728,
checks (3.12)	Build pinned Float64 3D contact backend	2026-10-06T00:53:45.0152497Z     6.1228291331497875,
checks (3.12)	Build pinned Float64 3D contact backend	2026-10-06T00:53:45.0152572Z     -0.21072243875351632,
checks (3.12)	Build pinned Float64 3D contact backend	2026-10-06T00:53:45.0152776Z     -0.4639692900785684,
checks (3.12)	Build pinned Float64 3D contact backend	2026-10-06T00:53:45.0152855Z     -0.05202273509481246,
checks (3.12)	Build pinned Float64 3D contact backend	2026-10-06T00:53:45.0152929Z     -0.1546561788409729,
checks (3.12)	Build pinned Float64 3D contact backend	2026-10-06T00:53:45.0153006Z     0.16816673300721158,
checks (3.12)	Build pinned Float64 3D contact backend	2026-10-06T00:53:45.0153082Z     -0.14312118643929525,
checks (3.12)	Build pinned Float64 3D contact backend	2026-10-06T00:53:45.0153161Z     -0.10657982660833212,
checks (3.12)	Build pinned Float64 3D contact backend	2026-10-06T00:53:45.0153233Z     -0.2636828778021777,
checks (3.12)	Build pinned Float64 3D contact backend	2026-10-06T00:53:45.0153315Z     -0.3254655885628972,
checks (3.12)	Build pinned Float64 3D contact backend	2026-10-06T00:53:45.0153389Z     -2.758813446299075,
checks (3.12)	Build pinned Float64 3D contact backend	2026-10-06T00:53:45.0153466Z     0.31119366471760795,
checks (3.12)	Build pinned Float64 3D contact backend	2026-10-06T00:53:45.0153543Z     1.7911333130768012,
checks (3.12)	Build pinned Float64 3D contact backend	2026-10-06T00:53:45.0153615Z     5.6038143816789585,
checks (3.12)	Build pinned Float64 3D contact backend	2026-10-06T00:53:45.0153692Z     1.2409929919594183,
checks (3.12)	Build pinned Float64 3D contact backend	2026-10-06T00:53:45.0153764Z     4.624346801838368,
checks (3.12)	Build pinned Float64 3D contact backend	2026-10-06T00:53:45.0153840Z     0.5578457513112252,
checks (3.12)	Build pinned Float64 3D contact backend	2026-10-06T00:53:45.0153912Z     2.450568330471996,
checks (3.12)	Build pinned Float64 3D contact backend	2026-10-06T00:53:45.0153992Z     -0.9132926004721502,
checks (3.12)	Build pinned Float64 3D contact backend	2026-10-06T00:53:45.0154064Z     1.5918169655766636,
checks (3.12)	Build pinned Float64 3D contact backend	2026-10-06T00:53:45.0154145Z     -1.4393569144027307,
checks (3.12)	Build pinned Float64 3D contact backend	2026-10-06T00:53:45.0154227Z     0.3390618546969803,
checks (3.12)	Build pinned Float64 3D contact backend	2026-10-06T00:53:45.0154299Z     0.6560790493705149,
checks (3.12)	Build pinned Float64 3D contact backend	2026-10-06T00:53:45.0154378Z     -0.5177207126718762,
checks (3.12)	Build pinned Float64 3D contact backend	2026-10-06T00:53:45.0154452Z     -0.30590567471846536,
checks (3.12)	Build pinned Float64 3D contact backend	2026-10-06T00:53:45.0154529Z     2.3289676057616098,
checks (3.12)	Build pinned Float64 3D contact backend	2026-10-06T00:53:45.0154602Z     1.3519866316384939,
checks (3.12)	Build pinned Float64 3D contact backend	2026-10-06T00:53:45.0154684Z     -0.002591051440308365,
checks (3.12)	Build pinned Float64 3D contact backend	2026-10-06T00:53:45.0154765Z     0.035608344069374215
checks (3.12)	Build pinned Float64 3D contact backend	2026-10-06T00:53:45.0154833Z   ]
checks (3.12)	Build pinned Float64 3D contact backend	2026-10-06T00:53:45.0154911Z }
checks (3.12)	Build pinned Float64 3D contact backend	2026-10-06T00:53:45.0165668Z ##[error]Process completed with exit code 2.
